AAdist A 0.000 4.000 4.000 4.000 4.000 4.000 4.000 4.000 4.000 4.000 4.000 4.000 4.000 4.000 4.000 3.000 4.000 4.000 4.000 4.000
AAdist C 4.000 0.000 4.000 4.000 4.000 4.000 4.000 4.000 4.000 4.000 4.000 4.000 4.000 4.000 4.000 4.000 4.000 4.000 4.000 4.000
AAdist D 4.000 4.000 0.000 2.000 4.000 4.000 4.000 4.000 4.000 4.000 4.000 3.000 4.000 4.000 4.000 4.000 4.000 4.000 4.000 4.000
AAdist E 4.000 4.000 2.000 0.000 4.000 4.000 4.000 4.000 3.000 4.000 4.000 4.000 4.000 2.000 4.000 4.000 4.000 4.000 4.000 4.000
AAdist F 4.000 4.000 4.000 4.000 0.000 4.000 4.000 4.000 4.000 4.000 4.000 4.000 4.000 4.000 4.000 4.000 4.000 4.000 3.000 1.000
AAdist G 4.000 4.000 4.000 4.000 4.000 0.000 4.000 4.000 4.000 4.000 4.000 4.000 4.000 4.000 4.000 4.000 4.000 4.000 4.000 4.000
AAdist H 4.000 4.000 4.000 4.000 4.000 4.000 0.000 4.000 4.000 4.000 4.000 3.000 4.000 4.000 4.000 4.000 4.000 4.000 4.000 2.000
AAdist I 4.000 4.000 4.000 4.000 4.000 4.000 4.000 0.000 4.000 2.000 3.000 4.000 4.000 4.000 4.000 4.000 4.000 1.000 4.000 4.000
AAdist K 4.000 4.000 4.000 3.000 4.000 4.000 4.000 4.000 0.000 4.000 4.000 4.000 4.000 3.000 2.000 4.000 4.000 4.000 4.000 4.000
AAdist L 4.000 4.000 4.000 4.000 4.000 4.000 4.000 2.000 4.000 0.000 2.000 4.000 4.000 4.000 4.000 4.000 4.000 3.000 4.000 4.000
AAdist M 4.000 4.000 4.000 4.000 4.000 4.000 4.000 3.000 4.000 2.000 0.000 4.000 4.000 4.000 4.000 4.000 4.000 3.000 4.000 4.000
AAdist N 4.000 4.000 3.000 4.000 4.000 4.000 3.000 4.000 4.000 4.000 4.000 0.000 4.000 4.000 4.000 3.000 4.000 4.000 4.000 4.000
AAdist P 4.000 4.000 4.000 4.000 4.000 4.000 4.000 4.000 4.000 4.000 4.000 4.000 0.000 4.000 4.000 4.000 4.000 4.000 4.000 4.000
AAdist Q 4.000 4.000 4.000 2.000 4.000 4.000 4.000 4.000 3.000 4.000 4.000 4.000 4.000 0.000 3.000 4.000 4.000 4.000 4.000 4.000
AAdist R 4.000 4.000 4.000 4.000 4.000 4.000 4.000 4.000 2.000 4.000 4.000 4.000 4.000 3.000 0.000 4.000 4.000 4.000 4.000 4.000
AAdist S 3.000 4.000 4.000 4.000 4.000 4.000 4.000 4.000 4.000 4.000 4.000 3.000 4.000 4.000 4.000 0.000 3.000 4.000 4.000 4.000
AAdist T 4.000 4.000 4.000 4.000 4.000 4.000 4.000 4.000 4.000 4.000 4.000 4.000 4.000 4.000 4.000 3.000 0.000 4.000 4.000 4.000
AAdist V 4.000 4.000 4.000 4.000 4.000 4.000 4.000 1.000 4.000 3.000 3.000 4.000 4.000 4.000 4.000 4.000 4.000 0.000 4.000 4.000
AAdist W 4.000 4.000 4.000 4.000 3.000 4.000 4.000 4.000 4.000 4.000 4.000 4.000 4.000 4.000 4.000 4.000 4.000 4.000 0.000 2.000
AAdist Y 4.000 4.000 4.000 4.000 1.000 4.000 2.000 4.000 4.000 4.000 4.000 4.000 4.000 4.000 4.000 4.000 4.000 4.000 2.000 0.000
num_VA_genes 183
VAdist IGKV2-10*01 0.000 3.000 3.000 7.000 7.000 7.000 7.000 7.000 7.000 9.000 5.000 5.000 2.000 2.000 2.000 2.000 18.000 18.000 18.000 11.000 11.000 11.000 4.000 4.000 7.000 7.000 7.000 7.000 0.000 0.000 3.000 3.000 3.000 3.000 0.000 0.000 0.000 3.000 3.000 3.000 3.000 3.000 3.000 3.000 3.000 3.000 5.000 3.000 5.000 0.000 0.000 7.000 37.000 37.000 37.000 37.000 38.000 38.000 29.000 53.000 53.000 57.000 56.000 48.000 42.000 48.000 49.000 61.000 61.000 49.000 57.000 45.000 51.000 45.000 54.000 44.000 65.000 57.000 45.000 50.000 57.000 53.000 54.000 50.000 57.000 45.000 48.000 57.000 52.000 56.000 42.000 45.000 57.000 50.000 54.000 57.000 57.000 52.000 61.000 57.000 45.000 48.000 56.000 49.000 53.000 59.000 52.000 57.000 57.000 49.000 51.000 57.000 48.000 68.000 61.000 57.000 49.000 57.000 49.000 49.000 57.000 52.000 61.000 50.000 57.000 63.000 51.000 45.000 51.000 53.000 42.000 52.000 46.000 54.000 52.000 57.000 52.000 59.000 60.000 59.000 55.000 55.000 62.000 51.000 60.000 59.000 55.000 59.000 55.000 54.000 64.000 59.000 49.000 55.000 60.000 57.000 72.000 72.000 72.000 67.000 72.000 71.000 79.000 87.000 87.000 85.000 57.000 58.000 54.000 63.000 51.000 52.000 54.000 57.000 54.000 54.000 57.000 59.000 57.000 57.000 57.000 54.000 54.000
VAdist IGKV2-10*02 3.000 0.000 0.000 4.000 4.000 4.000 4.000 4.000 4.000 6.000 2.000 2.000 5.000 5.000 5.000 5.000 21.000 21.000 21.000 8.000 8.000 8.000 7.000 7.000 4.000 4.000 4.000 4.000 3.000 3.000 0.000 0.000 0.000 0.000 3.000 3.000 3.000 0.000 0.000 0.000 0.000 0.000 0.000 0.000 0.000 0.000 2.000 0.000 2.000 3.000 3.000 4.000 37.000 37.000 37.000 37.000 38.000 38.000 26.000 53.000 53.000 57.000 56.000 48.000 42.000 48.000 49.000 61.000 61.000 49.000 57.000 45.000 51.000 45.000 54.000 44.000 65.000 57.000 45.000 50.000 57.000 53.000 54.000 50.000 57.000 45.000 48.000 57.000 52.000 56.000 42.000 45.000 57.000 50.000 54.000 57.000 57.000 52.000 61.000 57.000 45.000 48.000 56.000 49.000 53.000 59.000 52.000 57.000 57.000 49.000 51.000 57.000 48.000 68.000 61.000 57.000 49.000 57.000 49.000 49.000 57.000 52.000 61.000 50.000 57.000 65.000 51.000 45.000 51.000 53.000 42.000 52.000 46.000 54.000 52.000 57.000 52.000 59.000 60.000 59.000 55.000 55.000 62.000 51.000 60.000 59.000 55.000 59.000 55.000 54.000 64.000 59.000 49.000 55.000 60.000 57.000 72.000 72.000 72.000 67.000 72.000 71.000 79.000 87.000 87.000 85.000 57.000 58.000 54.000 63.000 51.000 52.000 54.000 57.000 54.000 54.000 57.000 59.000 57.000 57.000 57.000 54.000 54.000
VAdist IGKV2-10*03 3.000 0.000 0.000 4.000 4.000 4.000 4.000 4.000 4.000 6.000 2.000 2.000 5.000 5.000 5.000 5.000 21.000 21.000 21.000 8.000 8.000 8.000 7.000 7.000 4.000 4.000 4.000 4.000 3.000 3.000 0.000 0.000 0.000 0.000 3.000 3.000 3.000 0.000 0.000 0.000 0.000 0.000 0.000 0.000 0.000 0.000 2.000 0.000 2.000 3.000 3.000 4.000 37.000 37.000 37.000 37.000 38.000 38.000 26.000 53.000 53.000 57.000 56.000 48.000 42.000 48.000 49.000 61.000 61.000 49.000 57.000 45.000 51.000 45.000 54.000 44.000 65.000 57.000 45.000 50.000 57.000 53.000 54.000 50.000 57.000 45.000 48.000 57.000 52.000 56.000 42.000 45.000 57.000 50.000 54.000 57.000 57.000 52.000 61.000 57.000 45.000 48.000 56.000 49.000 53.000 59.000 52.000 57.000 57.000 49.000 51.000 57.000 48.000 68.000 61.000 57.000 49.000 57.000 49.000 49.000 57.000 52.000 61.000 50.000 57.000 65.000 51.000 45.000 51.000 53.000 42.000 52.000 46.000 54.000 52.000 57.000 52.000 59.000 60.000 59.000 55.000 55.000 62.000 51.000 60.000 59.000 55.000 59.000 55.000 54.000 64.000 59.000 49.000 55.000 60.000 57.000 72.000 72.000 72.000 67.000 72.000 71.000 79.000 87.000 87.000 85.000 57.000 58.000 54.000 63.000 51.000 52.000 54.000 57.000 54.000 54.000 57.000 59.000 57.000 57.000 57.000 54.000 54.000
VAdist IGKV2-11*01 7.000 4.000 4.000 0.000 0.000 0.000 0.000 0.000 0.000 8.000 4.000 4.000 7.000 7.000 7.000 7.000 22.000 22.000 22.000 4.000 4.000 4.000 3.000 3.000 0.000 0.000 0.000 0.000 7.000 7.000 4.000 4.000 4.000 4.000 7.000 7.000 7.000 4.000 4.000 4.000 4.000 4.000 4.000 4.000 4.000 4.000 4.000 4.000 4.000 7.000 7.000 0.000 37.000 37.000 37.000 37.000 34.000 34.000 22.000 53.000 53.000 57.000 56.000 48.000 42.000 48.000 49.000 61.000 61.000 49.000 57.000 45.000 50.000 45.000 54.000 44.000 65.000 57.000 45.000 50.000 57.000 53.000 54.000 50.000 57.000 45.000 50.000 57.000 52.000 56.000 42.000 45.000 57.000 50.000 54.000 57.000 57.000 52.000 61.000 57.000 45.000 48.000 56.000 49.000 53.000 55.000 52.000 57.000 57.000 49.000 51.000 57.000 48.000 68.000 61.000 57.000 49.000 57.000 49.000 49.000 57.000 52.000 61.000 50.000 57.000 65.000 51.000 45.000 50.000 53.000 42.000 52.000 46.000 54.000 52.000 57.000 52.000 59.000 60.000 59.000 59.000 59.000 62.000 55.000 60.000 59.000 59.000 59.000 59.000 55.000 64.000 59.000 51.000 59.000 60.000 59.000 71.000 71.000 71.000 71.000 71.000 70.000 79.000 87.000 87.000 85.000 57.000 58.000 56.000 63.000 51.000 54.000 54.000 57.000 54.000 54.000 57.000 59.000 57.000 57.000 57.000 54.000 54.000
VAdist IGKV2-11*02 7.000 4.000 4.000 0.000 0.000 0.000 0.000 0.000 0.000 8.000 4.000 4.000 7.000 7.000 7.000 7.000 22.000 22.000 22.000 4.000 4.000 4.000 3.000 3.000 0.000 0.000 0.000 0.000 7.000 7.000 4.000 4.000 4.000 4.000 7.000 7.000 7.000 4.000 4.000 4.000 4.000 4.000 4.000 4.000 4.000 4.000 4.000 4.000 4.000 7.000 7.000 0.000 37.000 37.000 37.000 37.000 34.000 34.000 22.000 53.000 53.000 57.000 56.000 48.000 42.000 48.000 49.000 61.000 61.000 49.000 57.000 45.000 50.000 45.000 54.000 44.000 65.000 57.000 45.000 50.000 57.000 53.000 54.000 50.000 57.000 45.000 50.000 57.000 52.000 56.000 42.000 45.000 57.000 50.000 54.000 57.000 57.000 52.000 61.000 57.000 45.000 48.000 56.000 49.000 53.000 55.000 52.000 57.000 57.000 49.000 51.000 57.000 48.000 68.000 61.000 57.000 49.000 57.000 49.000 49.000 57.000 52.000 61.000 50.000 57.000 65.000 51.000 45.000 50.000 53.000 42.000 52.000 46.000 54.000 52.000 57.000 52.000 59.000 60.000 59.000 59.000 59.000 62.000 55.000 60.000 59.000 59.000 59.000 59.000 55.000 64.000 59.000 51.000 59.000 60.000 59.000 71.000 71.000 71.000 71.000 71.000 70.000 79.000 87.000 87.000 85.000 57.000 58.000 56.000 63.000 51.000 54.000 54.000 57.000 54.000 54.000 57.000 59.000 57.000 57.000 57.000 54.000 54.000
VAdist IGKV2-11*03 7.000 4.000 4.000 0.000 0.000 0.000 0.000 0.000 0.000 8.000 4.000 4.000 7.000 7.000 7.000 7.000 22.000 22.000 22.000 4.000 4.000 4.000 3.000 3.000 0.000 0.000 0.000 0.000 7.000 7.000 4.000 4.000 4.000 4.000 7.000 7.000 7.000 4.000 4.000 4.000 4.000 4.000 4.000 4.000 4.000 4.000 4.000 4.000 4.000 7.000 7.000 0.000 37.000 37.000 37.000 37.000 34.000 34.000 22.000 53.000 53.000 57.000 56.000 48.000 42.000 48.000 49.000 61.000 61.000 49.000 57.000 45.000 50.000 45.000 54.000 44.000 65.000 57.000 45.000 50.000 57.000 53.000 54.000 50.000 57.000 45.000 50.000 57.000 52.000 56.000 42.000 45.000 57.000 50.000 54.000 57.000 57.000 52.000 61.000 57.000 45.000 48.000 56.000 49.000 53.000 55.000 52.000 57.000 57.000 49.000 51.000 57.000 48.000 68.000 61.000 57.000 49.000 57.000 49.000 49.000 57.000 52.000 61.000 50.000 57.000 65.000 51.000 45.000 50.000 53.000 42.000 52.000 46.000 54.000 52.000 57.000 52.000 59.000 60.000 59.000 59.000 59.000 62.000 55.000 60.000 59.000 59.000 59.000 59.000 55.000 64.000 59.000 51.000 59.000 60.000 59.000 71.000 71.000 71.000 71.000 71.000 70.000 79.000 87.000 87.000 85.000 57.000 58.000 56.000 63.000 51.000 54.000 54.000 57.000 54.000 54.000 57.000 59.000 57.000 57.000 57.000 54.000 54.000
VAdist IGKV2-11*04 7.000 4.000 4.000 0.000 0.000 0.000 0.000 0.000 0.000 8.000 4.000 4.000 7.000 7.000 7.000 7.000 22.000 22.000 22.000 4.000 4.000 4.000 3.000 3.000 0.000 0.000 0.000 0.000 7.000 7.000 4.000 4.000 4.000 4.000 7.000 7.000 7.000 4.000 4.000 4.000 4.000 4.000 4.000 4.000 4.000 4.000 4.000 4.000 4.000 7.000 7.000 0.000 37.000 37.000 37.000 37.000 34.000 34.000 22.000 53.000 53.000 57.000 56.000 48.000 42.000 48.000 49.000 61.000 61.000 49.000 57.000 45.000 50.000 45.000 54.000 44.000 65.000 57.000 45.000 50.000 57.000 53.000 54.000 50.000 57.000 45.000 50.000 57.000 52.000 56.000 42.000 45.000 57.000 50.000 54.000 57.000 57.000 52.000 61.000 57.000 45.000 48.000 56.000 49.000 53.000 55.000 52.000 57.000 57.000 49.000 51.000 57.000 48.000 68.000 61.000 57.000 49.000 57.000 49.000 49.000 57.000 52.000 61.000 50.000 57.000 65.000 51.000 45.000 50.000 53.000 42.000 52.000 46.000 54.000 52.000 57.000 52.000 59.000 60.000 59.000 59.000 59.000 62.000 55.000 60.000 59.000 59.000 59.000 59.000 55.000 64.000 59.000 51.000 59.000 60.000 59.000 71.000 71.000 71.000 71.000 71.000 70.000 79.000 87.000 87.000 85.000 57.000 58.000 56.000 63.000 51.000 54.000 54.000 57.000 54.000 54.000 57.000 59.000 57.000 57.000 57.000 54.000 54.000
VAdist IGKV2-11*05 7.000 4.000 4.000 0.000 0.000 0.000 0.000 0.000 0.000 8.000 4.000 4.000 7.000 7.000 7.000 7.000 22.000 22.000 22.000 4.000 4.000 4.000 3.000 3.000 0.000 0.000 0.000 0.000 7.000 7.000 4.000 4.000 4.000 4.000 7.000 7.000 7.000 4.000 4.000 4.000 4.000 4.000 4.000 4.000 4.000 4.000 4.000 4.000 4.000 7.000 7.000 0.000 37.000 37.000 37.000 37.000 34.000 34.000 22.000 53.000 53.000 57.000 56.000 48.000 42.000 48.000 49.000 61.000 61.000 49.000 57.000 45.000 50.000 45.000 54.000 44.000 65.000 57.000 45.000 50.000 57.000 53.000 54.000 50.000 57.000 45.000 50.000 57.000 52.000 56.000 42.000 45.000 57.000 50.000 54.000 57.000 57.000 52.000 61.000 57.000 45.000 48.000 56.000 49.000 53.000 55.000 52.000 57.000 57.000 49.000 51.000 57.000 48.000 68.000 61.000 57.000 49.000 57.000 49.000 49.000 57.000 52.000 61.000 50.000 57.000 65.000 51.000 45.000 50.000 53.000 42.000 52.000 46.000 54.000 52.000 57.000 52.000 59.000 60.000 59.000 59.000 59.000 62.000 55.000 60.000 59.000 59.000 59.000 59.000 55.000 64.000 59.000 51.000 59.000 60.000 59.000 71.000 71.000 71.000 71.000 71.000 70.000 79.000 87.000 87.000 85.000 57.000 58.000 56.000 63.000 51.000 54.000 54.000 57.000 54.000 54.000 57.000 59.000 57.000 57.000 57.000 54.000 54.000
VAdist IGKV2-11D*01 7.000 4.000 4.000 0.000 0.000 0.000 0.000 0.000 0.000 8.000 4.000 4.000 7.000 7.000 7.000 7.000 22.000 22.000 22.000 4.000 4.000 4.000 3.000 3.000 0.000 0.000 0.000 0.000 7.000 7.000 4.000 4.000 4.000 4.000 7.000 7.000 7.000 4.000 4.000 4.000 4.000 4.000 4.000 4.000 4.000 4.000 4.000 4.000 4.000 7.000 7.000 0.000 37.000 37.000 37.000 37.000 34.000 34.000 22.000 53.000 53.000 57.000 56.000 48.000 42.000 48.000 49.000 61.000 61.000 49.000 57.000 45.000 50.000 45.000 54.000 44.000 65.000 57.000 45.000 50.000 57.000 53.000 54.000 50.000 57.000 45.000 50.000 57.000 52.000 56.000 42.000 45.000 57.000 50.000 54.000 57.000 57.000 52.000 61.000 57.000 45.000 48.000 56.000 49.000 53.000 55.000 52.000 57.000 57.000 49.000 51.000 57.000 48.000 68.000 61.000 57.000 49.000 57.000 49.000 49.000 57.000 52.000 61.000 50.000 57.000 65.000 51.000 45.000 50.000 53.000 42.000 52.000 46.000 54.000 52.000 57.000 52.000 59.000 60.000 59.000 59.000 59.000 62.000 55.000 60.000 59.000 59.000 59.000 59.000 55.000 64.000 59.000 51.000 59.000 60.000 59.000 71.000 71.000 71.000 71.000 71.000 70.000 79.000 87.000 87.000 85.000 57.000 58.000 56.000 63.000 51.000 54.000 54.000 57.000 54.000 54.000 57.000 59.000 57.000 57.000 57.000 54.000 54.000
VAdist IGKV2-12*01 9.000 6.000 6.000 8.000 8.000 8.000 8.000 8.000 8.000 0.000 4.000 4.000 7.000 7.000 7.000 7.000 26.000 26.000 26.000 12.000 12.000 12.000 11.000 11.000 8.000 8.000 8.000 8.000 9.000 9.000 6.000 6.000 6.000 6.000 9.000 9.000 9.000 6.000 6.000 6.000 6.000 6.000 6.000 6.000 6.000 6.000 4.000 6.000 4.000 9.000 9.000 8.000 41.000 41.000 41.000 41.000 42.000 42.000 30.000 53.000 53.000 57.000 56.000 48.000 42.000 48.000 49.000 61.000 61.000 49.000 57.000 45.000 51.000 45.000 54.000 44.000 65.000 57.000 45.000 50.000 57.000 53.000 54.000 50.000 57.000 45.000 46.000 57.000 52.000 56.000 42.000 45.000 57.000 50.000 54.000 57.000 57.000 52.000 61.000 57.000 45.000 48.000 56.000 49.000 53.000 59.000 52.000 57.000 57.000 49.000 51.000 57.000 48.000 68.000 61.000 57.000 49.000 57.000 49.000 49.000 57.000 52.000 61.000 50.000 57.000 65.000 51.000 45.000 51.000 53.000 42.000 52.000 46.000 54.000 52.000 57.000 52.000 59.000 60.000 59.000 57.000 57.000 62.000 53.000 60.000 59.000 57.000 59.000 57.000 55.000 64.000 59.000 47.000 57.000 60.000 55.000 68.000 68.000 68.000 69.000 68.000 67.000 79.000 87.000 87.000 85.000 57.000 58.000 52.000 63.000 51.000 50.000 54.000 57.000 54.000 54.000 57.000 59.000 57.000 57.000 57.000 54.000 54.000
VAdist IGKV2-12*02 5.000 2.000 2.000 4.000 4.000 4.000 4.000 4.000 4.000 4.000 0.000 0.000 3.000 3.000 3.000 3.000 22.000 22.000 22.000 8.000 8.000 8.000 7.000 7.000 4.000 4.000 4.000 4.000 5.000 5.000 2.000 2.000 2.000 2.000 5.000 5.000 5.000 2.000 2.000 2.000 2.000 2.000 2.000 2.000 2.000 2.000 0.000 2.000 0.000 5.000 5.000 4.000 37.000 37.000 37.000 37.000 38.000 38.000 26.000 53.000 53.000 57.000 56.000 48.000 42.000 48.000 49.000 61.000 61.000 49.000 57.000 45.000 51.000 45.000 54.000 44.000 65.000 57.000 45.000 50.000 57.000 53.000 54.000 50.000 57.000 45.000 46.000 57.000 52.000 56.000 42.000 45.000 57.000 50.000 54.000 57.000 57.000 52.000 61.000 57.000 45.000 48.000 56.000 49.000 53.000 59.000 52.000 57.000 57.000 49.000 51.000 57.000 48.000 68.000 61.000 57.000 49.000 57.000 49.000 49.000 57.000 52.000 61.000 50.000 57.000 65.000 51.000 45.000 51.000 53.000 42.000 52.000 46.000 54.000 52.000 57.000 52.000 59.000 60.000 59.000 57.000 57.000 62.000 53.000 60.000 59.000 57.000 59.000 57.000 55.000 64.000 59.000 47.000 57.000 60.000 55.000 72.000 72.000 72.000 69.000 72.000 71.000 79.000 87.000 87.000 85.000 57.000 58.000 52.000 63.000 51.000 50.000 54.000 57.000 54.000 54.000 57.000 59.000 57.000 57.000 57.000 54.000 54.000
VAdist IGKV2-12*03 5.000 2.000 2.000 4.000 4.000 4.000 4.000 4.000 4.000 4.000 0.000 0.000 3.000 3.000 3.000 3.000 22.000 22.000 22.000 8.000 8.000 8.000 7.000 7.000 4.000 4.000 4.000 4.000 5.000 5.000 2.000 2.000 2.000 2.000 5.000 5.000 5.000 2.000 2.000 2.000 2.000 2.000 2.000 2.000 2.000 2.000 0.000 2.000 0.000 5.000 5.000 4.000 37.000 37.000 37.000 37.000 38.000 38.000 26.000 53.000 53.000 57.000 56.000 48.000 42.000 48.000 49.000 61.000 61.000 49.000 57.000 45.000 51.000 45.000 54.000 44.000 65.000 57.000 45.000 50.000 57.000 53.000 54.000 50.000 57.000 45.000 46.000 57.000 52.000 56.000 42.000 45.000 57.000 50.000 54.000 57.000 57.000 52.000 61.000 57.000 45.000 48.000 56.000 49.000 53.000 59.000 52.000 57.000 57.000 49.000 51.000 57.000 48.000 68.000 61.000 57.000 49.000 57.000 49.000 49.000 57.000 52.000 61.000 50.000 57.000 65.000 51.000 45.000 51.000 53.000 42.000 52.000 46.000 54.000 52.000 57.000 52.000 59.000 60.000 59.000 57.000 57.000 62.000 53.000 60.000 59.000 57.000 59.000 57.000 55.000 64.000 59.000 47.000 57.000 60.000 55.000 72.000 72.000 72.000 69.000 72.000 71.000 79.000 87.000 87.000 85.000 57.000 58.000 52.000 63.000 51.000 50.000 54.000 57.000 54.000 54.000 57.000 59.000 57.000 57.000 57.000 54.000 54.000
VAdist IGKV2-13*01 2.000 5.000 5.000 7.000 7.000 7.000 7.000 7.000 7.000 7.000 3.000 3.000 0.000 0.000 0.000 0.000 19.000 19.000 19.000 11.000 11.000 11.000 4.000 4.000 7.000 7.000 7.000 7.000 2.000 2.000 5.000 5.000 5.000 5.000 2.000 2.000 2.000 5.000 5.000 5.000 5.000 5.000 5.000 5.000 5.000 5.000 3.000 5.000 3.000 2.000 2.000 7.000 37.000 37.000 37.000 37.000 38.000 38.000 29.000 53.000 53.000 57.000 56.000 48.000 42.000 48.000 49.000 61.000 61.000 49.000 57.000 45.000 51.000 45.000 54.000 44.000 65.000 57.000 45.000 50.000 57.000 53.000 54.000 50.000 57.000 45.000 46.000 57.000 52.000 56.000 42.000 45.000 57.000 50.000 54.000 57.000 57.000 52.000 61.000 57.000 45.000 48.000 56.000 49.000 53.000 59.000 52.000 57.000 57.000 49.000 51.000 57.000 48.000 68.000 61.000 57.000 49.000 57.000 49.000 49.000 57.000 52.000 61.000 50.000 57.000 63.000 51.000 45.000 51.000 53.000 42.000 52.000 46.000 54.000 52.000 57.000 52.000 59.000 60.000 59.000 57.000 57.000 62.000 53.000 60.000 59.000 57.000 59.000 57.000 55.000 64.000 59.000 47.000 57.000 60.000 55.000 72.000 72.000 72.000 69.000 72.000 71.000 79.000 87.000 87.000 85.000 57.000 58.000 52.000 63.000 51.000 50.000 54.000 57.000 54.000 54.000 57.000 59.000 57.000 57.000 57.000 54.000 54.000
VAdist IGKV2-13*02 2.000 5.000 5.000 7.000 7.000 7.000 7.000 7.000 7.000 7.000 3.000 3.000 0.000 0.000 0.000 0.000 19.000 19.000 19.000 11.000 11.000 11.000 4.000 4.000 7.000 7.000 7.000 7.000 2.000 2.000 5.000 5.000 5.000 5.000 2.000 2.000 2.000 5.000 5.000 5.000 5.000 5.000 5.000 5.000 5.000 5.000 3.000 5.000 3.000 2.000 2.000 7.000 37.000 37.000 37.000 37.000 38.000 38.000 29.000 53.000 53.000 57.000 56.000 48.000 42.000 48.000 49.000 61.000 61.000 49.000 57.000 45.000 51.000 45.000 54.000 44.000 65.000 57.000 45.000 50.000 57.000 53.000 54.000 50.000 57.000 45.000 46.000 57.000 52.000 56.000 42.000 45.000 57.000 50.000 54.000 57.000 57.000 52.000 61.000 57.000 45.000 48.000 56.000 49.000 53.000 59.000 52.000 57.000 57.000 49.000 51.000 57.000 48.000 68.000 61.000 57.000 49.000 57.000 49.000 49.000 57.000 52.000 61.000 50.000 57.000 63.000 51.000 45.000 51.000 53.000 42.000 52.000 46.000 54.000 52.000 57.000 52.000 59.000 60.000 59.000 57.000 57.000 62.000 53.000 60.000 59.000 57.000 59.000 57.000 55.000 64.000 59.000 47.000 57.000 60.000 55.000 72.000 72.000 72.000 69.000 72.000 71.000 79.000 87.000 87.000 85.000 57.000 58.000 52.000 63.000 51.000 50.000 54.000 57.000 54.000 54.000 57.000 59.000 57.000 57.000 57.000 54.000 54.000
VAdist IGKV2-13*03 2.000 5.000 5.000 7.000 7.000 7.000 7.000 7.000 7.000 7.000 3.000 3.000 0.000 0.000 0.000 0.000 19.000 19.000 19.000 11.000 11.000 11.000 4.000 4.000 7.000 7.000 7.000 7.000 2.000 2.000 5.000 5.000 5.000 5.000 2.000 2.000 2.000 5.000 5.000 5.000 5.000 5.000 5.000 5.000 5.000 5.000 3.000 5.000 3.000 2.000 2.000 7.000 37.000 37.000 37.000 37.000 38.000 38.000 29.000 53.000 53.000 57.000 56.000 48.000 42.000 48.000 49.000 61.000 61.000 49.000 57.000 45.000 51.000 45.000 54.000 44.000 65.000 57.000 45.000 50.000 57.000 53.000 54.000 50.000 57.000 45.000 46.000 57.000 52.000 56.000 42.000 45.000 57.000 50.000 54.000 57.000 57.000 52.000 61.000 57.000 45.000 48.000 56.000 49.000 53.000 59.000 52.000 57.000 57.000 49.000 51.000 57.000 48.000 68.000 61.000 57.000 49.000 57.000 49.000 49.000 57.000 52.000 61.000 50.000 57.000 63.000 51.000 45.000 51.000 53.000 42.000 52.000 46.000 54.000 52.000 57.000 52.000 59.000 60.000 59.000 57.000 57.000 62.000 53.000 60.000 59.000 57.000 59.000 57.000 55.000 64.000 59.000 47.000 57.000 60.000 55.000 72.000 72.000 72.000 69.000 72.000 71.000 79.000 87.000 87.000 85.000 57.000 58.000 52.000 63.000 51.000 50.000 54.000 57.000 54.000 54.000 57.000 59.000 57.000 57.000 57.000 54.000 54.000
VAdist IGKV2-13*04 2.000 5.000 5.000 7.000 7.000 7.000 7.000 7.000 7.000 7.000 3.000 3.000 0.000 0.000 0.000 0.000 19.000 19.000 19.000 11.000 11.000 11.000 4.000 4.000 7.000 7.000 7.000 7.000 2.000 2.000 5.000 5.000 5.000 5.000 2.000 2.000 2.000 5.000 5.000 5.000 5.000 5.000 5.000 5.000 5.000 5.000 3.000 5.000 3.000 2.000 2.000 7.000 37.000 37.000 37.000 37.000 38.000 38.000 29.000 53.000 53.000 57.000 56.000 48.000 42.000 48.000 49.000 61.000 61.000 49.000 57.000 45.000 51.000 45.000 54.000 44.000 65.000 57.000 45.000 50.000 57.000 53.000 54.000 50.000 57.000 45.000 46.000 57.000 52.000 56.000 42.000 45.000 57.000 50.000 54.000 57.000 57.000 52.000 61.000 57.000 45.000 48.000 56.000 49.000 53.000 59.000 52.000 57.000 57.000 49.000 51.000 57.000 48.000 68.000 61.000 57.000 49.000 57.000 49.000 49.000 57.000 52.000 61.000 50.000 57.000 63.000 51.000 45.000 51.000 53.000 42.000 52.000 46.000 54.000 52.000 57.000 52.000 59.000 60.000 59.000 57.000 57.000 62.000 53.000 60.000 59.000 57.000 59.000 57.000 55.000 64.000 59.000 47.000 57.000 60.000 55.000 72.000 72.000 72.000 69.000 72.000 71.000 79.000 87.000 87.000 85.000 57.000 58.000 52.000 63.000 51.000 50.000 54.000 57.000 54.000 54.000 57.000 59.000 57.000 57.000 57.000 54.000 54.000
VAdist IGKV2-16*01 18.000 21.000 21.000 22.000 22.000 22.000 22.000 22.000 22.000 26.000 22.000 22.000 19.000 19.000 19.000 19.000 0.000 0.000 0.000 26.000 26.000 26.000 19.000 19.000 22.000 22.000 22.000 22.000 18.000 18.000 21.000 21.000 21.000 21.000 18.000 18.000 18.000 21.000 21.000 21.000 21.000 21.000 21.000 21.000 21.000 21.000 22.000 21.000 22.000 18.000 18.000 22.000 35.000 35.000 31.000 35.000 35.000 35.000 22.000 52.000 52.000 57.000 56.000 44.000 43.000 47.000 50.000 59.000 61.000 46.000 56.000 44.000 51.000 43.000 53.000 45.000 67.000 57.000 40.000 46.000 57.000 57.000 53.000 47.000 57.000 41.000 48.000 57.000 47.000 54.000 43.000 41.000 57.000 47.000 53.000 57.000 55.000 50.000 61.000 55.000 43.000 47.000 56.000 45.000 50.000 60.000 51.000 57.000 57.000 46.000 49.000 57.000 47.000 70.000 61.000 56.000 48.000 57.000 48.000 49.000 57.000 51.000 59.000 48.000 55.000 66.000 51.000 44.000 51.000 52.000 43.000 47.000 43.000 53.000 52.000 53.000 49.000 60.000 60.000 58.000 54.000 54.000 60.000 55.000 60.000 58.000 54.000 60.000 54.000 52.000 62.000 60.000 55.000 54.000 60.000 60.000 76.000 76.000 76.000 75.000 76.000 72.000 79.000 88.000 88.000 86.000 57.000 56.000 56.000 60.000 49.000 54.000 54.000 57.000 54.000 54.000 57.000 59.000 57.000 57.000 57.000 54.000 54.000
VAdist IGKV2-16*02 18.000 21.000 21.000 22.000 22.000 22.000 22.000 22.000 22.000 26.000 22.000 22.000 19.000 19.000 19.000 19.000 0.000 0.000 0.000 26.000 26.000 26.000 19.000 19.000 22.000 22.000 22.000 22.000 18.000 18.000 21.000 21.000 21.000 21.000 18.000 18.000 18.000 21.000 21.000 21.000 21.000 21.000 21.000 21.000 21.000 21.000 22.000 21.000 22.000 18.000 18.000 22.000 35.000 35.000 31.000 35.000 35.000 35.000 22.000 52.000 52.000 57.000 56.000 44.000 43.000 47.000 50.000 59.000 61.000 46.000 56.000 44.000 51.000 43.000 53.000 45.000 67.000 57.000 40.000 46.000 57.000 57.000 53.000 47.000 57.000 41.000 48.000 57.000 47.000 54.000 43.000 41.000 57.000 47.000 53.000 57.000 55.000 50.000 61.000 55.000 43.000 47.000 56.000 45.000 50.000 60.000 51.000 57.000 57.000 46.000 49.000 57.000 47.000 70.000 61.000 56.000 48.000 57.000 48.000 49.000 57.000 51.000 59.000 48.000 55.000 66.000 51.000 44.000 51.000 52.000 43.000 47.000 43.000 53.000 52.000 53.000 49.000 60.000 60.000 58.000 54.000 54.000 60.000 55.000 60.000 58.000 54.000 60.000 54.000 52.000 62.000 60.000 55.000 54.000 60.000 60.000 76.000 76.000 76.000 75.000 76.000 72.000 79.000 88.000 88.000 86.000 57.000 56.000 56.000 60.000 49.000 54.000 54.000 57.000 54.000 54.000 57.000 59.000 57.000 57.000 57.000 54.000 54.000
VAdist IGKV2-16*03 18.000 21.000 21.000 22.000 22.000 22.000 22.000 22.000 22.000 26.000 22.000 22.000 19.000 19.000 19.000 19.000 0.000 0.000 0.000 26.000 26.000 26.000 19.000 19.000 22.000 22.000 22.000 22.000 18.000 18.000 21.000 21.000 21.000 21.000 18.000 18.000 18.000 21.000 21.000 21.000 21.000 21.000 21.000 21.000 21.000 21.000 22.000 21.000 22.000 18.000 18.000 22.000 35.000 35.000 31.000 35.000 35.000 35.000 22.000 52.000 52.000 57.000 56.000 44.000 43.000 47.000 50.000 59.000 61.000 46.000 56.000 44.000 51.000 43.000 53.000 45.000 67.000 57.000 40.000 46.000 57.000 57.000 53.000 47.000 57.000 41.000 48.000 57.000 47.000 54.000 43.000 41.000 57.000 47.000 53.000 57.000 55.000 50.000 61.000 55.000 43.000 47.000 56.000 45.000 50.000 60.000 51.000 57.000 57.000 46.000 49.000 57.000 47.000 70.000 61.000 56.000 48.000 57.000 48.000 49.000 57.000 51.000 59.000 48.000 55.000 66.000 51.000 44.000 51.000 52.000 43.000 47.000 43.000 53.000 52.000 53.000 49.000 60.000 60.000 58.000 54.000 54.000 60.000 55.000 60.000 58.000 54.000 60.000 54.000 52.000 62.000 60.000 55.000 54.000 60.000 60.000 76.000 76.000 76.000 75.000 76.000 72.000 79.000 88.000 88.000 86.000 57.000 56.000 56.000 60.000 49.000 54.000 54.000 57.000 54.000 54.000 57.000 59.000 57.000 57.000 57.000 54.000 54.000
VAdist IGKV2-20*01 11.000 8.000 8.000 4.000 4.000 4.000 4.000 4.000 4.000 12.000 8.000 8.000 11.000 11.000 11.000 11.000 26.000 26.000 26.000 0.000 0.000 0.000 7.000 7.000 4.000 4.000 4.000 4.000 11.000 11.000 8.000 8.000 8.000 8.000 11.000 11.000 11.000 8.000 8.000 8.000 8.000 8.000 8.000 8.000 8.000 8.000 8.000 8.000 8.000 11.000 11.000 4.000 37.000 37.000 37.000 37.000 34.000 34.000 26.000 53.000 53.000 59.000 58.000 50.000 44.000 50.000 50.000 61.000 63.000 51.000 59.000 47.000 52.000 47.000 56.000 46.000 67.000 59.000 47.000 51.000 59.000 55.000 56.000 51.000 59.000 47.000 51.000 59.000 53.000 58.000 44.000 47.000 59.000 51.000 56.000 59.000 59.000 53.000 63.000 59.000 47.000 50.000 58.000 51.000 55.000 57.000 54.000 59.000 59.000 51.000 55.000 59.000 50.000 68.000 63.000 58.000 51.000 59.000 51.000 51.000 59.000 54.000 61.000 51.000 59.000 65.000 53.000 47.000 52.000 54.000 44.000 53.000 47.000 56.000 54.000 59.000 54.000 59.000 60.000 59.000 59.000 59.000 62.000 55.000 60.000 59.000 59.000 59.000 59.000 55.000 64.000 59.000 51.000 59.000 60.000 59.000 71.000 71.000 71.000 71.000 71.000 70.000 79.000 87.000 87.000 85.000 58.000 59.000 57.000 64.000 55.000 55.000 55.000 58.000 55.000 55.000 58.000 60.000 58.000 58.000 58.000 55.000 55.000
VAdist IGKV2-20*02 11.000 8.000 8.000 4.000 4.000 4.000 4.000 4.000 4.000 12.000 8.000 8.000 11.000 11.000 11.000 11.000 26.000 26.000 26.000 0.000 0.000 0.000 7.000 7.000 4.000 4.000 4.000 4.000 11.000 11.000 8.000 8.000 8.000 8.000 11.000 11.000 11.000 8.000 8.000 8.000 8.000 8.000 8.000 8.000 8.000 8.000 8.000 8.000 8.000 11.000 11.000 4.000 37.000 37.000 37.000 37.000 34.000 34.000 26.000 53.000 53.000 59.000 58.000 50.000 44.000 50.000 50.000 61.000 63.000 51.000 59.000 47.000 52.000 47.000 56.000 46.000 67.000 59.000 47.000 51.000 59.000 55.000 56.000 51.000 59.000 47.000 51.000 59.000 53.000 58.000 44.000 47.000 59.000 51.000 56.000 59.000 59.000 53.000 63.000 59.000 47.000 50.000 58.000 51.000 55.000 57.000 54.000 59.000 59.000 51.000 55.000 59.000 50.000 68.000 63.000 58.000 51.000 59.000 51.000 51.000 59.000 54.000 61.000 51.000 59.000 65.000 53.000 47.000 52.000 54.000 44.000 53.000 47.000 56.000 54.000 59.000 54.000 59.000 60.000 59.000 59.000 59.000 62.000 55.000 60.000 59.000 59.000 59.000 59.000 55.000 64.000 59.000 51.000 59.000 60.000 59.000 71.000 71.000 71.000 71.000 71.000 70.000 79.000 87.000 87.000 85.000 58.000 59.000 57.000 64.000 55.000 55.000 55.000 58.000 55.000 55.000 58.000 60.000 58.000 58.000 58.000 55.000 55.000
VAdist IGKV2-20*03 11.000 8.000 8.000 4.000 4.000 4.000 4.000 4.000 4.000 12.000 8.000 8.000 11.000 11.000 11.000 11.000 26.000 26.000 26.000 0.000 0.000 0.000 7.000 7.000 4.000 4.000 4.000 4.000 11.000 11.000 8.000 8.000 8.000 8.000 11.000 11.000 11.000 8.000 8.000 8.000 8.000 8.000 8.000 8.000 8.000 8.000 8.000 8.000 8.000 11.000 11.000 4.000 37.000 37.000 37.000 37.000 34.000 34.000 26.000 53.000 53.000 59.000 58.000 50.000 44.000 50.000 50.000 61.000 63.000 51.000 59.000 47.000 52.000 47.000 56.000 46.000 67.000 59.000 47.000 51.000 59.000 55.000 56.000 51.000 59.000 47.000 51.000 59.000 53.000 58.000 44.000 47.000 59.000 51.000 56.000 59.000 59.000 53.000 63.000 59.000 47.000 50.000 58.000 51.000 55.000 57.000 54.000 59.000 59.000 51.000 55.000 59.000 50.000 68.000 63.000 58.000 51.000 59.000 51.000 51.000 59.000 54.000 61.000 51.000 59.000 65.000 53.000 47.000 52.000 54.000 44.000 53.000 47.000 56.000 54.000 59.000 54.000 59.000 60.000 59.000 59.000 59.000 62.000 55.000 60.000 59.000 59.000 59.000 59.000 55.000 64.000 59.000 51.000 59.000 60.000 59.000 71.000 71.000 71.000 71.000 71.000 70.000 79.000 87.000 87.000 85.000 58.000 59.000 57.000 64.000 55.000 55.000 55.000 58.000 55.000 55.000 58.000 60.000 58.000 58.000 58.000 55.000 55.000
VAdist IGKV2-4*01 4.000 7.000 7.000 3.000 3.000 3.000 3.000 3.000 3.000 11.000 7.000 7.000 4.000 4.000 4.000 4.000 19.000 19.000 19.000 7.000 7.000 7.000 0.000 0.000 3.000 3.000 3.000 3.000 4.000 4.000 7.000 7.000 7.000 7.000 4.000 4.000 4.000 7.000 7.000 7.000 7.000 7.000 7.000 7.000 7.000 7.000 7.000 7.000 7.000 4.000 4.000 3.000 37.000 37.000 37.000 37.000 34.000 34.000 25.000 53.000 53.000 57.000 56.000 48.000 42.000 48.000 49.000 61.000 61.000 49.000 57.000 45.000 50.000 45.000 54.000 44.000 65.000 57.000 45.000 50.000 57.000 53.000 54.000 50.000 57.000 45.000 50.000 57.000 52.000 56.000 42.000 45.000 57.000 50.000 54.000 57.000 57.000 52.000 61.000 57.000 45.000 48.000 56.000 49.000 53.000 55.000 52.000 57.000 57.000 49.000 51.000 57.000 48.000 68.000 61.000 57.000 49.000 57.000 49.000 49.000 57.000 52.000 61.000 50.000 57.000 63.000 51.000 45.000 50.000 53.000 42.000 52.000 46.000 54.000 52.000 57.000 52.000 59.000 60.000 59.000 59.000 59.000 62.000 55.000 60.000 59.000 59.000 59.000 59.000 55.000 64.000 59.000 51.000 59.000 60.000 59.000 71.000 71.000 71.000 71.000 71.000 70.000 79.000 87.000 87.000 85.000 57.000 58.000 56.000 63.000 51.000 54.000 54.000 57.000 54.000 54.000 57.000 59.000 57.000 57.000 57.000 54.000 54.000
VAdist IGKV2-4*02 4.000 7.000 7.000 3.000 3.000 3.000 3.000 3.000 3.000 11.000 7.000 7.000 4.000 4.000 4.000 4.000 19.000 19.000 19.000 7.000 7.000 7.000 0.000 0.000 3.000 3.000 3.000 3.000 4.000 4.000 7.000 7.000 7.000 7.000 4.000 4.000 4.000 7.000 7.000 7.000 7.000 7.000 7.000 7.000 7.000 7.000 7.000 7.000 7.000 4.000 4.000 3.000 37.000 37.000 37.000 37.000 34.000 34.000 25.000 53.000 53.000 57.000 56.000 48.000 42.000 48.000 49.000 61.000 61.000 49.000 57.000 45.000 50.000 45.000 54.000 44.000 65.000 57.000 45.000 50.000 57.000 53.000 54.000 50.000 57.000 45.000 50.000 57.000 52.000 56.000 42.000 45.000 57.000 50.000 54.000 57.000 57.000 52.000 61.000 57.000 45.000 48.000 56.000 49.000 53.000 55.000 52.000 57.000 57.000 49.000 51.000 57.000 48.000 68.000 61.000 57.000 49.000 57.000 49.000 49.000 57.000 52.000 61.000 50.000 57.000 63.000 51.000 45.000 50.000 53.000 42.000 52.000 46.000 54.000 52.000 57.000 52.000 59.000 60.000 59.000 59.000 59.000 62.000 55.000 60.000 59.000 59.000 59.000 59.000 55.000 64.000 59.000 51.000 59.000 60.000 59.000 71.000 71.000 71.000 71.000 71.000 70.000 79.000 87.000 87.000 85.000 57.000 58.000 56.000 63.000 51.000 54.000 54.000 57.000 54.000 54.000 57.000 59.000 57.000 57.000 57.000 54.000 54.000
VAdist IGKV2-4*03 7.000 4.000 4.000 0.000 0.000 0.000 0.000 0.000 0.000 8.000 4.000 4.000 7.000 7.000 7.000 7.000 22.000 22.000 22.000 4.000 4.000 4.000 3.000 3.000 0.000 0.000 0.000 0.000 7.000 7.000 4.000 4.000 4.000 4.000 7.000 7.000 7.000 4.000 4.000 4.000 4.000 4.000 4.000 4.000 4.000 4.000 4.000 4.000 4.000 7.000 7.000 0.000 37.000 37.000 37.000 37.000 34.000 34.000 22.000 53.000 53.000 57.000 56.000 48.000 42.000 48.000 49.000 61.000 61.000 49.000 57.000 45.000 50.000 45.000 54.000 44.000 65.000 57.000 45.000 50.000 57.000 53.000 54.000 50.000 57.000 45.000 50.000 57.000 52.000 56.000 42.000 45.000 57.000 50.000 54.000 57.000 57.000 52.000 61.000 57.000 45.000 48.000 56.000 49.000 53.000 55.000 52.000 57.000 57.000 49.000 51.000 57.000 48.000 68.000 61.000 57.000 49.000 57.000 49.000 49.000 57.000 52.000 61.000 50.000 57.000 65.000 51.000 45.000 50.000 53.000 42.000 52.000 46.000 54.000 52.000 57.000 52.000 59.000 60.000 59.000 59.000 59.000 62.000 55.000 60.000 59.000 59.000 59.000 59.000 55.000 64.000 59.000 51.000 59.000 60.000 59.000 71.000 71.000 71.000 71.000 71.000 70.000 79.000 87.000 87.000 85.000 57.000 58.000 56.000 63.000 51.000 54.000 54.000 57.000 54.000 54.000 57.000 59.000 57.000 57.000 57.000 54.000 54.000
VAdist IGKV2-4*04 7.000 4.000 4.000 0.000 0.000 0.000 0.000 0.000 0.000 8.000 4.000 4.000 7.000 7.000 7.000 7.000 22.000 22.000 22.000 4.000 4.000 4.000 3.000 3.000 0.000 0.000 0.000 0.000 7.000 7.000 4.000 4.000 4.000 4.000 7.000 7.000 7.000 4.000 4.000 4.000 4.000 4.000 4.000 4.000 4.000 4.000 4.000 4.000 4.000 7.000 7.000 0.000 37.000 37.000 37.000 37.000 34.000 34.000 22.000 53.000 53.000 57.000 56.000 48.000 42.000 48.000 49.000 61.000 61.000 49.000 57.000 45.000 50.000 45.000 54.000 44.000 65.000 57.000 45.000 50.000 57.000 53.000 54.000 50.000 57.000 45.000 50.000 57.000 52.000 56.000 42.000 45.000 57.000 50.000 54.000 57.000 57.000 52.000 61.000 57.000 45.000 48.000 56.000 49.000 53.000 55.000 52.000 57.000 57.000 49.000 51.000 57.000 48.000 68.000 61.000 57.000 49.000 57.000 49.000 49.000 57.000 52.000 61.000 50.000 57.000 65.000 51.000 45.000 50.000 53.000 42.000 52.000 46.000 54.000 52.000 57.000 52.000 59.000 60.000 59.000 59.000 59.000 62.000 55.000 60.000 59.000 59.000 59.000 59.000 55.000 64.000 59.000 51.000 59.000 60.000 59.000 71.000 71.000 71.000 71.000 71.000 70.000 79.000 87.000 87.000 85.000 57.000 58.000 56.000 63.000 51.000 54.000 54.000 57.000 54.000 54.000 57.000 59.000 57.000 57.000 57.000 54.000 54.000
VAdist IGKV2-4*05 7.000 4.000 4.000 0.000 0.000 0.000 0.000 0.000 0.000 8.000 4.000 4.000 7.000 7.000 7.000 7.000 22.000 22.000 22.000 4.000 4.000 4.000 3.000 3.000 0.000 0.000 0.000 0.000 7.000 7.000 4.000 4.000 4.000 4.000 7.000 7.000 7.000 4.000 4.000 4.000 4.000 4.000 4.000 4.000 4.000 4.000 4.000 4.000 4.000 7.000 7.000 0.000 37.000 37.000 37.000 37.000 34.000 34.000 22.000 53.000 53.000 57.000 56.000 48.000 42.000 48.000 49.000 61.000 61.000 49.000 57.000 45.000 50.000 45.000 54.000 44.000 65.000 57.000 45.000 50.000 57.000 53.000 54.000 50.000 57.000 45.000 50.000 57.000 52.000 56.000 42.000 45.000 57.000 50.000 54.000 57.000 57.000 52.000 61.000 57.000 45.000 48.000 56.000 49.000 53.000 55.000 52.000 57.000 57.000 49.000 51.000 57.000 48.000 68.000 61.000 57.000 49.000 57.000 49.000 49.000 57.000 52.000 61.000 50.000 57.000 65.000 51.000 45.000 50.000 53.000 42.000 52.000 46.000 54.000 52.000 57.000 52.000 59.000 60.000 59.000 59.000 59.000 62.000 55.000 60.000 59.000 59.000 59.000 59.000 55.000 64.000 59.000 51.000 59.000 60.000 59.000 71.000 71.000 71.000 71.000 71.000 70.000 79.000 87.000 87.000 85.000 57.000 58.000 56.000 63.000 51.000 54.000 54.000 57.000 54.000 54.000 57.000 59.000 57.000 57.000 57.000 54.000 54.000
VAdist IGKV2-4*06 7.000 4.000 4.000 0.000 0.000 0.000 0.000 0.000 0.000 8.000 4.000 4.000 7.000 7.000 7.000 7.000 22.000 22.000 22.000 4.000 4.000 4.000 3.000 3.000 0.000 0.000 0.000 0.000 7.000 7.000 4.000 4.000 4.000 4.000 7.000 7.000 7.000 4.000 4.000 4.000 4.000 4.000 4.000 4.000 4.000 4.000 4.000 4.000 4.000 7.000 7.000 0.000 37.000 37.000 37.000 37.000 34.000 34.000 22.000 53.000 53.000 57.000 56.000 48.000 42.000 48.000 49.000 61.000 61.000 49.000 57.000 45.000 50.000 45.000 54.000 44.000 65.000 57.000 45.000 50.000 57.000 53.000 54.000 50.000 57.000 45.000 50.000 57.000 52.000 56.000 42.000 45.000 57.000 50.000 54.000 57.000 57.000 52.000 61.000 57.000 45.000 48.000 56.000 49.000 53.000 55.000 52.000 57.000 57.000 49.000 51.000 57.000 48.000 68.000 61.000 57.000 49.000 57.000 49.000 49.000 57.000 52.000 61.000 50.000 57.000 65.000 51.000 45.000 50.000 53.000 42.000 52.000 46.000 54.000 52.000 57.000 52.000 59.000 60.000 59.000 59.000 59.000 62.000 55.000 60.000 59.000 59.000 59.000 59.000 55.000 64.000 59.000 51.000 59.000 60.000 59.000 71.000 71.000 71.000 71.000 71.000 70.000 79.000 87.000 87.000 85.000 57.000 58.000 56.000 63.000 51.000 54.000 54.000 57.000 54.000 54.000 57.000 59.000 57.000 57.000 57.000 54.000 54.000
VAdist IGKV2-4-1*01 0.000 3.000 3.000 7.000 7.000 7.000 7.000 7.000 7.000 9.000 5.000 5.000 2.000 2.000 2.000 2.000 18.000 18.000 18.000 11.000 11.000 11.000 4.000 4.000 7.000 7.000 7.000 7.000 0.000 0.000 3.000 3.000 3.000 3.000 0.000 0.000 0.000 3.000 3.000 3.000 3.000 3.000 3.000 3.000 3.000 3.000 5.000 3.000 5.000 0.000 0.000 7.000 37.000 37.000 37.000 37.000 38.000 38.000 29.000 53.000 53.000 57.000 56.000 48.000 42.000 48.000 49.000 61.000 61.000 49.000 57.000 45.000 51.000 45.000 54.000 44.000 65.000 57.000 45.000 50.000 57.000 53.000 54.000 50.000 57.000 45.000 48.000 57.000 52.000 56.000 42.000 45.000 57.000 50.000 54.000 57.000 57.000 52.000 61.000 57.000 45.000 48.000 56.000 49.000 53.000 59.000 52.000 57.000 57.000 49.000 51.000 57.000 48.000 68.000 61.000 57.000 49.000 57.000 49.000 49.000 57.000 52.000 61.000 50.000 57.000 63.000 51.000 45.000 51.000 53.000 42.000 52.000 46.000 54.000 52.000 57.000 52.000 59.000 60.000 59.000 55.000 55.000 62.000 51.000 60.000 59.000 55.000 59.000 55.000 54.000 64.000 59.000 49.000 55.000 60.000 57.000 72.000 72.000 72.000 67.000 72.000 71.000 79.000 87.000 87.000 85.000 57.000 58.000 54.000 63.000 51.000 52.000 54.000 57.000 54.000 54.000 57.000 59.000 57.000 57.000 57.000 54.000 54.000
VAdist IGKV2-4-1*02 0.000 3.000 3.000 7.000 7.000 7.000 7.000 7.000 7.000 9.000 5.000 5.000 2.000 2.000 2.000 2.000 18.000 18.000 18.000 11.000 11.000 11.000 4.000 4.000 7.000 7.000 7.000 7.000 0.000 0.000 3.000 3.000 3.000 3.000 0.000 0.000 0.000 3.000 3.000 3.000 3.000 3.000 3.000 3.000 3.000 3.000 5.000 3.000 5.000 0.000 0.000 7.000 37.000 37.000 37.000 37.000 38.000 38.000 29.000 53.000 53.000 57.000 56.000 48.000 42.000 48.000 49.000 61.000 61.000 49.000 57.000 45.000 51.000 45.000 54.000 44.000 65.000 57.000 45.000 50.000 57.000 53.000 54.000 50.000 57.000 45.000 48.000 57.000 52.000 56.000 42.000 45.000 57.000 50.000 54.000 57.000 57.000 52.000 61.000 57.000 45.000 48.000 56.000 49.000 53.000 59.000 52.000 57.000 57.000 49.000 51.000 57.000 48.000 68.000 61.000 57.000 49.000 57.000 49.000 49.000 57.000 52.000 61.000 50.000 57.000 63.000 51.000 45.000 51.000 53.000 42.000 52.000 46.000 54.000 52.000 57.000 52.000 59.000 60.000 59.000 55.000 55.000 62.000 51.000 60.000 59.000 55.000 59.000 55.000 54.000 64.000 59.000 49.000 55.000 60.000 57.000 72.000 72.000 72.000 67.000 72.000 71.000 79.000 87.000 87.000 85.000 57.000 58.000 54.000 63.000 51.000 52.000 54.000 57.000 54.000 54.000 57.000 59.000 57.000 57.000 57.000 54.000 54.000
VAdist IGKV2-5*01 3.000 0.000 0.000 4.000 4.000 4.000 4.000 4.000 4.000 6.000 2.000 2.000 5.000 5.000 5.000 5.000 21.000 21.000 21.000 8.000 8.000 8.000 7.000 7.000 4.000 4.000 4.000 4.000 3.000 3.000 0.000 0.000 0.000 0.000 3.000 3.000 3.000 0.000 0.000 0.000 0.000 0.000 0.000 0.000 0.000 0.000 2.000 0.000 2.000 3.000 3.000 4.000 37.000 37.000 37.000 37.000 38.000 38.000 26.000 53.000 53.000 57.000 56.000 48.000 42.000 48.000 49.000 61.000 61.000 49.000 57.000 45.000 51.000 45.000 54.000 44.000 65.000 57.000 45.000 50.000 57.000 53.000 54.000 50.000 57.000 45.000 48.000 57.000 52.000 56.000 42.000 45.000 57.000 50.000 54.000 57.000 57.000 52.000 61.000 57.000 45.000 48.000 56.000 49.000 53.000 59.000 52.000 57.000 57.000 49.000 51.000 57.000 48.000 68.000 61.000 57.000 49.000 57.000 49.000 49.000 57.000 52.000 61.000 50.000 57.000 65.000 51.000 45.000 51.000 53.000 42.000 52.000 46.000 54.000 52.000 57.000 52.000 59.000 60.000 59.000 55.000 55.000 62.000 51.000 60.000 59.000 55.000 59.000 55.000 54.000 64.000 59.000 49.000 55.000 60.000 57.000 72.000 72.000 72.000 67.000 72.000 71.000 79.000 87.000 87.000 85.000 57.000 58.000 54.000 63.000 51.000 52.000 54.000 57.000 54.000 54.000 57.000 59.000 57.000 57.000 57.000 54.000 54.000
VAdist IGKV2-5*02 3.000 0.000 0.000 4.000 4.000 4.000 4.000 4.000 4.000 6.000 2.000 2.000 5.000 5.000 5.000 5.000 21.000 21.000 21.000 8.000 8.000 8.000 7.000 7.000 4.000 4.000 4.000 4.000 3.000 3.000 0.000 0.000 0.000 0.000 3.000 3.000 3.000 0.000 0.000 0.000 0.000 0.000 0.000 0.000 0.000 0.000 2.000 0.000 2.000 3.000 3.000 4.000 37.000 37.000 37.000 37.000 38.000 38.000 26.000 53.000 53.000 57.000 56.000 48.000 42.000 48.000 49.000 61.000 61.000 49.000 57.000 45.000 51.000 45.000 54.000 44.000 65.000 57.000 45.000 50.000 57.000 53.000 54.000 50.000 57.000 45.000 48.000 57.000 52.000 56.000 42.000 45.000 57.000 50.000 54.000 57.000 57.000 52.000 61.000 57.000 45.000 48.000 56.000 49.000 53.000 59.000 52.000 57.000 57.000 49.000 51.000 57.000 48.000 68.000 61.000 57.000 49.000 57.000 49.000 49.000 57.000 52.000 61.000 50.000 57.000 65.000 51.000 45.000 51.000 53.000 42.000 52.000 46.000 54.000 52.000 57.000 52.000 59.000 60.000 59.000 55.000 55.000 62.000 51.000 60.000 59.000 55.000 59.000 55.000 54.000 64.000 59.000 49.000 55.000 60.000 57.000 72.000 72.000 72.000 67.000 72.000 71.000 79.000 87.000 87.000 85.000 57.000 58.000 54.000 63.000 51.000 52.000 54.000 57.000 54.000 54.000 57.000 59.000 57.000 57.000 57.000 54.000 54.000
VAdist IGKV2-5*03 3.000 0.000 0.000 4.000 4.000 4.000 4.000 4.000 4.000 6.000 2.000 2.000 5.000 5.000 5.000 5.000 21.000 21.000 21.000 8.000 8.000 8.000 7.000 7.000 4.000 4.000 4.000 4.000 3.000 3.000 0.000 0.000 0.000 0.000 3.000 3.000 3.000 0.000 0.000 0.000 0.000 0.000 0.000 0.000 0.000 0.000 2.000 0.000 2.000 3.000 3.000 4.000 37.000 37.000 37.000 37.000 38.000 38.000 26.000 53.000 53.000 57.000 56.000 48.000 42.000 48.000 49.000 61.000 61.000 49.000 57.000 45.000 51.000 45.000 54.000 44.000 65.000 57.000 45.000 50.000 57.000 53.000 54.000 50.000 57.000 45.000 48.000 57.000 52.000 56.000 42.000 45.000 57.000 50.000 54.000 57.000 57.000 52.000 61.000 57.000 45.000 48.000 56.000 49.000 53.000 59.000 52.000 57.000 57.000 49.000 51.000 57.000 48.000 68.000 61.000 57.000 49.000 57.000 49.000 49.000 57.000 52.000 61.000 50.000 57.000 65.000 51.000 45.000 51.000 53.000 42.000 52.000 46.000 54.000 52.000 57.000 52.000 59.000 60.000 59.000 55.000 55.000 62.000 51.000 60.000 59.000 55.000 59.000 55.000 54.000 64.000 59.000 49.000 55.000 60.000 57.000 72.000 72.000 72.000 67.000 72.000 71.000 79.000 87.000 87.000 85.000 57.000 58.000 54.000 63.000 51.000 52.000 54.000 57.000 54.000 54.000 57.000 59.000 57.000 57.000 57.000 54.000 54.000
VAdist IGKV2-5*05 3.000 0.000 0.000 4.000 4.000 4.000 4.000 4.000 4.000 6.000 2.000 2.000 5.000 5.000 5.000 5.000 21.000 21.000 21.000 8.000 8.000 8.000 7.000 7.000 4.000 4.000 4.000 4.000 3.000 3.000 0.000 0.000 0.000 0.000 3.000 3.000 3.000 0.000 0.000 0.000 0.000 0.000 0.000 0.000 0.000 0.000 2.000 0.000 2.000 3.000 3.000 4.000 37.000 37.000 37.000 37.000 38.000 38.000 26.000 53.000 53.000 57.000 56.000 48.000 42.000 48.000 49.000 61.000 61.000 49.000 57.000 45.000 51.000 45.000 54.000 44.000 65.000 57.000 45.000 50.000 57.000 53.000 54.000 50.000 57.000 45.000 48.000 57.000 52.000 56.000 42.000 45.000 57.000 50.000 54.000 57.000 57.000 52.000 61.000 57.000 45.000 48.000 56.000 49.000 53.000 59.000 52.000 57.000 57.000 49.000 51.000 57.000 48.000 68.000 61.000 57.000 49.000 57.000 49.000 49.000 57.000 52.000 61.000 50.000 57.000 65.000 51.000 45.000 51.000 53.000 42.000 52.000 46.000 54.000 52.000 57.000 52.000 59.000 60.000 59.000 55.000 55.000 62.000 51.000 60.000 59.000 55.000 59.000 55.000 54.000 64.000 59.000 49.000 55.000 60.000 57.000 72.000 72.000 72.000 67.000 72.000 71.000 79.000 87.000 87.000 85.000 57.000 58.000 54.000 63.000 51.000 52.000 54.000 57.000 54.000 54.000 57.000 59.000 57.000 57.000 57.000 54.000 54.000
VAdist IGKV2-6*01 0.000 3.000 3.000 7.000 7.000 7.000 7.000 7.000 7.000 9.000 5.000 5.000 2.000 2.000 2.000 2.000 18.000 18.000 18.000 11.000 11.000 11.000 4.000 4.000 7.000 7.000 7.000 7.000 0.000 0.000 3.000 3.000 3.000 3.000 0.000 0.000 0.000 3.000 3.000 3.000 3.000 3.000 3.000 3.000 3.000 3.000 5.000 3.000 5.000 0.000 0.000 7.000 37.000 37.000 37.000 37.000 38.000 38.000 29.000 53.000 53.000 57.000 56.000 48.000 42.000 48.000 49.000 61.000 61.000 49.000 57.000 45.000 51.000 45.000 54.000 44.000 65.000 57.000 45.000 50.000 57.000 53.000 54.000 50.000 57.000 45.000 48.000 57.000 52.000 56.000 42.000 45.000 57.000 50.000 54.000 57.000 57.000 52.000 61.000 57.000 45.000 48.000 56.000 49.000 53.000 59.000 52.000 57.000 57.000 49.000 51.000 57.000 48.000 68.000 61.000 57.000 49.000 57.000 49.000 49.000 57.000 52.000 61.000 50.000 57.000 63.000 51.000 45.000 51.000 53.000 42.000 52.000 46.000 54.000 52.000 57.000 52.000 59.000 60.000 59.000 55.000 55.000 62.000 51.000 60.000 59.000 55.000 59.000 55.000 54.000 64.000 59.000 49.000 55.000 60.000 57.000 72.000 72.000 72.000 67.000 72.000 71.000 79.000 87.000 87.000 85.000 57.000 58.000 54.000 63.000 51.000 52.000 54.000 57.000 54.000 54.000 57.000 59.000 57.000 57.000 57.000 54.000 54.000
VAdist IGKV2-6*02 0.000 3.000 3.000 7.000 7.000 7.000 7.000 7.000 7.000 9.000 5.000 5.000 2.000 2.000 2.000 2.000 18.000 18.000 18.000 11.000 11.000 11.000 4.000 4.000 7.000 7.000 7.000 7.000 0.000 0.000 3.000 3.000 3.000 3.000 0.000 0.000 0.000 3.000 3.000 3.000 3.000 3.000 3.000 3.000 3.000 3.000 5.000 3.000 5.000 0.000 0.000 7.000 37.000 37.000 37.000 37.000 38.000 38.000 29.000 53.000 53.000 57.000 56.000 48.000 42.000 48.000 49.000 61.000 61.000 49.000 57.000 45.000 51.000 45.000 54.000 44.000 65.000 57.000 45.000 50.000 57.000 53.000 54.000 50.000 57.000 45.000 48.000 57.000 52.000 56.000 42.000 45.000 57.000 50.000 54.000 57.000 57.000 52.000 61.000 57.000 45.000 48.000 56.000 49.000 53.000 59.000 52.000 57.000 57.000 49.000 51.000 57.000 48.000 68.000 61.000 57.000 49.000 57.000 49.000 49.000 57.000 52.000 61.000 50.000 57.000 63.000 51.000 45.000 51.000 53.000 42.000 52.000 46.000 54.000 52.000 57.000 52.000 59.000 60.000 59.000 55.000 55.000 62.000 51.000 60.000 59.000 55.000 59.000 55.000 54.000 64.000 59.000 49.000 55.000 60.000 57.000 72.000 72.000 72.000 67.000 72.000 71.000 79.000 87.000 87.000 85.000 57.000 58.000 54.000 63.000 51.000 52.000 54.000 57.000 54.000 54.000 57.000 59.000 57.000 57.000 57.000 54.000 54.000
VAdist IGKV2-6*03 0.000 3.000 3.000 7.000 7.000 7.000 7.000 7.000 7.000 9.000 5.000 5.000 2.000 2.000 2.000 2.000 18.000 18.000 18.000 11.000 11.000 11.000 4.000 4.000 7.000 7.000 7.000 7.000 0.000 0.000 3.000 3.000 3.000 3.000 0.000 0.000 0.000 3.000 3.000 3.000 3.000 3.000 3.000 3.000 3.000 3.000 5.000 3.000 5.000 0.000 0.000 7.000 37.000 37.000 37.000 37.000 38.000 38.000 29.000 53.000 53.000 57.000 56.000 48.000 42.000 48.000 49.000 61.000 61.000 49.000 57.000 45.000 51.000 45.000 54.000 44.000 65.000 57.000 45.000 50.000 57.000 53.000 54.000 50.000 57.000 45.000 48.000 57.000 52.000 56.000 42.000 45.000 57.000 50.000 54.000 57.000 57.000 52.000 61.000 57.000 45.000 48.000 56.000 49.000 53.000 59.000 52.000 57.000 57.000 49.000 51.000 57.000 48.000 68.000 61.000 57.000 49.000 57.000 49.000 49.000 57.000 52.000 61.000 50.000 57.000 63.000 51.000 45.000 51.000 53.000 42.000 52.000 46.000 54.000 52.000 57.000 52.000 59.000 60.000 59.000 55.000 55.000 62.000 51.000 60.000 59.000 55.000 59.000 55.000 54.000 64.000 59.000 49.000 55.000 60.000 57.000 72.000 72.000 72.000 67.000 72.000 71.000 79.000 87.000 87.000 85.000 57.000 58.000 54.000 63.000 51.000 52.000 54.000 57.000 54.000 54.000 57.000 59.000 57.000 57.000 57.000 54.000 54.000
VAdist IGKV2-6-1*02 3.000 0.000 0.000 4.000 4.000 4.000 4.000 4.000 4.000 6.000 2.000 2.000 5.000 5.000 5.000 5.000 21.000 21.000 21.000 8.000 8.000 8.000 7.000 7.000 4.000 4.000 4.000 4.000 3.000 3.000 0.000 0.000 0.000 0.000 3.000 3.000 3.000 0.000 0.000 0.000 0.000 0.000 0.000 0.000 0.000 0.000 2.000 0.000 2.000 3.000 3.000 4.000 37.000 37.000 37.000 37.000 38.000 38.000 26.000 53.000 53.000 57.000 56.000 48.000 42.000 48.000 49.000 61.000 61.000 49.000 57.000 45.000 51.000 45.000 54.000 44.000 65.000 57.000 45.000 50.000 57.000 53.000 54.000 50.000 57.000 45.000 48.000 57.000 52.000 56.000 42.000 45.000 57.000 50.000 54.000 57.000 57.000 52.000 61.000 57.000 45.000 48.000 56.000 49.000 53.000 59.000 52.000 57.000 57.000 49.000 51.000 57.000 48.000 68.000 61.000 57.000 49.000 57.000 49.000 49.000 57.000 52.000 61.000 50.000 57.000 65.000 51.000 45.000 51.000 53.000 42.000 52.000 46.000 54.000 52.000 57.000 52.000 59.000 60.000 59.000 55.000 55.000 62.000 51.000 60.000 59.000 55.000 59.000 55.000 54.000 64.000 59.000 49.000 55.000 60.000 57.000 72.000 72.000 72.000 67.000 72.000 71.000 79.000 87.000 87.000 85.000 57.000 58.000 54.000 63.000 51.000 52.000 54.000 57.000 54.000 54.000 57.000 59.000 57.000 57.000 57.000 54.000 54.000
VAdist IGKV2-6-1*03 3.000 0.000 0.000 4.000 4.000 4.000 4.000 4.000 4.000 6.000 2.000 2.000 5.000 5.000 5.000 5.000 21.000 21.000 21.000 8.000 8.000 8.000 7.000 7.000 4.000 4.000 4.000 4.000 3.000 3.000 0.000 0.000 0.000 0.000 3.000 3.000 3.000 0.000 0.000 0.000 0.000 0.000 0.000 0.000 0.000 0.000 2.000 0.000 2.000 3.000 3.000 4.000 37.000 37.000 37.000 37.000 38.000 38.000 26.000 53.000 53.000 57.000 56.000 48.000 42.000 48.000 49.000 61.000 61.000 49.000 57.000 45.000 51.000 45.000 54.000 44.000 65.000 57.000 45.000 50.000 57.000 53.000 54.000 50.000 57.000 45.000 48.000 57.000 52.000 56.000 42.000 45.000 57.000 50.000 54.000 57.000 57.000 52.000 61.000 57.000 45.000 48.000 56.000 49.000 53.000 59.000 52.000 57.000 57.000 49.000 51.000 57.000 48.000 68.000 61.000 57.000 49.000 57.000 49.000 49.000 57.000 52.000 61.000 50.000 57.000 65.000 51.000 45.000 51.000 53.000 42.000 52.000 46.000 54.000 52.000 57.000 52.000 59.000 60.000 59.000 55.000 55.000 62.000 51.000 60.000 59.000 55.000 59.000 55.000 54.000 64.000 59.000 49.000 55.000 60.000 57.000 72.000 72.000 72.000 67.000 72.000 71.000 79.000 87.000 87.000 85.000 57.000 58.000 54.000 63.000 51.000 52.000 54.000 57.000 54.000 54.000 57.000 59.000 57.000 57.000 57.000 54.000 54.000
VAdist IGKV2-6-1*04 3.000 0.000 0.000 4.000 4.000 4.000 4.000 4.000 4.000 6.000 2.000 2.000 5.000 5.000 5.000 5.000 21.000 21.000 21.000 8.000 8.000 8.000 7.000 7.000 4.000 4.000 4.000 4.000 3.000 3.000 0.000 0.000 0.000 0.000 3.000 3.000 3.000 0.000 0.000 0.000 0.000 0.000 0.000 0.000 0.000 0.000 2.000 0.000 2.000 3.000 3.000 4.000 37.000 37.000 37.000 37.000 38.000 38.000 26.000 53.000 53.000 57.000 56.000 48.000 42.000 48.000 49.000 61.000 61.000 49.000 57.000 45.000 51.000 45.000 54.000 44.000 65.000 57.000 45.000 50.000 57.000 53.000 54.000 50.000 57.000 45.000 48.000 57.000 52.000 56.000 42.000 45.000 57.000 50.000 54.000 57.000 57.000 52.000 61.000 57.000 45.000 48.000 56.000 49.000 53.000 59.000 52.000 57.000 57.000 49.000 51.000 57.000 48.000 68.000 61.000 57.000 49.000 57.000 49.000 49.000 57.000 52.000 61.000 50.000 57.000 65.000 51.000 45.000 51.000 53.000 42.000 52.000 46.000 54.000 52.000 57.000 52.000 59.000 60.000 59.000 55.000 55.000 62.000 51.000 60.000 59.000 55.000 59.000 55.000 54.000 64.000 59.000 49.000 55.000 60.000 57.000 72.000 72.000 72.000 67.000 72.000 71.000 79.000 87.000 87.000 85.000 57.000 58.000 54.000 63.000 51.000 52.000 54.000 57.000 54.000 54.000 57.000 59.000 57.000 57.000 57.000 54.000 54.000
VAdist IGKV2-7*01 3.000 0.000 0.000 4.000 4.000 4.000 4.000 4.000 4.000 6.000 2.000 2.000 5.000 5.000 5.000 5.000 21.000 21.000 21.000 8.000 8.000 8.000 7.000 7.000 4.000 4.000 4.000 4.000 3.000 3.000 0.000 0.000 0.000 0.000 3.000 3.000 3.000 0.000 0.000 0.000 0.000 0.000 0.000 0.000 0.000 0.000 2.000 0.000 2.000 3.000 3.000 4.000 37.000 37.000 37.000 37.000 38.000 38.000 26.000 53.000 53.000 57.000 56.000 48.000 42.000 48.000 49.000 61.000 61.000 49.000 57.000 45.000 51.000 45.000 54.000 44.000 65.000 57.000 45.000 50.000 57.000 53.000 54.000 50.000 57.000 45.000 48.000 57.000 52.000 56.000 42.000 45.000 57.000 50.000 54.000 57.000 57.000 52.000 61.000 57.000 45.000 48.000 56.000 49.000 53.000 59.000 52.000 57.000 57.000 49.000 51.000 57.000 48.000 68.000 61.000 57.000 49.000 57.000 49.000 49.000 57.000 52.000 61.000 50.000 57.000 65.000 51.000 45.000 51.000 53.000 42.000 52.000 46.000 54.000 52.000 57.000 52.000 59.000 60.000 59.000 55.000 55.000 62.000 51.000 60.000 59.000 55.000 59.000 55.000 54.000 64.000 59.000 49.000 55.000 60.000 57.000 72.000 72.000 72.000 67.000 72.000 71.000 79.000 87.000 87.000 85.000 57.000 58.000 54.000 63.000 51.000 52.000 54.000 57.000 54.000 54.000 57.000 59.000 57.000 57.000 57.000 54.000 54.000
VAdist IGKV2-7*02 3.000 0.000 0.000 4.000 4.000 4.000 4.000 4.000 4.000 6.000 2.000 2.000 5.000 5.000 5.000 5.000 21.000 21.000 21.000 8.000 8.000 8.000 7.000 7.000 4.000 4.000 4.000 4.000 3.000 3.000 0.000 0.000 0.000 0.000 3.000 3.000 3.000 0.000 0.000 0.000 0.000 0.000 0.000 0.000 0.000 0.000 2.000 0.000 2.000 3.000 3.000 4.000 37.000 37.000 37.000 37.000 38.000 38.000 26.000 53.000 53.000 57.000 56.000 48.000 42.000 48.000 49.000 61.000 61.000 49.000 57.000 45.000 51.000 45.000 54.000 44.000 65.000 57.000 45.000 50.000 57.000 53.000 54.000 50.000 57.000 45.000 48.000 57.000 52.000 56.000 42.000 45.000 57.000 50.000 54.000 57.000 57.000 52.000 61.000 57.000 45.000 48.000 56.000 49.000 53.000 59.000 52.000 57.000 57.000 49.000 51.000 57.000 48.000 68.000 61.000 57.000 49.000 57.000 49.000 49.000 57.000 52.000 61.000 50.000 57.000 65.000 51.000 45.000 51.000 53.000 42.000 52.000 46.000 54.000 52.000 57.000 52.000 59.000 60.000 59.000 55.000 55.000 62.000 51.000 60.000 59.000 55.000 59.000 55.000 54.000 64.000 59.000 49.000 55.000 60.000 57.000 72.000 72.000 72.000 67.000 72.000 71.000 79.000 87.000 87.000 85.000 57.000 58.000 54.000 63.000 51.000 52.000 54.000 57.000 54.000 54.000 57.000 59.000 57.000 57.000 57.000 54.000 54.000
VAdist IGKV2-7*03 3.000 0.000 0.000 4.000 4.000 4.000 4.000 4.000 4.000 6.000 2.000 2.000 5.000 5.000 5.000 5.000 21.000 21.000 21.000 8.000 8.000 8.000 7.000 7.000 4.000 4.000 4.000 4.000 3.000 3.000 0.000 0.000 0.000 0.000 3.000 3.000 3.000 0.000 0.000 0.000 0.000 0.000 0.000 0.000 0.000 0.000 2.000 0.000 2.000 3.000 3.000 4.000 37.000 37.000 37.000 37.000 38.000 38.000 26.000 53.000 53.000 57.000 56.000 48.000 42.000 48.000 49.000 61.000 61.000 49.000 57.000 45.000 51.000 45.000 54.000 44.000 65.000 57.000 45.000 50.000 57.000 53.000 54.000 50.000 57.000 45.000 48.000 57.000 52.000 56.000 42.000 45.000 57.000 50.000 54.000 57.000 57.000 52.000 61.000 57.000 45.000 48.000 56.000 49.000 53.000 59.000 52.000 57.000 57.000 49.000 51.000 57.000 48.000 68.000 61.000 57.000 49.000 57.000 49.000 49.000 57.000 52.000 61.000 50.000 57.000 65.000 51.000 45.000 51.000 53.000 42.000 52.000 46.000 54.000 52.000 57.000 52.000 59.000 60.000 59.000 55.000 55.000 62.000 51.000 60.000 59.000 55.000 59.000 55.000 54.000 64.000 59.000 49.000 55.000 60.000 57.000 72.000 72.000 72.000 67.000 72.000 71.000 79.000 87.000 87.000 85.000 57.000 58.000 54.000 63.000 51.000 52.000 54.000 57.000 54.000 54.000 57.000 59.000 57.000 57.000 57.000 54.000 54.000
VAdist IGKV2-7-1*01 3.000 0.000 0.000 4.000 4.000 4.000 4.000 4.000 4.000 6.000 2.000 2.000 5.000 5.000 5.000 5.000 21.000 21.000 21.000 8.000 8.000 8.000 7.000 7.000 4.000 4.000 4.000 4.000 3.000 3.000 0.000 0.000 0.000 0.000 3.000 3.000 3.000 0.000 0.000 0.000 0.000 0.000 0.000 0.000 0.000 0.000 2.000 0.000 2.000 3.000 3.000 4.000 37.000 37.000 37.000 37.000 38.000 38.000 26.000 53.000 53.000 57.000 56.000 48.000 42.000 48.000 49.000 61.000 61.000 49.000 57.000 45.000 51.000 45.000 54.000 44.000 65.000 57.000 45.000 50.000 57.000 53.000 54.000 50.000 57.000 45.000 48.000 57.000 52.000 56.000 42.000 45.000 57.000 50.000 54.000 57.000 57.000 52.000 61.000 57.000 45.000 48.000 56.000 49.000 53.000 59.000 52.000 57.000 57.000 49.000 51.000 57.000 48.000 68.000 61.000 57.000 49.000 57.000 49.000 49.000 57.000 52.000 61.000 50.000 57.000 65.000 51.000 45.000 51.000 53.000 42.000 52.000 46.000 54.000 52.000 57.000 52.000 59.000 60.000 59.000 55.000 55.000 62.000 51.000 60.000 59.000 55.000 59.000 55.000 54.000 64.000 59.000 49.000 55.000 60.000 57.000 72.000 72.000 72.000 67.000 72.000 71.000 79.000 87.000 87.000 85.000 57.000 58.000 54.000 63.000 51.000 52.000 54.000 57.000 54.000 54.000 57.000 59.000 57.000 57.000 57.000 54.000 54.000
VAdist IGKV2-7-1*02 3.000 0.000 0.000 4.000 4.000 4.000 4.000 4.000 4.000 6.000 2.000 2.000 5.000 5.000 5.000 5.000 21.000 21.000 21.000 8.000 8.000 8.000 7.000 7.000 4.000 4.000 4.000 4.000 3.000 3.000 0.000 0.000 0.000 0.000 3.000 3.000 3.000 0.000 0.000 0.000 0.000 0.000 0.000 0.000 0.000 0.000 2.000 0.000 2.000 3.000 3.000 4.000 37.000 37.000 37.000 37.000 38.000 38.000 26.000 53.000 53.000 57.000 56.000 48.000 42.000 48.000 49.000 61.000 61.000 49.000 57.000 45.000 51.000 45.000 54.000 44.000 65.000 57.000 45.000 50.000 57.000 53.000 54.000 50.000 57.000 45.000 48.000 57.000 52.000 56.000 42.000 45.000 57.000 50.000 54.000 57.000 57.000 52.000 61.000 57.000 45.000 48.000 56.000 49.000 53.000 59.000 52.000 57.000 57.000 49.000 51.000 57.000 48.000 68.000 61.000 57.000 49.000 57.000 49.000 49.000 57.000 52.000 61.000 50.000 57.000 65.000 51.000 45.000 51.000 53.000 42.000 52.000 46.000 54.000 52.000 57.000 52.000 59.000 60.000 59.000 55.000 55.000 62.000 51.000 60.000 59.000 55.000 59.000 55.000 54.000 64.000 59.000 49.000 55.000 60.000 57.000 72.000 72.000 72.000 67.000 72.000 71.000 79.000 87.000 87.000 85.000 57.000 58.000 54.000 63.000 51.000 52.000 54.000 57.000 54.000 54.000 57.000 59.000 57.000 57.000 57.000 54.000 54.000
VAdist IGKV2-7-2*01 3.000 0.000 0.000 4.000 4.000 4.000 4.000 4.000 4.000 6.000 2.000 2.000 5.000 5.000 5.000 5.000 21.000 21.000 21.000 8.000 8.000 8.000 7.000 7.000 4.000 4.000 4.000 4.000 3.000 3.000 0.000 0.000 0.000 0.000 3.000 3.000 3.000 0.000 0.000 0.000 0.000 0.000 0.000 0.000 0.000 0.000 2.000 0.000 2.000 3.000 3.000 4.000 37.000 37.000 37.000 37.000 38.000 38.000 26.000 53.000 53.000 57.000 56.000 48.000 42.000 48.000 49.000 61.000 61.000 49.000 57.000 45.000 51.000 45.000 54.000 44.000 65.000 57.000 45.000 50.000 57.000 53.000 54.000 50.000 57.000 45.000 48.000 57.000 52.000 56.000 42.000 45.000 57.000 50.000 54.000 57.000 57.000 52.000 61.000 57.000 45.000 48.000 56.000 49.000 53.000 59.000 52.000 57.000 57.000 49.000 51.000 57.000 48.000 68.000 61.000 57.000 49.000 57.000 49.000 49.000 57.000 52.000 61.000 50.000 57.000 65.000 51.000 45.000 51.000 53.000 42.000 52.000 46.000 54.000 52.000 57.000 52.000 59.000 60.000 59.000 55.000 55.000 62.000 51.000 60.000 59.000 55.000 59.000 55.000 54.000 64.000 59.000 49.000 55.000 60.000 57.000 72.000 72.000 72.000 67.000 72.000 71.000 79.000 87.000 87.000 85.000 57.000 58.000 54.000 63.000 51.000 52.000 54.000 57.000 54.000 54.000 57.000 59.000 57.000 57.000 57.000 54.000 54.000
VAdist IGKV2-8*01 5.000 2.000 2.000 4.000 4.000 4.000 4.000 4.000 4.000 4.000 0.000 0.000 3.000 3.000 3.000 3.000 22.000 22.000 22.000 8.000 8.000 8.000 7.000 7.000 4.000 4.000 4.000 4.000 5.000 5.000 2.000 2.000 2.000 2.000 5.000 5.000 5.000 2.000 2.000 2.000 2.000 2.000 2.000 2.000 2.000 2.000 0.000 2.000 0.000 5.000 5.000 4.000 37.000 37.000 37.000 37.000 38.000 38.000 26.000 53.000 53.000 57.000 56.000 48.000 42.000 48.000 49.000 61.000 61.000 49.000 57.000 45.000 51.000 45.000 54.000 44.000 65.000 57.000 45.000 50.000 57.000 53.000 54.000 50.000 57.000 45.000 46.000 57.000 52.000 56.000 42.000 45.000 57.000 50.000 54.000 57.000 57.000 52.000 61.000 57.000 45.000 48.000 56.000 49.000 53.000 59.000 52.000 57.000 57.000 49.000 51.000 57.000 48.000 68.000 61.000 57.000 49.000 57.000 49.000 49.000 57.000 52.000 61.000 50.000 57.000 65.000 51.000 45.000 51.000 53.000 42.000 52.000 46.000 54.000 52.000 57.000 52.000 59.000 60.000 59.000 57.000 57.000 62.000 53.000 60.000 59.000 57.000 59.000 57.000 55.000 64.000 59.000 47.000 57.000 60.000 55.000 72.000 72.000 72.000 69.000 72.000 71.000 79.000 87.000 87.000 85.000 57.000 58.000 52.000 63.000 51.000 50.000 54.000 57.000 54.000 54.000 57.000 59.000 57.000 57.000 57.000 54.000 54.000
VAdist IGKV2-8*02 3.000 0.000 0.000 4.000 4.000 4.000 4.000 4.000 4.000 6.000 2.000 2.000 5.000 5.000 5.000 5.000 21.000 21.000 21.000 8.000 8.000 8.000 7.000 7.000 4.000 4.000 4.000 4.000 3.000 3.000 0.000 0.000 0.000 0.000 3.000 3.000 3.000 0.000 0.000 0.000 0.000 0.000 0.000 0.000 0.000 0.000 2.000 0.000 2.000 3.000 3.000 4.000 37.000 37.000 37.000 37.000 38.000 38.000 26.000 53.000 53.000 57.000 56.000 48.000 42.000 48.000 49.000 61.000 61.000 49.000 57.000 45.000 51.000 45.000 54.000 44.000 65.000 57.000 45.000 50.000 57.000 53.000 54.000 50.000 57.000 45.000 48.000 57.000 52.000 56.000 42.000 45.000 57.000 50.000 54.000 57.000 57.000 52.000 61.000 57.000 45.000 48.000 56.000 49.000 53.000 59.000 52.000 57.000 57.000 49.000 51.000 57.000 48.000 68.000 61.000 57.000 49.000 57.000 49.000 49.000 57.000 52.000 61.000 50.000 57.000 65.000 51.000 45.000 51.000 53.000 42.000 52.000 46.000 54.000 52.000 57.000 52.000 59.000 60.000 59.000 55.000 55.000 62.000 51.000 60.000 59.000 55.000 59.000 55.000 54.000 64.000 59.000 49.000 55.000 60.000 57.000 72.000 72.000 72.000 67.000 72.000 71.000 79.000 87.000 87.000 85.000 57.000 58.000 54.000 63.000 51.000 52.000 54.000 57.000 54.000 54.000 57.000 59.000 57.000 57.000 57.000 54.000 54.000
VAdist IGKV2-8*03 5.000 2.000 2.000 4.000 4.000 4.000 4.000 4.000 4.000 4.000 0.000 0.000 3.000 3.000 3.000 3.000 22.000 22.000 22.000 8.000 8.000 8.000 7.000 7.000 4.000 4.000 4.000 4.000 5.000 5.000 2.000 2.000 2.000 2.000 5.000 5.000 5.000 2.000 2.000 2.000 2.000 2.000 2.000 2.000 2.000 2.000 0.000 2.000 0.000 5.000 5.000 4.000 37.000 37.000 37.000 37.000 38.000 38.000 26.000 53.000 53.000 57.000 56.000 48.000 42.000 48.000 49.000 61.000 61.000 49.000 57.000 45.000 51.000 45.000 54.000 44.000 65.000 57.000 45.000 50.000 57.000 53.000 54.000 50.000 57.000 45.000 46.000 57.000 52.000 56.000 42.000 45.000 57.000 50.000 54.000 57.000 57.000 52.000 61.000 57.000 45.000 48.000 56.000 49.000 53.000 59.000 52.000 57.000 57.000 49.000 51.000 57.000 48.000 68.000 61.000 57.000 49.000 57.000 49.000 49.000 57.000 52.000 61.000 50.000 57.000 65.000 51.000 45.000 51.000 53.000 42.000 52.000 46.000 54.000 52.000 57.000 52.000 59.000 60.000 59.000 57.000 57.000 62.000 53.000 60.000 59.000 57.000 59.000 57.000 55.000 64.000 59.000 47.000 57.000 60.000 55.000 72.000 72.000 72.000 69.000 72.000 71.000 79.000 87.000 87.000 85.000 57.000 58.000 52.000 63.000 51.000 50.000 54.000 57.000 54.000 54.000 57.000 59.000 57.000 57.000 57.000 54.000 54.000
VAdist IGKV2-9*01 0.000 3.000 3.000 7.000 7.000 7.000 7.000 7.000 7.000 9.000 5.000 5.000 2.000 2.000 2.000 2.000 18.000 18.000 18.000 11.000 11.000 11.000 4.000 4.000 7.000 7.000 7.000 7.000 0.000 0.000 3.000 3.000 3.000 3.000 0.000 0.000 0.000 3.000 3.000 3.000 3.000 3.000 3.000 3.000 3.000 3.000 5.000 3.000 5.000 0.000 0.000 7.000 37.000 37.000 37.000 37.000 38.000 38.000 29.000 53.000 53.000 57.000 56.000 48.000 42.000 48.000 49.000 61.000 61.000 49.000 57.000 45.000 51.000 45.000 54.000 44.000 65.000 57.000 45.000 50.000 57.000 53.000 54.000 50.000 57.000 45.000 48.000 57.000 52.000 56.000 42.000 45.000 57.000 50.000 54.000 57.000 57.000 52.000 61.000 57.000 45.000 48.000 56.000 49.000 53.000 59.000 52.000 57.000 57.000 49.000 51.000 57.000 48.000 68.000 61.000 57.000 49.000 57.000 49.000 49.000 57.000 52.000 61.000 50.000 57.000 63.000 51.000 45.000 51.000 53.000 42.000 52.000 46.000 54.000 52.000 57.000 52.000 59.000 60.000 59.000 55.000 55.000 62.000 51.000 60.000 59.000 55.000 59.000 55.000 54.000 64.000 59.000 49.000 55.000 60.000 57.000 72.000 72.000 72.000 67.000 72.000 71.000 79.000 87.000 87.000 85.000 57.000 58.000 54.000 63.000 51.000 52.000 54.000 57.000 54.000 54.000 57.000 59.000 57.000 57.000 57.000 54.000 54.000
VAdist IGKV2-9*02 0.000 3.000 3.000 7.000 7.000 7.000 7.000 7.000 7.000 9.000 5.000 5.000 2.000 2.000 2.000 2.000 18.000 18.000 18.000 11.000 11.000 11.000 4.000 4.000 7.000 7.000 7.000 7.000 0.000 0.000 3.000 3.000 3.000 3.000 0.000 0.000 0.000 3.000 3.000 3.000 3.000 3.000 3.000 3.000 3.000 3.000 5.000 3.000 5.000 0.000 0.000 7.000 37.000 37.000 37.000 37.000 38.000 38.000 29.000 53.000 53.000 57.000 56.000 48.000 42.000 48.000 49.000 61.000 61.000 49.000 57.000 45.000 51.000 45.000 54.000 44.000 65.000 57.000 45.000 50.000 57.000 53.000 54.000 50.000 57.000 45.000 48.000 57.000 52.000 56.000 42.000 45.000 57.000 50.000 54.000 57.000 57.000 52.000 61.000 57.000 45.000 48.000 56.000 49.000 53.000 59.000 52.000 57.000 57.000 49.000 51.000 57.000 48.000 68.000 61.000 57.000 49.000 57.000 49.000 49.000 57.000 52.000 61.000 50.000 57.000 63.000 51.000 45.000 51.000 53.000 42.000 52.000 46.000 54.000 52.000 57.000 52.000 59.000 60.000 59.000 55.000 55.000 62.000 51.000 60.000 59.000 55.000 59.000 55.000 54.000 64.000 59.000 49.000 55.000 60.000 57.000 72.000 72.000 72.000 67.000 72.000 71.000 79.000 87.000 87.000 85.000 57.000 58.000 54.000 63.000 51.000 52.000 54.000 57.000 54.000 54.000 57.000 59.000 57.000 57.000 57.000 54.000 54.000
VAdist IGKV2S13*01 7.000 4.000 4.000 0.000 0.000 0.000 0.000 0.000 0.000 8.000 4.000 4.000 7.000 7.000 7.000 7.000 22.000 22.000 22.000 4.000 4.000 4.000 3.000 3.000 0.000 0.000 0.000 0.000 7.000 7.000 4.000 4.000 4.000 4.000 7.000 7.000 7.000 4.000 4.000 4.000 4.000 4.000 4.000 4.000 4.000 4.000 4.000 4.000 4.000 7.000 7.000 0.000 37.000 37.000 37.000 37.000 34.000 34.000 22.000 53.000 53.000 57.000 56.000 48.000 42.000 48.000 49.000 61.000 61.000 49.000 57.000 45.000 50.000 45.000 54.000 44.000 65.000 57.000 45.000 50.000 57.000 53.000 54.000 50.000 57.000 45.000 50.000 57.000 52.000 56.000 42.000 45.000 57.000 50.000 54.000 57.000 57.000 52.000 61.000 57.000 45.000 48.000 56.000 49.000 53.000 55.000 52.000 57.000 57.000 49.000 51.000 57.000 48.000 68.000 61.000 57.000 49.000 57.000 49.000 49.000 57.000 52.000 61.000 50.000 57.000 65.000 51.000 45.000 50.000 53.000 42.000 52.000 46.000 54.000 52.000 57.000 52.000 59.000 60.000 59.000 59.000 59.000 62.000 55.000 60.000 59.000 59.000 59.000 59.000 55.000 64.000 59.000 51.000 59.000 60.000 59.000 71.000 71.000 71.000 71.000 71.000 70.000 79.000 87.000 87.000 85.000 57.000 58.000 56.000 63.000 51.000 54.000 54.000 57.000 54.000 54.000 57.000 59.000 57.000 57.000 57.000 54.000 54.000
VAdist IGKV3-18*01 37.000 37.000 37.000 37.000 37.000 37.000 37.000 37.000 37.000 41.000 37.000 37.000 37.000 37.000 37.000 37.000 35.000 35.000 35.000 37.000 37.000 37.000 37.000 37.000 37.000 37.000 37.000 37.000 37.000 37.000 37.000 37.000 37.000 37.000 37.000 37.000 37.000 37.000 37.000 37.000 37.000 37.000 37.000 37.000 37.000 37.000 37.000 37.000 37.000 37.000 37.000 37.000 0.000 0.000 4.000 0.000 12.000 12.000 42.000 31.000 31.000 51.000 46.000 42.000 35.000 35.000 38.000 44.000 51.000 38.000 46.000 38.000 45.000 35.000 43.000 31.000 70.000 43.000 38.000 41.000 47.000 51.000 43.000 38.000 43.000 39.000 41.000 47.000 38.000 50.000 35.000 39.000 43.000 38.000 43.000 51.000 51.000 39.000 51.000 51.000 35.000 37.000 46.000 39.000 38.000 50.000 41.000 43.000 47.000 42.000 46.000 43.000 41.000 72.000 51.000 45.000 37.000 43.000 42.000 34.000 51.000 45.000 44.000 37.000 51.000 64.000 45.000 38.000 45.000 41.000 35.000 38.000 34.000 43.000 38.000 47.000 35.000 32.000 40.000 36.000 39.000 39.000 42.000 32.000 40.000 36.000 39.000 32.000 39.000 36.000 40.000 36.000 31.000 39.000 40.000 36.000 59.000 59.000 59.000 56.000 59.000 52.000 75.000 84.000 80.000 78.000 42.000 43.000 41.000 51.000 39.000 39.000 39.000 42.000 39.000 39.000 42.000 44.000 42.000 42.000 42.000 39.000 39.000
VAdist IGKV3-18*02 37.000 37.000 37.000 37.000 37.000 37.000 37.000 37.000 37.000 41.000 37.000 37.000 37.000 37.000 37.000 37.000 35.000 35.000 35.000 37.000 37.000 37.000 37.000 37.000 37.000 37.000 37.000 37.000 37.000 37.000 37.000 37.000 37.000 37.000 37.000 37.000 37.000 37.000 37.000 37.000 37.000 37.000 37.000 37.000 37.000 37.000 37.000 37.000 37.000 37.000 37.000 37.000 0.000 0.000 4.000 0.000 12.000 12.000 42.000 31.000 31.000 51.000 46.000 42.000 35.000 35.000 38.000 44.000 51.000 38.000 46.000 38.000 45.000 35.000 43.000 31.000 70.000 43.000 38.000 41.000 47.000 51.000 43.000 38.000 43.000 39.000 41.000 47.000 38.000 50.000 35.000 39.000 43.000 38.000 43.000 51.000 51.000 39.000 51.000 51.000 35.000 37.000 46.000 39.000 38.000 50.000 41.000 43.000 47.000 42.000 46.000 43.000 41.000 72.000 51.000 45.000 37.000 43.000 42.000 34.000 51.000 45.000 44.000 37.000 51.000 64.000 45.000 38.000 45.000 41.000 35.000 38.000 34.000 43.000 38.000 47.000 35.000 32.000 40.000 36.000 39.000 39.000 42.000 32.000 40.000 36.000 39.000 32.000 39.000 36.000 40.000 36.000 31.000 39.000 40.000 36.000 59.000 59.000 59.000 56.000 59.000 52.000 75.000 84.000 80.000 78.000 42.000 43.000 41.000 51.000 39.000 39.000 39.000 42.000 39.000 39.000 42.000 44.000 42.000 42.000 42.000 39.000 39.000
VAdist IGKV3-18*03 37.000 37.000 37.000 37.000 37.000 37.000 37.000 37.000 37.000 41.000 37.000 37.000 37.000 37.000 37.000 37.000 31.000 31.000 31.000 37.000 37.000 37.000 37.000 37.000 37.000 37.000 37.000 37.000 37.000 37.000 37.000 37.000 37.000 37.000 37.000 37.000 37.000 37.000 37.000 37.000 37.000 37.000 37.000 37.000 37.000 37.000 37.000 37.000 37.000 37.000 37.000 37.000 4.000 4.000 0.000 4.000 8.000 8.000 38.000 27.000 27.000 51.000 46.000 42.000 35.000 35.000 42.000 44.000 51.000 38.000 46.000 38.000 45.000 35.000 43.000 31.000 70.000 47.000 38.000 41.000 47.000 51.000 43.000 38.000 47.000 39.000 41.000 47.000 42.000 50.000 35.000 39.000 47.000 38.000 43.000 51.000 51.000 39.000 51.000 51.000 35.000 37.000 46.000 39.000 38.000 50.000 45.000 47.000 47.000 42.000 46.000 47.000 41.000 72.000 51.000 49.000 37.000 47.000 42.000 34.000 51.000 45.000 44.000 37.000 51.000 64.000 45.000 38.000 45.000 45.000 35.000 42.000 34.000 43.000 42.000 51.000 39.000 32.000 40.000 36.000 39.000 39.000 42.000 32.000 40.000 36.000 39.000 32.000 39.000 36.000 40.000 36.000 31.000 39.000 40.000 36.000 59.000 59.000 59.000 56.000 59.000 52.000 75.000 84.000 80.000 78.000 46.000 47.000 45.000 55.000 43.000 43.000 43.000 46.000 43.000 43.000 46.000 48.000 46.000 46.000 46.000 43.000 43.000
VAdist IGKV3-18*04 37.000 37.000 37.000 37.000 37.000 37.000 37.000 37.000 37.000 41.000 37.000 37.000 37.000 37.000 37.000 37.000 35.000 35.000 35.000 37.000 37.000 37.000 37.000 37.000 37.000 37.000 37.000 37.000 37.000 37.000 37.000 37.000 37.000 37.000 37.000 37.000 37.000 37.000 37.000 37.000 37.000 37.000 37.000 37.000 37.000 37.000 37.000 37.000 37.000 37.000 37.000 37.000 0.000 0.000 4.000 0.000 12.000 12.000 42.000 31.000 31.000 51.000 46.000 42.000 35.000 35.000 38.000 44.000 51.000 38.000 46.000 38.000 45.000 35.000 43.000 31.000 70.000 43.000 38.000 41.000 47.000 51.000 43.000 38.000 43.000 39.000 41.000 47.000 38.000 50.000 35.000 39.000 43.000 38.000 43.000 51.000 51.000 39.000 51.000 51.000 35.000 37.000 46.000 39.000 38.000 50.000 41.000 43.000 47.000 42.000 46.000 43.000 41.000 72.000 51.000 45.000 37.000 43.000 42.000 34.000 51.000 45.000 44.000 37.000 51.000 64.000 45.000 38.000 45.000 41.000 35.000 38.000 34.000 43.000 38.000 47.000 35.000 32.000 40.000 36.000 39.000 39.000 42.000 32.000 40.000 36.000 39.000 32.000 39.000 36.000 40.000 36.000 31.000 39.000 40.000 36.000 59.000 59.000 59.000 56.000 59.000 52.000 75.000 84.000 80.000 78.000 42.000 43.000 41.000 51.000 39.000 39.000 39.000 42.000 39.000 39.000 42.000 44.000 42.000 42.000 42.000 39.000 39.000
VAdist IGKV4-1*01 38.000 38.000 38.000 34.000 34.000 34.000 34.000 34.000 34.000 42.000 38.000 38.000 38.000 38.000 38.000 38.000 35.000 35.000 35.000 34.000 34.000 34.000 34.000 34.000 34.000 34.000 34.000 34.000 38.000 38.000 38.000 38.000 38.000 38.000 38.000 38.000 38.000 38.000 38.000 38.000 38.000 38.000 38.000 38.000 38.000 38.000 38.000 38.000 38.000 38.000 38.000 34.000 12.000 12.000 8.000 12.000 0.000 0.000 35.000 32.000 32.000 51.000 50.000 42.000 35.000 35.000 46.000 44.000 55.000 42.000 47.000 38.000 45.000 35.000 47.000 35.000 71.000 51.000 34.000 42.000 51.000 51.000 47.000 38.000 51.000 35.000 42.000 51.000 46.000 50.000 35.000 35.000 51.000 38.000 47.000 51.000 51.000 43.000 51.000 51.000 39.000 42.000 50.000 39.000 42.000 46.000 46.000 51.000 51.000 42.000 46.000 51.000 42.000 73.000 51.000 50.000 41.000 51.000 42.000 38.000 51.000 46.000 44.000 42.000 51.000 69.000 50.000 38.000 45.000 46.000 35.000 46.000 34.000 47.000 43.000 52.000 47.000 36.000 40.000 36.000 39.000 39.000 42.000 32.000 40.000 36.000 39.000 36.000 39.000 36.000 44.000 36.000 32.000 39.000 40.000 36.000 58.000 58.000 58.000 56.000 58.000 51.000 75.000 84.000 80.000 78.000 47.000 48.000 46.000 56.000 44.000 44.000 44.000 47.000 44.000 44.000 47.000 49.000 47.000 47.000 47.000 44.000 44.000
VAdist IGKV4-1*02 38.000 38.000 38.000 34.000 34.000 34.000 34.000 34.000 34.000 42.000 38.000 38.000 38.000 38.000 38.000 38.000 35.000 35.000 35.000 34.000 34.000 34.000 34.000 34.000 34.000 34.000 34.000 34.000 38.000 38.000 38.000 38.000 38.000 38.000 38.000 38.000 38.000 38.000 38.000 38.000 38.000 38.000 38.000 38.000 38.000 38.000 38.000 38.000 38.000 38.000 38.000 34.000 12.000 12.000 8.000 12.000 0.000 0.000 35.000 32.000 32.000 51.000 50.000 42.000 35.000 35.000 46.000 44.000 55.000 42.000 47.000 38.000 45.000 35.000 47.000 35.000 71.000 51.000 34.000 42.000 51.000 51.000 47.000 38.000 51.000 35.000 42.000 51.000 46.000 50.000 35.000 35.000 51.000 38.000 47.000 51.000 51.000 43.000 51.000 51.000 39.000 42.000 50.000 39.000 42.000 46.000 46.000 51.000 51.000 42.000 46.000 51.000 42.000 73.000 51.000 50.000 41.000 51.000 42.000 38.000 51.000 46.000 44.000 42.000 51.000 69.000 50.000 38.000 45.000 46.000 35.000 46.000 34.000 47.000 43.000 52.000 47.000 36.000 40.000 36.000 39.000 39.000 42.000 32.000 40.000 36.000 39.000 36.000 39.000 36.000 44.000 36.000 32.000 39.000 40.000 36.000 58.000 58.000 58.000 56.000 58.000 51.000 75.000 84.000 80.000 78.000 47.000 48.000 46.000 56.000 44.000 44.000 44.000 47.000 44.000 44.000 47.000 49.000 47.000 47.000 47.000 44.000 44.000
VAdist IGKV4-15*01 29.000 26.000 26.000 22.000 22.000 22.000 22.000 22.000 22.000 30.000 26.000 26.000 29.000 29.000 29.000 29.000 22.000 22.000 22.000 26.000 26.000 26.000 25.000 25.000 22.000 22.000 22.000 22.000 29.000 29.000 26.000 26.000 26.000 26.000 29.000 29.000 29.000 26.000 26.000 26.000 26.000 26.000 26.000 26.000 26.000 26.000 26.000 26.000 26.000 29.000 29.000 22.000 42.000 42.000 38.000 42.000 35.000 35.000 0.000 57.000 57.000 65.000 60.000 54.000 51.000 53.000 57.000 63.000 65.000 54.000 57.000 52.000 55.000 51.000 60.000 52.000 70.000 65.000 50.000 49.000 61.000 65.000 60.000 55.000 65.000 51.000 49.000 61.000 54.000 62.000 51.000 51.000 65.000 55.000 60.000 65.000 65.000 57.000 65.000 65.000 50.000 52.000 60.000 51.000 54.000 60.000 56.000 65.000 61.000 54.000 59.000 65.000 52.000 73.000 65.000 57.000 56.000 65.000 56.000 52.000 65.000 56.000 63.000 49.000 65.000 69.000 56.000 52.000 55.000 53.000 51.000 54.000 51.000 60.000 53.000 58.000 55.000 64.000 64.000 64.000 59.000 59.000 64.000 60.000 64.000 64.000 59.000 64.000 59.000 60.000 66.000 64.000 60.000 59.000 64.000 64.000 79.000 79.000 79.000 80.000 79.000 75.000 87.000 96.000 96.000 94.000 58.000 59.000 57.000 63.000 52.000 55.000 55.000 58.000 55.000 55.000 58.000 60.000 58.000 58.000 58.000 55.000 55.000
VAdist IGKV9-24*02 53.000 53.000 53.000 53.000 53.000 53.000 53.000 53.000 53.000 53.000 53.000 53.000 53.000 53.000 53.000 53.000 52.000 52.000 52.000 53.000 53.000 53.000 53.000 53.000 53.000 53.000 53.000 53.000 53.000 53.000 53.000 53.000 53.000 53.000 53.000 53.000 53.000 53.000 53.000 53.000 53.000 53.000 53.000 53.000 53.000 53.000 53.000 53.000 53.000 53.000 53.000 53.000 31.000 31.000 27.000 31.000 32.000 32.000 57.000 0.000 3.000 50.000 44.000 48.000 44.000 48.000 54.000 42.000 51.000 39.000 43.000 43.000 45.000 44.000 54.000 44.000 71.000 46.000 47.000 47.000 46.000 50.000 54.000 43.000 46.000 48.000 47.000 46.000 51.000 47.000 44.000 48.000 46.000 43.000 54.000 50.000 50.000 47.000 50.000 50.000 44.000 40.000 44.000 48.000 42.000 51.000 43.000 46.000 46.000 43.000 51.000 46.000 44.000 71.000 51.000 48.000 39.000 46.000 42.000 44.000 50.000 48.000 42.000 43.000 51.000 59.000 47.000 43.000 45.000 48.000 44.000 51.000 43.000 54.000 55.000 55.000 50.000 35.000 38.000 43.000 40.000 40.000 40.000 43.000 38.000 42.000 40.000 35.000 43.000 43.000 43.000 39.000 39.000 39.000 38.000 39.000 53.000 53.000 53.000 66.000 53.000 55.000 67.000 83.000 79.000 84.000 55.000 54.000 54.000 55.000 55.000 55.000 55.000 55.000 55.000 55.000 55.000 55.000 55.000 55.000 55.000 55.000 55.000
VAdist IGKV9-24*03 53.000 53.000 53.000 53.000 53.000 53.000 53.000 53.000 53.000 53.000 53.000 53.000 53.000 53.000 53.000 53.000 52.000 52.000 52.000 53.000 53.000 53.000 53.000 53.000 53.000 53.000 53.000 53.000 53.000 53.000 53.000 53.000 53.000 53.000 53.000 53.000 53.000 53.000 53.000 53.000 53.000 53.000 53.000 53.000 53.000 53.000 53.000 53.000 53.000 53.000 53.000 53.000 31.000 31.000 27.000 31.000 32.000 32.000 57.000 3.000 0.000 50.000 44.000 48.000 44.000 48.000 54.000 42.000 51.000 39.000 43.000 43.000 45.000 44.000 54.000 44.000 71.000 46.000 47.000 47.000 46.000 50.000 54.000 43.000 46.000 48.000 47.000 46.000 51.000 47.000 44.000 48.000 46.000 43.000 54.000 50.000 50.000 47.000 50.000 50.000 44.000 40.000 44.000 48.000 42.000 51.000 43.000 46.000 46.000 43.000 51.000 46.000 44.000 71.000 51.000 48.000 39.000 46.000 42.000 44.000 50.000 48.000 42.000 43.000 51.000 59.000 47.000 43.000 45.000 48.000 44.000 51.000 43.000 54.000 55.000 55.000 50.000 35.000 38.000 43.000 42.000 42.000 40.000 43.000 38.000 42.000 42.000 35.000 43.000 43.000 43.000 39.000 39.000 42.000 38.000 39.000 53.000 53.000 53.000 66.000 53.000 55.000 67.000 83.000 79.000 84.000 55.000 54.000 54.000 55.000 55.000 55.000 55.000 55.000 55.000 55.000 55.000 55.000 55.000 55.000 55.000 55.000 55.000
VAdist IGLV1-100*01 57.000 57.000 57.000 57.000 57.000 57.000 57.000 57.000 57.000 57.000 57.000 57.000 57.000 57.000 57.000 57.000 57.000 57.000 57.000 59.000 59.000 59.000 57.000 57.000 57.000 57.000 57.000 57.000 57.000 57.000 57.000 57.000 57.000 57.000 57.000 57.000 57.000 57.000 57.000 57.000 57.000 57.000 57.000 57.000 57.000 57.000 57.000 57.000 57.000 57.000 57.000 57.000 51.000 51.000 51.000 51.000 51.000 51.000 65.000 50.000 50.000 0.000 45.000 35.000 39.000 39.000 39.000 20.000 42.000 36.000 30.000 32.000 23.000 35.000 34.000 35.000 55.000 17.000 36.000 45.000 39.000 4.000 34.000 38.000 17.000 35.000 45.000 39.000 44.000 11.000 36.000 35.000 17.000 38.000 34.000 0.000 15.000 41.000 11.000 16.000 35.000 32.000 44.000 39.000 41.000 31.000 32.000 14.000 39.000 32.000 39.000 14.000 31.000 67.000 8.000 44.000 36.000 17.000 32.000 40.000 0.000 35.000 20.000 42.000 19.000 69.000 27.000 32.000 26.000 45.000 36.000 44.000 37.000 34.000 41.000 46.000 45.000 42.000 42.000 42.000 46.000 46.000 44.000 42.000 42.000 42.000 46.000 42.000 41.000 43.000 45.000 43.000 43.000 47.000 42.000 42.000 66.000 66.000 66.000 69.000 66.000 65.000 67.000 74.000 74.000 78.000 46.000 46.000 46.000 51.000 48.000 47.000 43.000 46.000 46.000 43.000 46.000 46.000 46.000 46.000 46.000 46.000 43.000
VAdist IGLV1-103*01 56.000 56.000 56.000 56.000 56.000 56.000 56.000 56.000 56.000 56.000 56.000 56.000 56.000 56.000 56.000 56.000 56.000 56.000 56.000 58.000 58.000 58.000 56.000 56.000 56.000 56.000 56.000 56.000 56.000 56.000 56.000 56.000 56.000 56.000 56.000 56.000 56.000 56.000 56.000 56.000 56.000 56.000 56.000 56.000 56.000 56.000 56.000 56.000 56.000 56.000 56.000 56.000 46.000 46.000 46.000 46.000 50.000 50.000 60.000 44.000 44.000 45.000 0.000 29.000 33.000 22.000 40.000 50.000 13.000 25.000 38.000 25.000 42.000 26.000 39.000 26.000 64.000 45.000 33.000 26.000 24.000 46.000 39.000 31.000 45.000 30.000 26.000 20.000 34.000 39.000 30.000 30.000 45.000 31.000 39.000 45.000 45.000 30.000 45.000 43.000 26.000 28.000 3.000 30.000 24.000 38.000 32.000 45.000 24.000 29.000 42.000 45.000 32.000 68.000 42.000 26.000 25.000 45.000 24.000 30.000 45.000 36.000 50.000 25.000 44.000 57.000 34.000 25.000 45.000 30.000 30.000 34.000 30.000 39.000 32.000 39.000 36.000 41.000 45.000 45.000 46.000 46.000 41.000 45.000 45.000 44.000 46.000 41.000 43.000 42.000 44.000 42.000 42.000 50.000 45.000 45.000 65.000 65.000 65.000 66.000 65.000 61.000 65.000 74.000 77.000 79.000 48.000 40.000 49.000 45.000 46.000 45.000 45.000 48.000 45.000 45.000 48.000 48.000 48.000 48.000 49.000 45.000 45.000
VAdist IGLV1-104*01 48.000 48.000 48.000 48.000 48.000 48.000 48.000 48.000 48.000 48.000 48.000 48.000 48.000 48.000 48.000 48.000 44.000 44.000 44.000 50.000 50.000 50.000 48.000 48.000 48.000 48.000 48.000 48.000 48.000 48.000 48.000 48.000 48.000 48.000 48.000 48.000 48.000 48.000 48.000 48.000 48.000 48.000 48.000 48.000 48.000 48.000 48.000 48.000 48.000 48.000 48.000 48.000 42.000 42.000 42.000 42.000 42.000 42.000 54.000 48.000 48.000 35.000 29.000 0.000 18.000 11.000 31.000 40.000 36.000 14.000 29.000 14.000 27.000 11.000 34.000 15.000 56.000 39.000 10.000 23.000 39.000 36.000 34.000 19.000 39.000 7.000 27.000 39.000 20.000 25.000 15.000 7.000 39.000 19.000 34.000 35.000 31.000 31.000 39.000 29.000 11.000 15.000 26.000 11.000 22.000 31.000 20.000 39.000 39.000 14.000 27.000 39.000 15.000 62.000 40.000 28.000 18.000 39.000 18.000 23.000 35.000 19.000 40.000 30.000 30.000 59.000 31.000 14.000 30.000 25.000 15.000 20.000 15.000 34.000 27.000 45.000 34.000 41.000 44.000 37.000 33.000 33.000 30.000 37.000 44.000 37.000 33.000 41.000 31.000 38.000 33.000 44.000 40.000 37.000 44.000 41.000 58.000 58.000 58.000 58.000 58.000 49.000 63.000 71.000 70.000 70.000 38.000 38.000 39.000 46.000 39.000 42.000 42.000 38.000 41.000 42.000 38.000 40.000 38.000 38.000 38.000 41.000 42.000
VAdist IGLV1-106*01 42.000 42.000 42.000 42.000 42.000 42.000 42.000 42.000 42.000 42.000 42.000 42.000 42.000 42.000 42.000 42.000 43.000 43.000 43.000 44.000 44.000 44.000 42.000 42.000 42.000 42.000 42.000 42.000 42.000 42.000 42.000 42.000 42.000 42.000 42.000 42.000 42.000 42.000 42.000 42.000 42.000 42.000 42.000 42.000 42.000 42.000 42.000 42.000 42.000 42.000 42.000 42.000 35.000 35.000 35.000 35.000 35.000 35.000 51.000 44.000 44.000 39.000 33.000 18.000 0.000 23.000 37.000 44.000 40.000 15.000 36.000 19.000 32.000 7.000 39.000 15.000 65.000 36.000 11.000 28.000 37.000 36.000 39.000 12.000 36.000 11.000 28.000 37.000 27.000 32.000 3.000 11.000 36.000 12.000 39.000 39.000 40.000 32.000 44.000 40.000 11.000 21.000 30.000 19.000 23.000 40.000 26.000 32.000 37.000 19.000 33.000 32.000 22.000 68.000 44.000 35.000 19.000 36.000 23.000 23.000 39.000 26.000 44.000 27.000 41.000 58.000 32.000 19.000 35.000 31.000 3.000 27.000 8.000 39.000 33.000 43.000 34.000 35.000 43.000 39.000 40.000 40.000 35.000 35.000 43.000 39.000 40.000 35.000 32.000 38.000 31.000 42.000 37.000 44.000 43.000 39.000 63.000 63.000 63.000 57.000 63.000 59.000 66.000 75.000 75.000 74.000 39.000 36.000 39.000 44.000 37.000 36.000 36.000 39.000 36.000 36.000 39.000 41.000 39.000 39.000 39.000 36.000 36.000
VAdist IGLV1-111*01 48.000 48.000 48.000 48.000 48.000 48.000 48.000 48.000 48.000 48.000 48.000 48.000 48.000 48.000 48.000 48.000 47.000 47.000 47.000 50.000 50.000 50.000 48.000 48.000 48.000 48.000 48.000 48.000 48.000 48.000 48.000 48.000 48.000 48.000 48.000 48.000 48.000 48.000 48.000 48.000 48.000 48.000 48.000 48.000 48.000 48.000 48.000 48.000 48.000 48.000 48.000 48.000 35.000 35.000 35.000 35.000 35.000 35.000 53.000 48.000 48.000 39.000 22.000 11.000 23.000 0.000 33.000 44.000 29.000 19.000 32.000 15.000 32.000 16.000 33.000 12.000 56.000 43.000 15.000 20.000 32.000 40.000 33.000 24.000 43.000 12.000 24.000 32.000 27.000 33.000 20.000 12.000 43.000 24.000 33.000 39.000 35.000 24.000 39.000 33.000 16.000 22.000 19.000 12.000 19.000 28.000 27.000 43.000 32.000 19.000 27.000 43.000 22.000 61.000 36.000 31.000 18.000 43.000 19.000 19.000 39.000 26.000 44.000 27.000 34.000 58.000 36.000 15.000 35.000 28.000 20.000 27.000 20.000 33.000 22.000 38.000 37.000 34.000 41.000 30.000 38.000 38.000 37.000 30.000 41.000 30.000 38.000 34.000 32.000 35.000 37.000 37.000 33.000 42.000 41.000 34.000 57.000 57.000 57.000 51.000 57.000 46.000 66.000 75.000 70.000 70.000 36.000 30.000 38.000 42.000 31.000 34.000 34.000 36.000 33.000 34.000 36.000 38.000 36.000 36.000 37.000 33.000 34.000
VAdist IGLV1-112*01 49.000 49.000 49.000 49.000 49.000 49.000 49.000 49.000 49.000 49.000 49.000 49.000 49.000 49.000 49.000 49.000 50.000 50.000 50.000 50.000 50.000 50.000 49.000 49.000 49.000 49.000 49.000 49.000 49.000 49.000 49.000 49.000 49.000 49.000 49.000 49.000 49.000 49.000 49.000 49.000 49.000 49.000 49.000 49.000 49.000 49.000 49.000 49.000 49.000 49.000 49.000 49.000 38.000 38.000 42.000 38.000 46.000 46.000 57.000 54.000 54.000 39.000 40.000 31.000 37.000 33.000 0.000 46.000 35.000 37.000 24.000 33.000 35.000 34.000 16.000 33.000 55.000 38.000 33.000 23.000 39.000 39.000 16.000 36.000 38.000 34.000 23.000 35.000 14.000 42.000 34.000 34.000 38.000 36.000 16.000 39.000 42.000 20.000 42.000 43.000 34.000 27.000 37.000 34.000 38.000 40.000 30.000 38.000 39.000 37.000 45.000 38.000 30.000 64.000 43.000 21.000 37.000 38.000 37.000 35.000 39.000 34.000 46.000 20.000 46.000 60.000 31.000 33.000 37.000 13.000 34.000 14.000 32.000 16.000 14.000 33.000 23.000 45.000 47.000 45.000 43.000 43.000 46.000 41.000 47.000 45.000 43.000 45.000 42.000 44.000 46.000 44.000 43.000 44.000 47.000 45.000 63.000 63.000 63.000 64.000 63.000 61.000 64.000 70.000 70.000 73.000 29.000 35.000 28.000 41.000 35.000 32.000 32.000 29.000 32.000 32.000 29.000 31.000 29.000 29.000 29.000 32.000 32.000
VAdist IGLV1-113-1*01 61.000 61.000 61.000 61.000 61.000 61.000 61.000 61.000 61.000 61.000 61.000 61.000 61.000 61.000 61.000 61.000 59.000 59.000 59.000 61.000 61.000 61.000 61.000 61.000 61.000 61.000 61.000 61.000 61.000 61.000 61.000 61.000 61.000 61.000 61.000 61.000 61.000 61.000 61.000 61.000 61.000 61.000 61.000 61.000 61.000 61.000 61.000 61.000 61.000 61.000 61.000 61.000 44.000 44.000 44.000 44.000 44.000 44.000 63.000 42.000 42.000 20.000 50.000 40.000 44.000 44.000 46.000 0.000 47.000 41.000 38.000 41.000 35.000 43.000 42.000 47.000 63.000 28.000 44.000 52.000 40.000 24.000 42.000 45.000 28.000 43.000 52.000 40.000 47.000 15.000 44.000 43.000 28.000 45.000 42.000 20.000 31.000 48.000 16.000 35.000 43.000 44.000 49.000 43.000 42.000 36.000 44.000 28.000 40.000 37.000 42.000 28.000 43.000 70.000 24.000 51.000 45.000 28.000 41.000 48.000 20.000 47.000 4.000 49.000 38.000 72.000 39.000 41.000 35.000 52.000 44.000 47.000 44.000 42.000 49.000 51.000 50.000 38.000 38.000 38.000 40.000 40.000 36.000 38.000 38.000 38.000 40.000 38.000 33.000 39.000 35.000 39.000 39.000 41.000 38.000 38.000 56.000 56.000 56.000 59.000 56.000 55.000 64.000 71.000 71.000 75.000 50.000 50.000 50.000 55.000 51.000 51.000 47.000 50.000 50.000 47.000 50.000 50.000 50.000 50.000 50.000 50.000 47.000
VAdist IGLV1-114*01 61.000 61.000 61.000 61.000 61.000 61.000 61.000 61.000 61.000 61.000 61.000 61.000 61.000 61.000 61.000 61.000 61.000 61.000 61.000 63.000 63.000 63.000 61.000 61.000 61.000 61.000 61.000 61.000 61.000 61.000 61.000 61.000 61.000 61.000 61.000 61.000 61.000 61.000 61.000 61.000 61.000 61.000 61.000 61.000 61.000 61.000 61.000 61.000 61.000 61.000 61.000 61.000 51.000 51.000 51.000 51.000 55.000 55.000 65.000 51.000 51.000 42.000 13.000 36.000 40.000 29.000 35.000 47.000 0.000 32.000 33.000 32.000 45.000 33.000 34.000 33.000 62.000 42.000 40.000 33.000 19.000 43.000 34.000 38.000 42.000 37.000 33.000 15.000 41.000 42.000 37.000 37.000 42.000 38.000 34.000 42.000 42.000 37.000 42.000 43.000 33.000 29.000 10.000 37.000 28.000 37.000 39.000 42.000 19.000 36.000 39.000 42.000 39.000 72.000 42.000 33.000 32.000 42.000 31.000 34.000 42.000 43.000 47.000 26.000 46.000 67.000 37.000 32.000 48.000 37.000 37.000 41.000 37.000 34.000 33.000 37.000 40.000 42.000 43.000 46.000 50.000 50.000 48.000 46.000 43.000 45.000 50.000 42.000 44.000 49.000 41.000 49.000 49.000 51.000 43.000 46.000 67.000 67.000 67.000 62.000 67.000 63.000 59.000 67.000 70.000 75.000 46.000 41.000 46.000 39.000 44.000 43.000 43.000 46.000 43.000 43.000 46.000 46.000 46.000 46.000 47.000 43.000 43.000
VAdist IGLV1-115*01 49.000 49.000 49.000 49.000 49.000 49.000 49.000 49.000 49.000 49.000 49.000 49.000 49.000 49.000 49.000 49.000 46.000 46.000 46.000 51.000 51.000 51.000 49.000 49.000 49.000 49.000 49.000 49.000 49.000 49.000 49.000 49.000 49.000 49.000 49.000 49.000 49.000 49.000 49.000 49.000 49.000 49.000 49.000 49.000 49.000 49.000 49.000 49.000 49.000 49.000 49.000 49.000 38.000 38.000 38.000 38.000 42.000 42.000 54.000 39.000 39.000 36.000 25.000 14.000 15.000 19.000 37.000 41.000 32.000 0.000 29.000 12.000 33.000 11.000 37.000 15.000 62.000 34.000 12.000 25.000 32.000 36.000 37.000 13.000 34.000 15.000 25.000 32.000 27.000 26.000 12.000 15.000 34.000 13.000 37.000 36.000 38.000 25.000 40.000 36.000 11.000 21.000 22.000 19.000 11.000 37.000 21.000 34.000 32.000 4.000 28.000 34.000 23.000 65.000 41.000 31.000 4.000 34.000 11.000 23.000 36.000 27.000 41.000 24.000 37.000 47.000 33.000 12.000 36.000 31.000 12.000 27.000 9.000 37.000 33.000 41.000 36.000 31.000 42.000 39.000 43.000 43.000 35.000 39.000 42.000 38.000 43.000 31.000 35.000 42.000 34.000 38.000 42.000 47.000 42.000 35.000 58.000 58.000 58.000 59.000 58.000 57.000 58.000 71.000 67.000 72.000 45.000 37.000 45.000 46.000 43.000 42.000 42.000 45.000 42.000 42.000 45.000 45.000 45.000 45.000 45.000 42.000 42.000
VAdist IGLV1-116*01 57.000 57.000 57.000 57.000 57.000 57.000 57.000 57.000 57.000 57.000 57.000 57.000 57.000 57.000 57.000 57.000 56.000 56.000 56.000 59.000 59.000 59.000 57.000 57.000 57.000 57.000 57.000 57.000 57.000 57.000 57.000 57.000 57.000 57.000 57.000 57.000 57.000 57.000 57.000 57.000 57.000 57.000 57.000 57.000 57.000 57.000 57.000 57.000 57.000 57.000 57.000 57.000 46.000 46.000 46.000 46.000 47.000 47.000 57.000 43.000 43.000 30.000 38.000 29.000 36.000 32.000 24.000 38.000 33.000 29.000 0.000 29.000 28.000 32.000 27.000 31.000 49.000 37.000 33.000 30.000 29.000 34.000 27.000 38.000 37.000 32.000 30.000 29.000 34.000 33.000 33.000 32.000 37.000 38.000 27.000 30.000 36.000 25.000 33.000 37.000 31.000 18.000 35.000 32.000 33.000 36.000 21.000 37.000 29.000 29.000 35.000 37.000 18.000 62.000 34.000 27.000 29.000 37.000 28.000 33.000 30.000 22.000 38.000 27.000 40.000 62.000 32.000 29.000 31.000 23.000 33.000 34.000 34.000 27.000 23.000 34.000 37.000 34.000 34.000 38.000 42.000 42.000 38.000 38.000 34.000 37.000 42.000 34.000 38.000 41.000 42.000 33.000 41.000 43.000 34.000 34.000 63.000 63.000 63.000 65.000 63.000 61.000 56.000 71.000 67.000 76.000 36.000 37.000 33.000 39.000 40.000 39.000 39.000 36.000 39.000 39.000 36.000 36.000 36.000 36.000 34.000 39.000 39.000
VAdist IGLV1-118*01 45.000 45.000 45.000 45.000 45.000 45.000 45.000 45.000 45.000 45.000 45.000 45.000 45.000 45.000 45.000 45.000 44.000 44.000 44.000 47.000 47.000 47.000 45.000 45.000 45.000 45.000 45.000 45.000 45.000 45.000 45.000 45.000 45.000 45.000 45.000 45.000 45.000 45.000 45.000 45.000 45.000 45.000 45.000 45.000 45.000 45.000 45.000 45.000 45.000 45.000 45.000 45.000 38.000 38.000 38.000 38.000 38.000 38.000 52.000 43.000 43.000 32.000 25.000 14.000 19.000 15.000 33.000 41.000 32.000 12.000 29.000 0.000 29.000 15.000 33.000 15.000 62.000 38.000 12.000 17.000 33.000 32.000 33.000 17.000 38.000 15.000 17.000 33.000 26.000 26.000 16.000 15.000 38.000 17.000 33.000 32.000 38.000 29.000 36.000 36.000 15.000 17.000 22.000 19.000 20.000 33.000 14.000 38.000 33.000 8.000 29.000 38.000 14.000 65.000 37.000 26.000 12.000 38.000 4.000 23.000 32.000 18.000 41.000 20.000 37.000 55.000 33.000 0.000 32.000 23.000 16.000 26.000 13.000 33.000 29.000 41.000 36.000 39.000 38.000 39.000 41.000 41.000 38.000 35.000 38.000 39.000 41.000 39.000 33.000 38.000 38.000 42.000 38.000 45.000 38.000 39.000 58.000 58.000 58.000 55.000 58.000 53.000 58.000 71.000 71.000 70.000 40.000 38.000 41.000 42.000 39.000 38.000 34.000 40.000 37.000 34.000 40.000 42.000 40.000 40.000 40.000 37.000 34.000
VAdist IGLV1-118-2*01 51.000 51.000 51.000 50.000 50.000 50.000 50.000 50.000 50.000 51.000 51.000 51.000 51.000 51.000 51.000 51.000 51.000 51.000 51.000 52.000 52.000 52.000 50.000 50.000 50.000 50.000 50.000 50.000 51.000 51.000 51.000 51.000 51.000 51.000 51.000 51.000 51.000 51.000 51.000 51.000 51.000 51.000 51.000 51.000 51.000 51.000 51.000 51.000 51.000 51.000 51.000 50.000 45.000 45.000 45.000 45.000 45.000 45.000 55.000 45.000 45.000 23.000 42.000 27.000 32.000 32.000 35.000 35.000 45.000 33.000 28.000 29.000 0.000 28.000 39.000 27.000 58.000 30.000 29.000 34.000 42.000 27.000 39.000 31.000 30.000 28.000 34.000 42.000 36.000 20.000 29.000 28.000 30.000 31.000 39.000 23.000 29.000 37.000 30.000 30.000 27.000 20.000 41.000 32.000 38.000 19.000 28.000 30.000 42.000 33.000 36.000 30.000 20.000 64.000 28.000 37.000 33.000 30.000 33.000 33.000 23.000 24.000 35.000 31.000 31.000 62.000 12.000 29.000 3.000 33.000 29.000 36.000 30.000 39.000 35.000 41.000 42.000 45.000 46.000 45.000 44.000 44.000 41.000 41.000 46.000 45.000 44.000 45.000 40.000 38.000 44.000 46.000 42.000 45.000 46.000 45.000 58.000 58.000 58.000 65.000 58.000 52.000 70.000 73.000 77.000 76.000 41.000 45.000 40.000 50.000 43.000 42.000 42.000 41.000 42.000 42.000 41.000 43.000 41.000 41.000 41.000 42.000 42.000
VAdist IGLV1-125*01 45.000 45.000 45.000 45.000 45.000 45.000 45.000 45.000 45.000 45.000 45.000 45.000 45.000 45.000 45.000 45.000 43.000 43.000 43.000 47.000 47.000 47.000 45.000 45.000 45.000 45.000 45.000 45.000 45.000 45.000 45.000 45.000 45.000 45.000 45.000 45.000 45.000 45.000 45.000 45.000 45.000 45.000 45.000 45.000 45.000 45.000 45.000 45.000 45.000 45.000 45.000 45.000 35.000 35.000 35.000 35.000 35.000 35.000 51.000 44.000 44.000 35.000 26.000 11.000 7.000 16.000 34.000 43.000 33.000 11.000 32.000 15.000 28.000 0.000 37.000 8.000 61.000 35.000 7.000 24.000 36.000 36.000 37.000 8.000 35.000 4.000 24.000 36.000 24.000 28.000 4.000 4.000 35.000 8.000 37.000 35.000 35.000 28.000 42.000 33.000 4.000 14.000 23.000 12.000 19.000 36.000 23.000 35.000 36.000 15.000 32.000 35.000 18.000 65.000 40.000 32.000 15.000 35.000 19.000 16.000 35.000 22.000 43.000 23.000 34.000 54.000 28.000 15.000 31.000 28.000 4.000 24.000 4.000 37.000 30.000 42.000 33.000 34.000 42.000 38.000 36.000 36.000 34.000 34.000 42.000 38.000 36.000 34.000 34.000 37.000 33.000 41.000 37.000 40.000 42.000 38.000 62.000 62.000 62.000 59.000 62.000 54.000 66.000 75.000 74.000 74.000 42.000 39.000 42.000 47.000 40.000 39.000 39.000 42.000 39.000 39.000 42.000 44.000 42.000 42.000 42.000 39.000 39.000
VAdist IGLV1-129*01 54.000 54.000 54.000 54.000 54.000 54.000 54.000 54.000 54.000 54.000 54.000 54.000 54.000 54.000 54.000 54.000 53.000 53.000 53.000 56.000 56.000 56.000 54.000 54.000 54.000 54.000 54.000 54.000 54.000 54.000 54.000 54.000 54.000 54.000 54.000 54.000 54.000 54.000 54.000 54.000 54.000 54.000 54.000 54.000 54.000 54.000 54.000 54.000 54.000 54.000 54.000 54.000 43.000 43.000 43.000 43.000 47.000 47.000 60.000 54.000 54.000 34.000 39.000 34.000 39.000 33.000 16.000 42.000 34.000 37.000 27.000 33.000 39.000 37.000 0.000 33.000 53.000 41.000 37.000 29.000 38.000 33.000 0.000 42.000 41.000 37.000 29.000 34.000 22.000 37.000 36.000 37.000 41.000 42.000 0.000 34.000 41.000 22.000 37.000 42.000 37.000 30.000 36.000 37.000 38.000 44.000 29.000 41.000 38.000 33.000 43.000 41.000 32.000 65.000 38.000 25.000 36.000 41.000 33.000 37.000 34.000 36.000 42.000 26.000 45.000 62.000 35.000 33.000 42.000 26.000 36.000 22.000 38.000 0.000 22.000 41.000 30.000 42.000 46.000 42.000 47.000 47.000 45.000 42.000 46.000 42.000 47.000 42.000 46.000 49.000 50.000 45.000 44.000 48.000 46.000 42.000 66.000 66.000 66.000 64.000 66.000 62.000 68.000 75.000 71.000 75.000 34.000 37.000 34.000 46.000 39.000 38.000 34.000 34.000 37.000 34.000 34.000 34.000 34.000 34.000 34.000 37.000 34.000
VAdist IGLV1-130*01 44.000 44.000 44.000 44.000 44.000 44.000 44.000 44.000 44.000 44.000 44.000 44.000 44.000 44.000 44.000 44.000 45.000 45.000 45.000 46.000 46.000 46.000 44.000 44.000 44.000 44.000 44.000 44.000 44.000 44.000 44.000 44.000 44.000 44.000 44.000 44.000 44.000 44.000 44.000 44.000 44.000 44.000 44.000 44.000 44.000 44.000 44.000 44.000 44.000 44.000 44.000 44.000 31.000 31.000 31.000 31.000 35.000 35.000 52.000 44.000 44.000 35.000 26.000 15.000 15.000 12.000 33.000 47.000 33.000 15.000 31.000 15.000 27.000 8.000 33.000 0.000 60.000 35.000 15.000 23.000 36.000 36.000 33.000 16.000 35.000 12.000 23.000 36.000 28.000 32.000 12.000 12.000 35.000 16.000 33.000 35.000 35.000 24.000 42.000 33.000 4.000 13.000 23.000 16.000 23.000 36.000 22.000 35.000 36.000 19.000 31.000 35.000 17.000 65.000 40.000 31.000 14.000 35.000 19.000 15.000 35.000 21.000 47.000 22.000 34.000 54.000 27.000 15.000 30.000 27.000 12.000 28.000 12.000 33.000 25.000 41.000 33.000 30.000 42.000 34.000 38.000 38.000 38.000 30.000 42.000 34.000 38.000 30.000 36.000 37.000 37.000 37.000 33.000 42.000 42.000 34.000 61.000 61.000 61.000 55.000 61.000 50.000 66.000 75.000 70.000 70.000 37.000 34.000 37.000 46.000 35.000 34.000 34.000 37.000 34.000 34.000 37.000 39.000 37.000 37.000 37.000 34.000 34.000
VAdist IGLV1-132*01 65.000 65.000 65.000 65.000 65.000 65.000 65.000 65.000 65.000 65.000 65.000 65.000 65.000 65.000 65.000 65.000 67.000 67.000 67.000 67.000 67.000 67.000 65.000 65.000 65.000 65.000 65.000 65.000 65.000 65.000 65.000 65.000 65.000 65.000 65.000 65.000 65.000 65.000 65.000 65.000 65.000 65.000 65.000 65.000 65.000 65.000 65.000 65.000 65.000 65.000 65.000 65.000 70.000 70.000 70.000 70.000 71.000 71.000 70.000 71.000 71.000 55.000 64.000 56.000 65.000 56.000 55.000 63.000 62.000 62.000 49.000 62.000 58.000 61.000 53.000 60.000 0.000 62.000 58.000 59.000 58.000 59.000 53.000 67.000 62.000 57.000 63.000 59.000 60.000 58.000 62.000 57.000 62.000 67.000 53.000 55.000 55.000 57.000 58.000 56.000 61.000 57.000 64.000 57.000 63.000 58.000 61.000 62.000 58.000 62.000 57.000 62.000 57.000 43.000 59.000 61.000 62.000 62.000 62.000 62.000 55.000 61.000 63.000 60.000 59.000 53.000 54.000 62.000 61.000 62.000 62.000 60.000 63.000 53.000 57.000 66.000 60.000 66.000 67.000 60.000 69.000 69.000 68.000 66.000 67.000 62.000 69.000 66.000 66.000 65.000 70.000 66.000 62.000 70.000 67.000 66.000 91.000 91.000 91.000 93.000 91.000 89.000 92.000 99.000 98.000 100.000 65.000 62.000 61.000 63.000 64.000 66.000 66.000 65.000 65.000 66.000 64.000 64.000 65.000 64.000 61.000 65.000 66.000
VAdist IGLV1-135*01 57.000 57.000 57.000 57.000 57.000 57.000 57.000 57.000 57.000 57.000 57.000 57.000 57.000 57.000 57.000 57.000 57.000 57.000 57.000 59.000 59.000 59.000 57.000 57.000 57.000 57.000 57.000 57.000 57.000 57.000 57.000 57.000 57.000 57.000 57.000 57.000 57.000 57.000 57.000 57.000 57.000 57.000 57.000 57.000 57.000 57.000 57.000 57.000 57.000 57.000 57.000 57.000 43.000 43.000 47.000 43.000 51.000 51.000 65.000 46.000 46.000 17.000 45.000 39.000 36.000 43.000 38.000 28.000 42.000 34.000 37.000 38.000 30.000 35.000 41.000 35.000 62.000 0.000 38.000 47.000 39.000 17.000 41.000 36.000 0.000 39.000 47.000 39.000 44.000 22.000 35.000 39.000 0.000 36.000 41.000 17.000 17.000 48.000 19.000 24.000 35.000 32.000 44.000 43.000 39.000 38.000 35.000 7.000 39.000 38.000 43.000 7.000 39.000 72.000 25.000 44.000 34.000 0.000 38.000 40.000 17.000 43.000 28.000 40.000 27.000 67.000 30.000 38.000 33.000 44.000 35.000 44.000 35.000 41.000 40.000 39.000 34.000 42.000 47.000 46.000 47.000 47.000 49.000 46.000 47.000 46.000 47.000 42.000 46.000 47.000 46.000 47.000 47.000 48.000 47.000 46.000 67.000 67.000 67.000 70.000 67.000 67.000 67.000 74.000 74.000 78.000 44.000 43.000 43.000 48.000 45.000 44.000 44.000 44.000 44.000 44.000 44.000 44.000 44.000 44.000 44.000 44.000 44.000
VAdist IGLV1-136*01 45.000 45.000 45.000 45.000 45.000 45.000 45.000 45.000 45.000 45.000 45.000 45.000 45.000 45.000 45.000 45.000 40.000 40.000 40.000 47.000 47.000 47.000 45.000 45.000 45.000 45.000 45.000 45.000 45.000 45.000 45.000 45.000 45.000 45.000 45.000 45.000 45.000 45.000 45.000 45.000 45.000 45.000 45.000 45.000 45.000 45.000 45.000 45.000 45.000 45.000 45.000 45.000 38.000 38.000 38.000 38.000 34.000 34.000 50.000 47.000 47.000 36.000 33.000 10.000 11.000 15.000 33.000 44.000 40.000 12.000 33.000 12.000 29.000 7.000 37.000 15.000 58.000 38.000 0.000 17.000 41.000 36.000 37.000 9.000 38.000 3.000 21.000 41.000 22.000 29.000 8.000 3.000 38.000 9.000 37.000 36.000 34.000 29.000 43.000 32.000 11.000 21.000 30.000 11.000 20.000 37.000 22.000 38.000 41.000 12.000 29.000 38.000 19.000 61.000 41.000 30.000 16.000 38.000 16.000 23.000 36.000 23.000 44.000 24.000 33.000 55.000 33.000 12.000 32.000 27.000 8.000 22.000 5.000 37.000 29.000 41.000 36.000 39.000 42.000 35.000 39.000 39.000 34.000 35.000 42.000 35.000 39.000 39.000 35.000 36.000 38.000 42.000 38.000 43.000 42.000 39.000 62.000 62.000 62.000 59.000 62.000 57.000 66.000 75.000 75.000 74.000 40.000 34.000 41.000 42.000 35.000 38.000 38.000 40.000 37.000 38.000 40.000 42.000 40.000 40.000 40.000 37.000 38.000
VAdist IGLV1-138*01 50.000 50.000 50.000 50.000 50.000 50.000 50.000 50.000 50.000 50.000 50.000 50.000 50.000 50.000 50.000 50.000 46.000 46.000 46.000 51.000 51.000 51.000 50.000 50.000 50.000 50.000 50.000 50.000 50.000 50.000 50.000 50.000 50.000 50.000 50.000 50.000 50.000 50.000 50.000 50.000 50.000 50.000 50.000 50.000 50.000 50.000 50.000 50.000 50.000 50.000 50.000 50.000 41.000 41.000 41.000 41.000 42.000 42.000 49.000 47.000 47.000 45.000 26.000 23.000 28.000 20.000 23.000 52.000 33.000 25.000 30.000 17.000 34.000 24.000 29.000 23.000 59.000 47.000 17.000 0.000 38.000 45.000 29.000 24.000 47.000 20.000 4.000 34.000 16.000 42.000 25.000 20.000 47.000 24.000 29.000 45.000 43.000 19.000 48.000 41.000 23.000 22.000 23.000 20.000 29.000 42.000 23.000 47.000 38.000 25.000 38.000 47.000 20.000 61.000 46.000 13.000 25.000 47.000 21.000 28.000 45.000 24.000 52.000 7.000 42.000 52.000 30.000 17.000 36.000 10.000 25.000 16.000 20.000 29.000 22.000 38.000 32.000 43.000 42.000 39.000 45.000 45.000 42.000 39.000 42.000 39.000 45.000 43.000 41.000 40.000 46.000 46.000 42.000 49.000 42.000 43.000 66.000 66.000 66.000 63.000 66.000 61.000 66.000 79.000 79.000 78.000 35.000 29.000 36.000 33.000 32.000 33.000 33.000 35.000 32.000 33.000 35.000 37.000 35.000 35.000 35.000 32.000 33.000
VAdist IGLV1-139*01 57.000 57.000 57.000 57.000 57.000 57.000 57.000 57.000 57.000 57.000 57.000 57.000 57.000 57.000 57.000 57.000 57.000 57.000 57.000 59.000 59.000 59.000 57.000 57.000 57.000 57.000 57.000 57.000 57.000 57.000 57.000 57.000 57.000 57.000 57.000 57.000 57.000 57.000 57.000 57.000 57.000 57.000 57.000 57.000 57.000 57.000 57.000 57.000 57.000 57.000 57.000 57.000 47.000 47.000 47.000 47.000 51.000 51.000 61.000 46.000 46.000 39.000 24.000 39.000 37.000 32.000 39.000 40.000 19.000 32.000 29.000 33.000 42.000 36.000 38.000 36.000 58.000 39.000 41.000 38.000 0.000 43.000 38.000 39.000 39.000 40.000 38.000 4.000 45.000 39.000 37.000 40.000 39.000 39.000 38.000 39.000 42.000 37.000 36.000 46.000 36.000 32.000 21.000 40.000 30.000 38.000 40.000 39.000 0.000 36.000 31.000 39.000 36.000 70.000 39.000 41.000 32.000 39.000 33.000 37.000 39.000 40.000 40.000 31.000 49.000 67.000 38.000 33.000 45.000 41.000 37.000 45.000 38.000 38.000 37.000 36.000 41.000 34.000 36.000 39.000 49.000 49.000 45.000 39.000 36.000 39.000 49.000 34.000 38.000 42.000 39.000 41.000 42.000 50.000 36.000 38.000 64.000 64.000 64.000 63.000 64.000 63.000 58.000 71.000 70.000 75.000 42.000 38.000 42.000 36.000 40.000 36.000 36.000 42.000 36.000 36.000 39.000 39.000 43.000 39.000 43.000 36.000 36.000
VAdist IGLV1-141*01 53.000 53.000 53.000 53.000 53.000 53.000 53.000 53.000 53.000 53.000 53.000 53.000 53.000 53.000 53.000 53.000 57.000 57.000 57.000 55.000 55.000 55.000 53.000 53.000 53.000 53.000 53.000 53.000 53.000 53.000 53.000 53.000 53.000 53.000 53.000 53.000 53.000 53.000 53.000 53.000 53.000 53.000 53.000 53.000 53.000 53.000 53.000 53.000 53.000 53.000 53.000 53.000 51.000 51.000 51.000 51.000 51.000 51.000 65.000 50.000 50.000 4.000 46.000 36.000 36.000 40.000 39.000 24.000 43.000 36.000 34.000 32.000 27.000 36.000 33.000 36.000 59.000 17.000 36.000 45.000 43.000 0.000 33.000 38.000 17.000 36.000 45.000 43.000 44.000 15.000 33.000 36.000 17.000 38.000 33.000 4.000 16.000 45.000 15.000 17.000 36.000 33.000 45.000 40.000 41.000 35.000 32.000 14.000 43.000 32.000 43.000 14.000 35.000 69.000 12.000 44.000 36.000 17.000 32.000 41.000 4.000 39.000 24.000 42.000 20.000 69.000 31.000 32.000 30.000 45.000 33.000 44.000 37.000 33.000 41.000 46.000 45.000 46.000 46.000 46.000 47.000 47.000 48.000 46.000 46.000 46.000 47.000 46.000 45.000 47.000 49.000 47.000 47.000 48.000 46.000 46.000 66.000 66.000 66.000 65.000 66.000 66.000 67.000 74.000 74.000 78.000 46.000 46.000 46.000 51.000 48.000 47.000 43.000 46.000 46.000 43.000 46.000 46.000 46.000 46.000 46.000 46.000 43.000
VAdist IGLV1-143*01 54.000 54.000 54.000 54.000 54.000 54.000 54.000 54.000 54.000 54.000 54.000 54.000 54.000 54.000 54.000 54.000 53.000 53.000 53.000 56.000 56.000 56.000 54.000 54.000 54.000 54.000 54.000 54.000 54.000 54.000 54.000 54.000 54.000 54.000 54.000 54.000 54.000 54.000 54.000 54.000 54.000 54.000 54.000 54.000 54.000 54.000 54.000 54.000 54.000 54.000 54.000 54.000 43.000 43.000 43.000 43.000 47.000 47.000 60.000 54.000 54.000 34.000 39.000 34.000 39.000 33.000 16.000 42.000 34.000 37.000 27.000 33.000 39.000 37.000 0.000 33.000 53.000 41.000 37.000 29.000 38.000 33.000 0.000 42.000 41.000 37.000 29.000 34.000 22.000 37.000 36.000 37.000 41.000 42.000 0.000 34.000 41.000 22.000 37.000 42.000 37.000 30.000 36.000 37.000 38.000 44.000 29.000 41.000 38.000 33.000 43.000 41.000 32.000 65.000 38.000 25.000 36.000 41.000 33.000 37.000 34.000 36.000 42.000 26.000 45.000 62.000 35.000 33.000 42.000 26.000 36.000 22.000 38.000 0.000 22.000 41.000 30.000 42.000 46.000 42.000 47.000 47.000 45.000 42.000 46.000 42.000 47.000 42.000 46.000 49.000 50.000 45.000 44.000 48.000 46.000 42.000 66.000 66.000 66.000 64.000 66.000 62.000 68.000 75.000 71.000 75.000 34.000 37.000 34.000 46.000 39.000 38.000 34.000 34.000 37.000 34.000 34.000 34.000 34.000 34.000 34.000 37.000 34.000
VAdist IGLV1-144*01 50.000 50.000 50.000 50.000 50.000 50.000 50.000 50.000 50.000 50.000 50.000 50.000 50.000 50.000 50.000 50.000 47.000 47.000 47.000 51.000 51.000 51.000 50.000 50.000 50.000 50.000 50.000 50.000 50.000 50.000 50.000 50.000 50.000 50.000 50.000 50.000 50.000 50.000 50.000 50.000 50.000 50.000 50.000 50.000 50.000 50.000 50.000 50.000 50.000 50.000 50.000 50.000 38.000 38.000 38.000 38.000 38.000 38.000 55.000 43.000 43.000 38.000 31.000 19.000 12.000 24.000 36.000 45.000 38.000 13.000 38.000 17.000 31.000 8.000 42.000 16.000 67.000 36.000 9.000 24.000 39.000 38.000 42.000 0.000 36.000 12.000 24.000 39.000 26.000 31.000 9.000 12.000 36.000 0.000 42.000 38.000 40.000 32.000 45.000 38.000 12.000 22.000 28.000 20.000 21.000 39.000 27.000 36.000 39.000 17.000 38.000 36.000 24.000 69.000 43.000 34.000 17.000 36.000 21.000 24.000 38.000 28.000 45.000 23.000 39.000 55.000 31.000 17.000 33.000 30.000 9.000 26.000 4.000 42.000 34.000 38.000 37.000 35.000 43.000 39.000 39.000 39.000 35.000 35.000 43.000 39.000 39.000 35.000 35.000 38.000 34.000 42.000 38.000 43.000 43.000 39.000 62.000 62.000 62.000 59.000 62.000 57.000 66.000 75.000 75.000 74.000 40.000 37.000 40.000 45.000 40.000 37.000 37.000 40.000 37.000 37.000 40.000 42.000 40.000 40.000 40.000 37.000 37.000
VAdist IGLV1-146*01 57.000 57.000 57.000 57.000 57.000 57.000 57.000 57.000 57.000 57.000 57.000 57.000 57.000 57.000 57.000 57.000 57.000 57.000 57.000 59.000 59.000 59.000 57.000 57.000 57.000 57.000 57.000 57.000 57.000 57.000 57.000 57.000 57.000 57.000 57.000 57.000 57.000 57.000 57.000 57.000 57.000 57.000 57.000 57.000 57.000 57.000 57.000 57.000 57.000 57.000 57.000 57.000 43.000 43.000 47.000 43.000 51.000 51.000 65.000 46.000 46.000 17.000 45.000 39.000 36.000 43.000 38.000 28.000 42.000 34.000 37.000 38.000 30.000 35.000 41.000 35.000 62.000 0.000 38.000 47.000 39.000 17.000 41.000 36.000 0.000 39.000 47.000 39.000 44.000 22.000 35.000 39.000 0.000 36.000 41.000 17.000 17.000 48.000 19.000 24.000 35.000 32.000 44.000 43.000 39.000 38.000 35.000 7.000 39.000 38.000 43.000 7.000 39.000 72.000 25.000 44.000 34.000 0.000 38.000 40.000 17.000 43.000 28.000 40.000 27.000 67.000 30.000 38.000 33.000 44.000 35.000 44.000 35.000 41.000 40.000 39.000 34.000 42.000 47.000 46.000 47.000 47.000 49.000 46.000 47.000 46.000 47.000 42.000 46.000 47.000 46.000 47.000 47.000 48.000 47.000 46.000 67.000 67.000 67.000 70.000 67.000 67.000 67.000 74.000 74.000 78.000 44.000 43.000 43.000 48.000 45.000 44.000 44.000 44.000 44.000 44.000 44.000 44.000 44.000 44.000 44.000 44.000 44.000
VAdist IGLV1-147*01 45.000 45.000 45.000 45.000 45.000 45.000 45.000 45.000 45.000 45.000 45.000 45.000 45.000 45.000 45.000 45.000 41.000 41.000 41.000 47.000 47.000 47.000 45.000 45.000 45.000 45.000 45.000 45.000 45.000 45.000 45.000 45.000 45.000 45.000 45.000 45.000 45.000 45.000 45.000 45.000 45.000 45.000 45.000 45.000 45.000 45.000 45.000 45.000 45.000 45.000 45.000 45.000 39.000 39.000 39.000 39.000 35.000 35.000 51.000 48.000 48.000 35.000 30.000 7.000 11.000 12.000 34.000 43.000 37.000 15.000 32.000 15.000 28.000 4.000 37.000 12.000 57.000 39.000 3.000 20.000 40.000 36.000 37.000 12.000 39.000 0.000 24.000 40.000 23.000 28.000 8.000 0.000 39.000 12.000 37.000 35.000 31.000 28.000 42.000 29.000 8.000 18.000 27.000 8.000 23.000 36.000 23.000 39.000 40.000 15.000 28.000 39.000 18.000 61.000 40.000 31.000 19.000 39.000 19.000 20.000 35.000 22.000 43.000 27.000 30.000 58.000 32.000 15.000 31.000 28.000 8.000 23.000 8.000 37.000 30.000 42.000 37.000 38.000 41.000 34.000 36.000 36.000 33.000 34.000 41.000 34.000 36.000 38.000 34.000 35.000 37.000 41.000 37.000 40.000 41.000 38.000 62.000 62.000 62.000 59.000 62.000 54.000 66.000 75.000 74.000 74.000 41.000 35.000 42.000 43.000 36.000 39.000 39.000 41.000 38.000 39.000 41.000 43.000 41.000 41.000 41.000 38.000 39.000
VAdist IGLV1-149*01 48.000 48.000 48.000 50.000 50.000 50.000 50.000 50.000 50.000 46.000 46.000 46.000 46.000 46.000 46.000 46.000 48.000 48.000 48.000 51.000 51.000 51.000 50.000 50.000 50.000 50.000 50.000 50.000 48.000 48.000 48.000 48.000 48.000 48.000 48.000 48.000 48.000 48.000 48.000 48.000 48.000 48.000 48.000 48.000 48.000 48.000 46.000 48.000 46.000 48.000 48.000 50.000 41.000 41.000 41.000 41.000 42.000 42.000 49.000 47.000 47.000 45.000 26.000 27.000 28.000 24.000 23.000 52.000 33.000 25.000 30.000 17.000 34.000 24.000 29.000 23.000 63.000 47.000 21.000 4.000 38.000 45.000 29.000 24.000 47.000 24.000 0.000 34.000 17.000 42.000 25.000 24.000 47.000 24.000 29.000 45.000 47.000 19.000 48.000 45.000 23.000 22.000 23.000 24.000 29.000 42.000 23.000 47.000 38.000 25.000 42.000 47.000 20.000 65.000 46.000 14.000 25.000 47.000 21.000 28.000 45.000 24.000 52.000 7.000 46.000 52.000 30.000 17.000 36.000 10.000 25.000 17.000 20.000 29.000 22.000 38.000 32.000 43.000 43.000 43.000 43.000 43.000 43.000 37.000 43.000 43.000 43.000 43.000 39.000 42.000 46.000 46.000 38.000 47.000 43.000 39.000 66.000 66.000 66.000 61.000 66.000 61.000 66.000 79.000 79.000 78.000 36.000 33.000 32.000 37.000 36.000 29.000 33.000 36.000 33.000 33.000 36.000 38.000 36.000 36.000 36.000 33.000 33.000
VAdist IGLV1-150*01 57.000 57.000 57.000 57.000 57.000 57.000 57.000 57.000 57.000 57.000 57.000 57.000 57.000 57.000 57.000 57.000 57.000 57.000 57.000 59.000 59.000 59.000 57.000 57.000 57.000 57.000 57.000 57.000 57.000 57.000 57.000 57.000 57.000 57.000 57.000 57.000 57.000 57.000 57.000 57.000 57.000 57.000 57.000 57.000 57.000 57.000 57.000 57.000 57.000 57.000 57.000 57.000 47.000 47.000 47.000 47.000 51.000 51.000 61.000 46.000 46.000 39.000 20.000 39.000 37.000 32.000 35.000 40.000 15.000 32.000 29.000 33.000 42.000 36.000 34.000 36.000 59.000 39.000 41.000 34.000 4.000 43.000 34.000 39.000 39.000 40.000 34.000 0.000 41.000 39.000 37.000 40.000 39.000 39.000 34.000 39.000 42.000 33.000 36.000 46.000 36.000 32.000 17.000 40.000 30.000 38.000 40.000 39.000 4.000 36.000 31.000 39.000 36.000 70.000 39.000 37.000 32.000 39.000 33.000 37.000 39.000 40.000 40.000 27.000 49.000 67.000 34.000 33.000 45.000 37.000 37.000 41.000 38.000 34.000 33.000 36.000 37.000 34.000 36.000 39.000 49.000 49.000 45.000 39.000 36.000 39.000 49.000 34.000 38.000 42.000 39.000 41.000 42.000 50.000 36.000 38.000 64.000 64.000 64.000 63.000 64.000 63.000 58.000 71.000 70.000 75.000 43.000 39.000 43.000 40.000 41.000 40.000 40.000 43.000 40.000 40.000 43.000 43.000 43.000 43.000 44.000 40.000 40.000
VAdist IGLV1-151*01 52.000 52.000 52.000 52.000 52.000 52.000 52.000 52.000 52.000 52.000 52.000 52.000 52.000 52.000 52.000 52.000 47.000 47.000 47.000 53.000 53.000 53.000 52.000 52.000 52.000 52.000 52.000 52.000 52.000 52.000 52.000 52.000 52.000 52.000 52.000 52.000 52.000 52.000 52.000 52.000 52.000 52.000 52.000 52.000 52.000 52.000 52.000 52.000 52.000 52.000 52.000 52.000 38.000 38.000 42.000 38.000 46.000 46.000 54.000 51.000 51.000 44.000 34.000 20.000 27.000 27.000 14.000 47.000 41.000 27.000 34.000 26.000 36.000 24.000 22.000 28.000 60.000 44.000 22.000 16.000 45.000 44.000 22.000 26.000 44.000 23.000 17.000 41.000 0.000 37.000 24.000 23.000 44.000 26.000 22.000 44.000 47.000 19.000 47.000 45.000 24.000 27.000 31.000 23.000 31.000 41.000 23.000 44.000 45.000 26.000 44.000 44.000 24.000 64.000 45.000 11.000 31.000 44.000 30.000 32.000 44.000 28.000 47.000 20.000 46.000 55.000 32.000 26.000 38.000 11.000 24.000 0.000 22.000 22.000 19.000 41.000 23.000 46.000 46.000 45.000 41.000 41.000 32.000 42.000 46.000 45.000 41.000 46.000 40.000 45.000 42.000 49.000 44.000 45.000 46.000 46.000 66.000 66.000 66.000 66.000 66.000 61.000 71.000 79.000 79.000 78.000 29.000 35.000 33.000 43.000 38.000 36.000 35.000 29.000 32.000 35.000 29.000 31.000 29.000 29.000 29.000 32.000 35.000
VAdist IGLV1-152*01 56.000 56.000 56.000 56.000 56.000 56.000 56.000 56.000 56.000 56.000 56.000 56.000 56.000 56.000 56.000 56.000 54.000 54.000 54.000 58.000 58.000 58.000 56.000 56.000 56.000 56.000 56.000 56.000 56.000 56.000 56.000 56.000 56.000 56.000 56.000 56.000 56.000 56.000 56.000 56.000 56.000 56.000 56.000 56.000 56.000 56.000 56.000 56.000 56.000 56.000 56.000 56.000 50.000 50.000 50.000 50.000 50.000 50.000 62.000 47.000 47.000 11.000 39.000 25.000 32.000 33.000 42.000 15.000 42.000 26.000 33.000 26.000 20.000 28.000 37.000 32.000 58.000 22.000 29.000 42.000 39.000 15.000 37.000 31.000 22.000 28.000 42.000 39.000 37.000 0.000 29.000 28.000 22.000 31.000 37.000 11.000 25.000 38.000 14.000 26.000 28.000 29.000 38.000 32.000 31.000 25.000 29.000 22.000 39.000 22.000 33.000 22.000 28.000 64.000 16.000 41.000 30.000 22.000 26.000 37.000 11.000 32.000 15.000 39.000 27.000 66.000 24.000 26.000 23.000 42.000 29.000 37.000 30.000 37.000 44.000 49.000 48.000 45.000 45.000 45.000 47.000 47.000 37.000 45.000 45.000 45.000 47.000 45.000 39.000 46.000 41.000 46.000 46.000 48.000 45.000 45.000 62.000 62.000 62.000 66.000 62.000 61.000 67.000 74.000 74.000 75.000 49.000 49.000 49.000 54.000 51.000 50.000 46.000 49.000 49.000 46.000 49.000 49.000 49.000 49.000 49.000 49.000 46.000
VAdist IGLV1-155*01 42.000 42.000 42.000 42.000 42.000 42.000 42.000 42.000 42.000 42.000 42.000 42.000 42.000 42.000 42.000 42.000 43.000 43.000 43.000 44.000 44.000 44.000 42.000 42.000 42.000 42.000 42.000 42.000 42.000 42.000 42.000 42.000 42.000 42.000 42.000 42.000 42.000 42.000 42.000 42.000 42.000 42.000 42.000 42.000 42.000 42.000 42.000 42.000 42.000 42.000 42.000 42.000 35.000 35.000 35.000 35.000 35.000 35.000 51.000 44.000 44.000 36.000 30.000 15.000 3.000 20.000 34.000 44.000 37.000 12.000 33.000 16.000 29.000 4.000 36.000 12.000 62.000 35.000 8.000 25.000 37.000 33.000 36.000 9.000 35.000 8.000 25.000 37.000 24.000 29.000 0.000 8.000 35.000 9.000 36.000 36.000 39.000 29.000 43.000 37.000 8.000 18.000 27.000 16.000 20.000 37.000 23.000 35.000 37.000 16.000 33.000 35.000 19.000 65.000 41.000 32.000 16.000 35.000 20.000 20.000 36.000 23.000 44.000 24.000 38.000 55.000 29.000 16.000 32.000 28.000 0.000 24.000 5.000 36.000 30.000 42.000 33.000 35.000 43.000 39.000 40.000 40.000 35.000 35.000 43.000 39.000 40.000 35.000 35.000 38.000 34.000 42.000 38.000 44.000 43.000 39.000 62.000 62.000 62.000 56.000 62.000 58.000 66.000 75.000 75.000 74.000 42.000 39.000 42.000 47.000 40.000 39.000 39.000 42.000 39.000 39.000 42.000 44.000 42.000 42.000 42.000 39.000 39.000
VAdist IGLV1-157*01 45.000 45.000 45.000 45.000 45.000 45.000 45.000 45.000 45.000 45.000 45.000 45.000 45.000 45.000 45.000 45.000 41.000 41.000 41.000 47.000 47.000 47.000 45.000 45.000 45.000 45.000 45.000 45.000 45.000 45.000 45.000 45.000 45.000 45.000 45.000 45.000 45.000 45.000 45.000 45.000 45.000 45.000 45.000 45.000 45.000 45.000 45.000 45.000 45.000 45.000 45.000 45.000 39.000 39.000 39.000 39.000 35.000 35.000 51.000 48.000 48.000 35.000 30.000 7.000 11.000 12.000 34.000 43.000 37.000 15.000 32.000 15.000 28.000 4.000 37.000 12.000 57.000 39.000 3.000 20.000 40.000 36.000 37.000 12.000 39.000 0.000 24.000 40.000 23.000 28.000 8.000 0.000 39.000 12.000 37.000 35.000 31.000 28.000 42.000 29.000 8.000 18.000 27.000 8.000 23.000 36.000 23.000 39.000 40.000 15.000 28.000 39.000 18.000 61.000 40.000 31.000 19.000 39.000 19.000 20.000 35.000 22.000 43.000 27.000 30.000 58.000 32.000 15.000 31.000 28.000 8.000 23.000 8.000 37.000 30.000 42.000 37.000 38.000 41.000 34.000 36.000 36.000 33.000 34.000 41.000 34.000 36.000 38.000 34.000 35.000 37.000 41.000 37.000 40.000 41.000 38.000 62.000 62.000 62.000 59.000 62.000 54.000 66.000 75.000 74.000 74.000 41.000 35.000 42.000 43.000 36.000 39.000 39.000 41.000 38.000 39.000 41.000 43.000 41.000 41.000 41.000 38.000 39.000
VAdist IGLV1-158*01 57.000 57.000 57.000 57.000 57.000 57.000 57.000 57.000 57.000 57.000 57.000 57.000 57.000 57.000 57.000 57.000 57.000 57.000 57.000 59.000 59.000 59.000 57.000 57.000 57.000 57.000 57.000 57.000 57.000 57.000 57.000 57.000 57.000 57.000 57.000 57.000 57.000 57.000 57.000 57.000 57.000 57.000 57.000 57.000 57.000 57.000 57.000 57.000 57.000 57.000 57.000 57.000 43.000 43.000 47.000 43.000 51.000 51.000 65.000 46.000 46.000 17.000 45.000 39.000 36.000 43.000 38.000 28.000 42.000 34.000 37.000 38.000 30.000 35.000 41.000 35.000 62.000 0.000 38.000 47.000 39.000 17.000 41.000 36.000 0.000 39.000 47.000 39.000 44.000 22.000 35.000 39.000 0.000 36.000 41.000 17.000 17.000 48.000 19.000 24.000 35.000 32.000 44.000 43.000 39.000 38.000 35.000 7.000 39.000 38.000 43.000 7.000 39.000 72.000 25.000 44.000 34.000 0.000 38.000 40.000 17.000 43.000 28.000 40.000 27.000 67.000 30.000 38.000 33.000 44.000 35.000 44.000 35.000 41.000 40.000 39.000 34.000 42.000 47.000 46.000 47.000 47.000 49.000 46.000 47.000 46.000 47.000 42.000 46.000 47.000 46.000 47.000 47.000 48.000 47.000 46.000 67.000 67.000 67.000 70.000 67.000 67.000 67.000 74.000 74.000 78.000 44.000 43.000 43.000 48.000 45.000 44.000 44.000 44.000 44.000 44.000 44.000 44.000 44.000 44.000 44.000 44.000 44.000
VAdist IGLV1-159*01 50.000 50.000 50.000 50.000 50.000 50.000 50.000 50.000 50.000 50.000 50.000 50.000 50.000 50.000 50.000 50.000 47.000 47.000 47.000 51.000 51.000 51.000 50.000 50.000 50.000 50.000 50.000 50.000 50.000 50.000 50.000 50.000 50.000 50.000 50.000 50.000 50.000 50.000 50.000 50.000 50.000 50.000 50.000 50.000 50.000 50.000 50.000 50.000 50.000 50.000 50.000 50.000 38.000 38.000 38.000 38.000 38.000 38.000 55.000 43.000 43.000 38.000 31.000 19.000 12.000 24.000 36.000 45.000 38.000 13.000 38.000 17.000 31.000 8.000 42.000 16.000 67.000 36.000 9.000 24.000 39.000 38.000 42.000 0.000 36.000 12.000 24.000 39.000 26.000 31.000 9.000 12.000 36.000 0.000 42.000 38.000 40.000 32.000 45.000 38.000 12.000 22.000 28.000 20.000 21.000 39.000 27.000 36.000 39.000 17.000 38.000 36.000 24.000 69.000 43.000 34.000 17.000 36.000 21.000 24.000 38.000 28.000 45.000 23.000 39.000 55.000 31.000 17.000 33.000 30.000 9.000 26.000 4.000 42.000 34.000 38.000 37.000 35.000 43.000 39.000 39.000 39.000 35.000 35.000 43.000 39.000 39.000 35.000 35.000 38.000 34.000 42.000 38.000 43.000 43.000 39.000 62.000 62.000 62.000 59.000 62.000 57.000 66.000 75.000 75.000 74.000 40.000 37.000 40.000 45.000 40.000 37.000 37.000 40.000 37.000 37.000 40.000 42.000 40.000 40.000 40.000 37.000 37.000
VAdist IGLV1-160*01 54.000 54.000 54.000 54.000 54.000 54.000 54.000 54.000 54.000 54.000 54.000 54.000 54.000 54.000 54.000 54.000 53.000 53.000 53.000 56.000 56.000 56.000 54.000 54.000 54.000 54.000 54.000 54.000 54.000 54.000 54.000 54.000 54.000 54.000 54.000 54.000 54.000 54.000 54.000 54.000 54.000 54.000 54.000 54.000 54.000 54.000 54.000 54.000 54.000 54.000 54.000 54.000 43.000 43.000 43.000 43.000 47.000 47.000 60.000 54.000 54.000 34.000 39.000 34.000 39.000 33.000 16.000 42.000 34.000 37.000 27.000 33.000 39.000 37.000 0.000 33.000 53.000 41.000 37.000 29.000 38.000 33.000 0.000 42.000 41.000 37.000 29.000 34.000 22.000 37.000 36.000 37.000 41.000 42.000 0.000 34.000 41.000 22.000 37.000 42.000 37.000 30.000 36.000 37.000 38.000 44.000 29.000 41.000 38.000 33.000 43.000 41.000 32.000 65.000 38.000 25.000 36.000 41.000 33.000 37.000 34.000 36.000 42.000 26.000 45.000 62.000 35.000 33.000 42.000 26.000 36.000 22.000 38.000 0.000 22.000 41.000 30.000 42.000 46.000 42.000 47.000 47.000 45.000 42.000 46.000 42.000 47.000 42.000 46.000 49.000 50.000 45.000 44.000 48.000 46.000 42.000 66.000 66.000 66.000 64.000 66.000 62.000 68.000 75.000 71.000 75.000 34.000 37.000 34.000 46.000 39.000 38.000 34.000 34.000 37.000 34.000 34.000 34.000 34.000 34.000 34.000 37.000 34.000
VAdist IGLV1-162*01 57.000 57.000 57.000 57.000 57.000 57.000 57.000 57.000 57.000 57.000 57.000 57.000 57.000 57.000 57.000 57.000 57.000 57.000 57.000 59.000 59.000 59.000 57.000 57.000 57.000 57.000 57.000 57.000 57.000 57.000 57.000 57.000 57.000 57.000 57.000 57.000 57.000 57.000 57.000 57.000 57.000 57.000 57.000 57.000 57.000 57.000 57.000 57.000 57.000 57.000 57.000 57.000 51.000 51.000 51.000 51.000 51.000 51.000 65.000 50.000 50.000 0.000 45.000 35.000 39.000 39.000 39.000 20.000 42.000 36.000 30.000 32.000 23.000 35.000 34.000 35.000 55.000 17.000 36.000 45.000 39.000 4.000 34.000 38.000 17.000 35.000 45.000 39.000 44.000 11.000 36.000 35.000 17.000 38.000 34.000 0.000 15.000 41.000 11.000 16.000 35.000 32.000 44.000 39.000 41.000 31.000 32.000 14.000 39.000 32.000 39.000 14.000 31.000 67.000 8.000 44.000 36.000 17.000 32.000 40.000 0.000 35.000 20.000 42.000 19.000 69.000 27.000 32.000 26.000 45.000 36.000 44.000 37.000 34.000 41.000 46.000 45.000 42.000 42.000 42.000 46.000 46.000 44.000 42.000 42.000 42.000 46.000 42.000 41.000 43.000 45.000 43.000 43.000 47.000 42.000 42.000 66.000 66.000 66.000 69.000 66.000 65.000 67.000 74.000 74.000 78.000 46.000 46.000 46.000 51.000 48.000 47.000 43.000 46.000 46.000 43.000 46.000 46.000 46.000 46.000 46.000 46.000 43.000
VAdist IGLV1-37*01 57.000 57.000 57.000 57.000 57.000 57.000 57.000 57.000 57.000 57.000 57.000 57.000 57.000 57.000 57.000 57.000 55.000 55.000 55.000 59.000 59.000 59.000 57.000 57.000 57.000 57.000 57.000 57.000 57.000 57.000 57.000 57.000 57.000 57.000 57.000 57.000 57.000 57.000 57.000 57.000 57.000 57.000 57.000 57.000 57.000 57.000 57.000 57.000 57.000 57.000 57.000 57.000 51.000 51.000 51.000 51.000 51.000 51.000 65.000 50.000 50.000 15.000 45.000 31.000 40.000 35.000 42.000 31.000 42.000 38.000 36.000 38.000 29.000 35.000 41.000 35.000 55.000 17.000 34.000 43.000 42.000 16.000 41.000 40.000 17.000 31.000 47.000 42.000 47.000 25.000 39.000 31.000 17.000 40.000 41.000 15.000 0.000 47.000 19.000 7.000 35.000 32.000 44.000 35.000 43.000 35.000 39.000 18.000 42.000 38.000 38.000 18.000 38.000 68.000 23.000 47.000 38.000 17.000 38.000 40.000 15.000 42.000 31.000 44.000 10.000 71.000 31.000 38.000 32.000 48.000 39.000 47.000 39.000 41.000 44.000 43.000 42.000 45.000 45.000 41.000 43.000 43.000 47.000 45.000 45.000 41.000 43.000 45.000 45.000 44.000 49.000 46.000 46.000 44.000 45.000 45.000 67.000 67.000 67.000 70.000 67.000 63.000 67.000 73.000 72.000 74.000 47.000 43.000 47.000 48.000 45.000 48.000 48.000 47.000 47.000 48.000 47.000 47.000 47.000 47.000 47.000 47.000 48.000
VAdist IGLV1-41*01 52.000 52.000 52.000 52.000 52.000 52.000 52.000 52.000 52.000 52.000 52.000 52.000 52.000 52.000 52.000 52.000 50.000 50.000 50.000 53.000 53.000 53.000 52.000 52.000 52.000 52.000 52.000 52.000 52.000 52.000 52.000 52.000 52.000 52.000 52.000 52.000 52.000 52.000 52.000 52.000 52.000 52.000 52.000 52.000 52.000 52.000 52.000 52.000 52.000 52.000 52.000 52.000 39.000 39.000 39.000 39.000 43.000 43.000 57.000 47.000 47.000 41.000 30.000 31.000 32.000 24.000 20.000 48.000 37.000 25.000 25.000 29.000 37.000 28.000 22.000 24.000 57.000 48.000 29.000 19.000 37.000 45.000 22.000 32.000 48.000 28.000 19.000 33.000 19.000 38.000 29.000 28.000 48.000 32.000 22.000 41.000 47.000 0.000 44.000 45.000 28.000 33.000 27.000 28.000 32.000 42.000 30.000 48.000 37.000 25.000 36.000 48.000 27.000 62.000 42.000 22.000 24.000 48.000 28.000 31.000 41.000 31.000 48.000 22.000 46.000 51.000 33.000 29.000 39.000 18.000 29.000 19.000 28.000 22.000 22.000 38.000 34.000 31.000 42.000 35.000 49.000 49.000 39.000 35.000 42.000 34.000 49.000 31.000 41.000 42.000 46.000 30.000 37.000 53.000 42.000 31.000 65.000 65.000 65.000 63.000 65.000 61.000 62.000 75.000 67.000 73.000 40.000 32.000 40.000 45.000 40.000 37.000 37.000 40.000 37.000 37.000 40.000 40.000 40.000 40.000 40.000 37.000 37.000
VAdist IGLV1-44*01 61.000 61.000 61.000 61.000 61.000 61.000 61.000 61.000 61.000 61.000 61.000 61.000 61.000 61.000 61.000 61.000 61.000 61.000 61.000 63.000 63.000 63.000 61.000 61.000 61.000 61.000 61.000 61.000 61.000 61.000 61.000 61.000 61.000 61.000 61.000 61.000 61.000 61.000 61.000 61.000 61.000 61.000 61.000 61.000 61.000 61.000 61.000 61.000 61.000 61.000 61.000 61.000 51.000 51.000 51.000 51.000 51.000 51.000 65.000 50.000 50.000 11.000 45.000 39.000 44.000 39.000 42.000 16.000 42.000 40.000 33.000 36.000 30.000 42.000 37.000 42.000 58.000 19.000 43.000 48.000 36.000 15.000 37.000 45.000 19.000 42.000 48.000 36.000 47.000 14.000 43.000 42.000 19.000 45.000 37.000 11.000 19.000 44.000 0.000 26.000 42.000 39.000 44.000 38.000 41.000 31.000 39.000 20.000 36.000 36.000 40.000 20.000 38.000 70.000 15.000 47.000 40.000 19.000 36.000 43.000 11.000 42.000 16.000 45.000 29.000 72.000 34.000 36.000 33.000 48.000 43.000 47.000 44.000 37.000 44.000 43.000 42.000 42.000 42.000 42.000 46.000 46.000 44.000 42.000 42.000 42.000 46.000 42.000 39.000 43.000 43.000 43.000 43.000 47.000 42.000 42.000 64.000 64.000 64.000 67.000 64.000 63.000 68.000 75.000 75.000 79.000 47.000 47.000 47.000 52.000 49.000 48.000 44.000 47.000 47.000 44.000 47.000 47.000 47.000 47.000 47.000 47.000 44.000
VAdist IGLV1-45*01 57.000 57.000 57.000 57.000 57.000 57.000 57.000 57.000 57.000 57.000 57.000 57.000 57.000 57.000 57.000 57.000 55.000 55.000 55.000 59.000 59.000 59.000 57.000 57.000 57.000 57.000 57.000 57.000 57.000 57.000 57.000 57.000 57.000 57.000 57.000 57.000 57.000 57.000 57.000 57.000 57.000 57.000 57.000 57.000 57.000 57.000 57.000 57.000 57.000 57.000 57.000 57.000 51.000 51.000 51.000 51.000 51.000 51.000 65.000 50.000 50.000 16.000 43.000 29.000 40.000 33.000 43.000 35.000 43.000 36.000 37.000 36.000 30.000 33.000 42.000 33.000 56.000 24.000 32.000 41.000 46.000 17.000 42.000 38.000 24.000 29.000 45.000 46.000 45.000 26.000 37.000 29.000 24.000 38.000 42.000 16.000 7.000 45.000 26.000 0.000 33.000 33.000 42.000 33.000 40.000 36.000 37.000 21.000 46.000 36.000 42.000 21.000 36.000 69.000 24.000 45.000 36.000 24.000 36.000 35.000 16.000 40.000 35.000 45.000 3.000 69.000 32.000 36.000 33.000 46.000 37.000 45.000 37.000 42.000 42.000 44.000 46.000 46.000 45.000 42.000 44.000 44.000 48.000 46.000 45.000 42.000 44.000 46.000 45.000 45.000 49.000 47.000 47.000 42.000 45.000 46.000 66.000 66.000 66.000 70.000 66.000 62.000 66.000 74.000 73.000 75.000 46.000 43.000 47.000 47.000 44.000 47.000 47.000 46.000 46.000 47.000 46.000 46.000 46.000 46.000 46.000 46.000 47.000
VAdist IGLV1-46*01 45.000 45.000 45.000 45.000 45.000 45.000 45.000 45.000 45.000 45.000 45.000 45.000 45.000 45.000 45.000 45.000 43.000 43.000 43.000 47.000 47.000 47.000 45.000 45.000 45.000 45.000 45.000 45.000 45.000 45.000 45.000 45.000 45.000 45.000 45.000 45.000 45.000 45.000 45.000 45.000 45.000 45.000 45.000 45.000 45.000 45.000 45.000 45.000 45.000 45.000 45.000 45.000 35.000 35.000 35.000 35.000 39.000 39.000 50.000 44.000 44.000 35.000 26.000 11.000 11.000 16.000 34.000 43.000 33.000 11.000 31.000 15.000 27.000 4.000 37.000 4.000 61.000 35.000 11.000 23.000 36.000 36.000 37.000 12.000 35.000 8.000 23.000 36.000 24.000 28.000 8.000 8.000 35.000 12.000 37.000 35.000 35.000 28.000 42.000 33.000 0.000 13.000 23.000 12.000 19.000 36.000 22.000 35.000 36.000 15.000 32.000 35.000 17.000 65.000 40.000 31.000 15.000 35.000 19.000 16.000 35.000 21.000 43.000 22.000 34.000 54.000 27.000 15.000 30.000 27.000 8.000 24.000 8.000 37.000 29.000 41.000 33.000 34.000 42.000 38.000 36.000 36.000 34.000 34.000 42.000 38.000 36.000 34.000 34.000 37.000 33.000 41.000 37.000 40.000 42.000 38.000 62.000 62.000 62.000 59.000 62.000 54.000 66.000 75.000 74.000 74.000 41.000 38.000 41.000 46.000 39.000 38.000 38.000 41.000 38.000 38.000 41.000 43.000 41.000 41.000 41.000 38.000 38.000
VAdist IGLV1-48*01 48.000 48.000 48.000 48.000 48.000 48.000 48.000 48.000 48.000 48.000 48.000 48.000 48.000 48.000 48.000 48.000 47.000 47.000 47.000 50.000 50.000 50.000 48.000 48.000 48.000 48.000 48.000 48.000 48.000 48.000 48.000 48.000 48.000 48.000 48.000 48.000 48.000 48.000 48.000 48.000 48.000 48.000 48.000 48.000 48.000 48.000 48.000 48.000 48.000 48.000 48.000 48.000 37.000 37.000 37.000 37.000 42.000 42.000 52.000 40.000 40.000 32.000 28.000 15.000 21.000 22.000 27.000 44.000 29.000 21.000 18.000 17.000 20.000 14.000 30.000 13.000 57.000 32.000 21.000 22.000 32.000 33.000 30.000 22.000 32.000 18.000 22.000 32.000 27.000 29.000 18.000 18.000 32.000 22.000 30.000 32.000 32.000 33.000 39.000 33.000 13.000 0.000 25.000 22.000 26.000 32.000 15.000 32.000 32.000 25.000 32.000 32.000 10.000 63.000 37.000 24.000 21.000 32.000 21.000 19.000 32.000 14.000 44.000 15.000 34.000 58.000 20.000 17.000 23.000 20.000 18.000 27.000 18.000 30.000 26.000 41.000 32.000 40.000 41.000 44.000 38.000 38.000 38.000 40.000 41.000 44.000 38.000 40.000 40.000 43.000 40.000 47.000 43.000 39.000 41.000 44.000 62.000 62.000 62.000 61.000 62.000 53.000 63.000 74.000 73.000 73.000 35.000 41.000 34.000 42.000 39.000 38.000 38.000 35.000 38.000 38.000 35.000 37.000 35.000 35.000 35.000 38.000 38.000
VAdist IGLV1-49*01 56.000 56.000 56.000 56.000 56.000 56.000 56.000 56.000 56.000 56.000 56.000 56.000 56.000 56.000 56.000 56.000 56.000 56.000 56.000 58.000 58.000 58.000 56.000 56.000 56.000 56.000 56.000 56.000 56.000 56.000 56.000 56.000 56.000 56.000 56.000 56.000 56.000 56.000 56.000 56.000 56.000 56.000 56.000 56.000 56.000 56.000 56.000 56.000 56.000 56.000 56.000 56.000 46.000 46.000 46.000 46.000 50.000 50.000 60.000 44.000 44.000 44.000 3.000 26.000 30.000 19.000 37.000 49.000 10.000 22.000 35.000 22.000 41.000 23.000 36.000 23.000 64.000 44.000 30.000 23.000 21.000 45.000 36.000 28.000 44.000 27.000 23.000 17.000 31.000 38.000 27.000 27.000 44.000 28.000 36.000 44.000 44.000 27.000 44.000 42.000 23.000 25.000 0.000 27.000 21.000 37.000 29.000 44.000 21.000 26.000 39.000 44.000 29.000 68.000 41.000 23.000 22.000 44.000 21.000 27.000 44.000 33.000 49.000 22.000 43.000 57.000 33.000 22.000 44.000 27.000 27.000 31.000 27.000 36.000 29.000 36.000 36.000 38.000 42.000 42.000 46.000 46.000 38.000 42.000 42.000 41.000 46.000 38.000 40.000 45.000 41.000 45.000 45.000 50.000 42.000 42.000 62.000 62.000 62.000 63.000 62.000 58.000 62.000 71.000 74.000 76.000 45.000 37.000 46.000 42.000 43.000 42.000 42.000 45.000 42.000 42.000 45.000 45.000 45.000 45.000 46.000 42.000 42.000
VAdist IGLV1-50*01 49.000 49.000 49.000 49.000 49.000 49.000 49.000 49.000 49.000 49.000 49.000 49.000 49.000 49.000 49.000 49.000 45.000 45.000 45.000 51.000 51.000 51.000 49.000 49.000 49.000 49.000 49.000 49.000 49.000 49.000 49.000 49.000 49.000 49.000 49.000 49.000 49.000 49.000 49.000 49.000 49.000 49.000 49.000 49.000 49.000 49.000 49.000 49.000 49.000 49.000 49.000 49.000 39.000 39.000 39.000 39.000 39.000 39.000 51.000 48.000 48.000 39.000 30.000 11.000 19.000 12.000 34.000 43.000 37.000 19.000 32.000 19.000 32.000 12.000 37.000 16.000 57.000 43.000 11.000 20.000 40.000 40.000 37.000 20.000 43.000 8.000 24.000 40.000 23.000 32.000 16.000 8.000 43.000 20.000 37.000 39.000 35.000 28.000 38.000 33.000 12.000 22.000 27.000 0.000 23.000 36.000 27.000 43.000 40.000 19.000 32.000 43.000 22.000 61.000 40.000 31.000 23.000 43.000 23.000 16.000 39.000 26.000 43.000 27.000 34.000 58.000 36.000 19.000 35.000 28.000 16.000 23.000 16.000 37.000 30.000 42.000 37.000 34.000 39.000 30.000 34.000 34.000 29.000 30.000 39.000 30.000 34.000 34.000 34.000 31.000 37.000 37.000 37.000 38.000 39.000 34.000 62.000 62.000 62.000 59.000 62.000 54.000 70.000 79.000 78.000 78.000 41.000 35.000 42.000 43.000 36.000 39.000 39.000 41.000 38.000 39.000 41.000 43.000 41.000 41.000 41.000 38.000 39.000
VAdist IGLV1-52*01 53.000 53.000 53.000 53.000 53.000 53.000 53.000 53.000 53.000 53.000 53.000 53.000 53.000 53.000 53.000 53.000 50.000 50.000 50.000 55.000 55.000 55.000 53.000 53.000 53.000 53.000 53.000 53.000 53.000 53.000 53.000 53.000 53.000 53.000 53.000 53.000 53.000 53.000 53.000 53.000 53.000 53.000 53.000 53.000 53.000 53.000 53.000 53.000 53.000 53.000 53.000 53.000 38.000 38.000 38.000 38.000 42.000 42.000 54.000 42.000 42.000 41.000 24.000 22.000 23.000 19.000 38.000 42.000 28.000 11.000 33.000 20.000 38.000 19.000 38.000 23.000 63.000 39.000 20.000 29.000 30.000 41.000 38.000 21.000 39.000 23.000 29.000 30.000 31.000 31.000 20.000 23.000 39.000 21.000 38.000 41.000 43.000 32.000 41.000 40.000 19.000 26.000 21.000 23.000 0.000 34.000 26.000 39.000 30.000 15.000 34.000 39.000 31.000 66.000 38.000 34.000 15.000 39.000 16.000 23.000 41.000 35.000 42.000 25.000 41.000 54.000 38.000 20.000 41.000 35.000 20.000 31.000 17.000 38.000 33.000 37.000 40.000 38.000 43.000 43.000 47.000 47.000 38.000 43.000 43.000 39.000 47.000 38.000 39.000 46.000 38.000 45.000 46.000 47.000 43.000 42.000 58.000 58.000 58.000 59.000 58.000 57.000 65.000 74.000 74.000 75.000 44.000 37.000 45.000 45.000 42.000 41.000 41.000 44.000 41.000 41.000 44.000 43.000 44.000 44.000 45.000 41.000 41.000
VAdist IGLV1-54*01 59.000 59.000 59.000 55.000 55.000 55.000 55.000 55.000 55.000 59.000 59.000 59.000 59.000 59.000 59.000 59.000 60.000 60.000 60.000 57.000 57.000 57.000 55.000 55.000 55.000 55.000 55.000 55.000 59.000 59.000 59.000 59.000 59.000 59.000 59.000 59.000 59.000 59.000 59.000 59.000 59.000 59.000 59.000 59.000 59.000 59.000 59.000 59.000 59.000 59.000 59.000 55.000 50.000 50.000 50.000 50.000 46.000 46.000 60.000 51.000 51.000 31.000 38.000 31.000 40.000 28.000 40.000 36.000 37.000 37.000 36.000 33.000 19.000 36.000 44.000 36.000 58.000 38.000 37.000 42.000 38.000 35.000 44.000 39.000 38.000 36.000 42.000 38.000 41.000 25.000 37.000 36.000 38.000 39.000 44.000 31.000 35.000 42.000 31.000 36.000 36.000 32.000 37.000 36.000 34.000 0.000 40.000 38.000 38.000 37.000 32.000 38.000 32.000 68.000 28.000 45.000 37.000 38.000 37.000 37.000 31.000 36.000 36.000 39.000 37.000 66.000 20.000 33.000 22.000 41.000 37.000 41.000 38.000 44.000 39.000 45.000 47.000 49.000 50.000 49.000 48.000 48.000 45.000 45.000 50.000 49.000 48.000 49.000 40.000 42.000 40.000 50.000 46.000 49.000 50.000 49.000 63.000 63.000 63.000 57.000 63.000 59.000 69.000 72.000 76.000 73.000 48.000 52.000 48.000 53.000 50.000 49.000 49.000 48.000 49.000 49.000 48.000 50.000 48.000 48.000 49.000 49.000 49.000
VAdist IGLV1-55*01 52.000 52.000 52.000 52.000 52.000 52.000 52.000 52.000 52.000 52.000 52.000 52.000 52.000 52.000 52.000 52.000 51.000 51.000 51.000 54.000 54.000 54.000 52.000 52.000 52.000 52.000 52.000 52.000 52.000 52.000 52.000 52.000 52.000 52.000 52.000 52.000 52.000 52.000 52.000 52.000 52.000 52.000 52.000 52.000 52.000 52.000 52.000 52.000 52.000 52.000 52.000 52.000 41.000 41.000 45.000 41.000 46.000 46.000 56.000 43.000 43.000 32.000 32.000 20.000 26.000 27.000 30.000 44.000 39.000 21.000 21.000 14.000 28.000 23.000 29.000 22.000 61.000 35.000 22.000 23.000 40.000 32.000 29.000 27.000 35.000 23.000 23.000 40.000 23.000 29.000 23.000 23.000 35.000 27.000 29.000 32.000 39.000 30.000 39.000 37.000 22.000 15.000 29.000 27.000 26.000 40.000 0.000 35.000 40.000 17.000 36.000 35.000 11.000 66.000 37.000 15.000 21.000 35.000 10.000 31.000 32.000 15.000 44.000 26.000 38.000 58.000 32.000 14.000 31.000 17.000 23.000 23.000 23.000 29.000 23.000 37.000 33.000 41.000 41.000 42.000 43.000 43.000 34.000 42.000 41.000 38.000 43.000 41.000 42.000 45.000 46.000 44.000 45.000 47.000 41.000 41.000 62.000 62.000 62.000 66.000 62.000 61.000 62.000 74.000 74.000 75.000 34.000 30.000 35.000 38.000 39.000 38.000 34.000 34.000 37.000 34.000 34.000 33.000 34.000 34.000 34.000 37.000 34.000
VAdist IGLV1-56*01 57.000 57.000 57.000 57.000 57.000 57.000 57.000 57.000 57.000 57.000 57.000 57.000 57.000 57.000 57.000 57.000 57.000 57.000 57.000 59.000 59.000 59.000 57.000 57.000 57.000 57.000 57.000 57.000 57.000 57.000 57.000 57.000 57.000 57.000 57.000 57.000 57.000 57.000 57.000 57.000 57.000 57.000 57.000 57.000 57.000 57.000 57.000 57.000 57.000 57.000 57.000 57.000 43.000 43.000 47.000 43.000 51.000 51.000 65.000 46.000 46.000 14.000 45.000 39.000 32.000 43.000 38.000 28.000 42.000 34.000 37.000 38.000 30.000 35.000 41.000 35.000 62.000 7.000 38.000 47.000 39.000 14.000 41.000 36.000 7.000 39.000 47.000 39.000 44.000 22.000 35.000 39.000 7.000 36.000 41.000 14.000 18.000 48.000 20.000 21.000 35.000 32.000 44.000 43.000 39.000 38.000 35.000 0.000 39.000 38.000 43.000 0.000 39.000 72.000 22.000 44.000 34.000 7.000 38.000 40.000 14.000 43.000 28.000 40.000 24.000 67.000 30.000 38.000 33.000 44.000 35.000 44.000 35.000 41.000 40.000 43.000 38.000 42.000 47.000 46.000 47.000 47.000 49.000 46.000 47.000 46.000 47.000 42.000 42.000 47.000 42.000 47.000 46.000 48.000 47.000 46.000 67.000 67.000 67.000 70.000 67.000 67.000 67.000 74.000 74.000 78.000 40.000 39.000 39.000 44.000 41.000 40.000 40.000 40.000 40.000 40.000 40.000 40.000 40.000 40.000 40.000 40.000 40.000
VAdist IGLV1-57*01 57.000 57.000 57.000 57.000 57.000 57.000 57.000 57.000 57.000 57.000 57.000 57.000 57.000 57.000 57.000 57.000 57.000 57.000 57.000 59.000 59.000 59.000 57.000 57.000 57.000 57.000 57.000 57.000 57.000 57.000 57.000 57.000 57.000 57.000 57.000 57.000 57.000 57.000 57.000 57.000 57.000 57.000 57.000 57.000 57.000 57.000 57.000 57.000 57.000 57.000 57.000 57.000 47.000 47.000 47.000 47.000 51.000 51.000 61.000 46.000 46.000 39.000 24.000 39.000 37.000 32.000 39.000 40.000 19.000 32.000 29.000 33.000 42.000 36.000 38.000 36.000 58.000 39.000 41.000 38.000 0.000 43.000 38.000 39.000 39.000 40.000 38.000 4.000 45.000 39.000 37.000 40.000 39.000 39.000 38.000 39.000 42.000 37.000 36.000 46.000 36.000 32.000 21.000 40.000 30.000 38.000 40.000 39.000 0.000 36.000 31.000 39.000 36.000 70.000 39.000 41.000 32.000 39.000 33.000 37.000 39.000 40.000 40.000 31.000 49.000 67.000 38.000 33.000 45.000 41.000 37.000 45.000 38.000 38.000 37.000 36.000 41.000 34.000 36.000 39.000 49.000 49.000 45.000 39.000 36.000 39.000 49.000 34.000 38.000 42.000 39.000 41.000 42.000 50.000 36.000 38.000 64.000 64.000 64.000 63.000 64.000 63.000 58.000 71.000 70.000 75.000 42.000 38.000 42.000 36.000 40.000 36.000 36.000 42.000 36.000 36.000 39.000 39.000 43.000 39.000 43.000 36.000 36.000
VAdist IGLV1-58*01 49.000 49.000 49.000 49.000 49.000 49.000 49.000 49.000 49.000 49.000 49.000 49.000 49.000 49.000 49.000 49.000 46.000 46.000 46.000 51.000 51.000 51.000 49.000 49.000 49.000 49.000 49.000 49.000 49.000 49.000 49.000 49.000 49.000 49.000 49.000 49.000 49.000 49.000 49.000 49.000 49.000 49.000 49.000 49.000 49.000 49.000 49.000 49.000 49.000 49.000 49.000 49.000 42.000 42.000 42.000 42.000 42.000 42.000 54.000 43.000 43.000 32.000 29.000 14.000 19.000 19.000 37.000 37.000 36.000 4.000 29.000 8.000 33.000 15.000 33.000 19.000 62.000 38.000 12.000 25.000 36.000 32.000 33.000 17.000 38.000 15.000 25.000 36.000 26.000 22.000 16.000 15.000 38.000 17.000 33.000 32.000 38.000 25.000 36.000 36.000 15.000 25.000 26.000 19.000 15.000 37.000 17.000 38.000 36.000 0.000 28.000 38.000 22.000 65.000 37.000 30.000 8.000 38.000 7.000 27.000 32.000 26.000 37.000 28.000 37.000 51.000 37.000 8.000 36.000 31.000 16.000 26.000 13.000 33.000 33.000 41.000 40.000 35.000 41.000 39.000 43.000 43.000 34.000 39.000 41.000 38.000 43.000 35.000 35.000 42.000 38.000 38.000 42.000 47.000 41.000 35.000 58.000 58.000 58.000 59.000 58.000 57.000 58.000 71.000 67.000 72.000 44.000 37.000 45.000 46.000 43.000 42.000 38.000 44.000 41.000 38.000 44.000 44.000 44.000 44.000 44.000 41.000 38.000
VAdist IGLV1-63*01 51.000 51.000 51.000 51.000 51.000 51.000 51.000 51.000 51.000 51.000 51.000 51.000 51.000 51.000 51.000 51.000 49.000 49.000 49.000 55.000 55.000 55.000 51.000 51.000 51.000 51.000 51.000 51.000 51.000 51.000 51.000 51.000 51.000 51.000 51.000 51.000 51.000 51.000 51.000 51.000 51.000 51.000 51.000 51.000 51.000 51.000 51.000 51.000 51.000 51.000 51.000 51.000 46.000 46.000 46.000 46.000 46.000 46.000 59.000 51.000 51.000 39.000 42.000 27.000 33.000 27.000 45.000 42.000 39.000 28.000 35.000 29.000 36.000 32.000 43.000 31.000 57.000 43.000 29.000 38.000 31.000 43.000 43.000 38.000 43.000 28.000 42.000 31.000 44.000 33.000 33.000 28.000 43.000 38.000 43.000 39.000 38.000 36.000 40.000 42.000 32.000 32.000 39.000 32.000 34.000 32.000 36.000 43.000 31.000 28.000 0.000 43.000 32.000 64.000 44.000 44.000 28.000 43.000 29.000 37.000 39.000 36.000 42.000 39.000 43.000 69.000 40.000 29.000 36.000 45.000 33.000 44.000 34.000 43.000 46.000 49.000 51.000 40.000 42.000 37.000 52.000 52.000 41.000 41.000 42.000 37.000 52.000 40.000 41.000 43.000 42.000 43.000 44.000 53.000 42.000 40.000 63.000 63.000 63.000 54.000 63.000 61.000 60.000 69.000 67.000 69.000 51.000 44.000 51.000 46.000 42.000 49.000 49.000 51.000 48.000 49.000 51.000 51.000 51.000 51.000 51.000 48.000 49.000
VAdist IGLV1-66*01 57.000 57.000 57.000 57.000 57.000 57.000 57.000 57.000 57.000 57.000 57.000 57.000 57.000 57.000 57.000 57.000 57.000 57.000 57.000 59.000 59.000 59.000 57.000 57.000 57.000 57.000 57.000 57.000 57.000 57.000 57.000 57.000 57.000 57.000 57.000 57.000 57.000 57.000 57.000 57.000 57.000 57.000 57.000 57.000 57.000 57.000 57.000 57.000 57.000 57.000 57.000 57.000 43.000 43.000 47.000 43.000 51.000 51.000 65.000 46.000 46.000 14.000 45.000 39.000 32.000 43.000 38.000 28.000 42.000 34.000 37.000 38.000 30.000 35.000 41.000 35.000 62.000 7.000 38.000 47.000 39.000 14.000 41.000 36.000 7.000 39.000 47.000 39.000 44.000 22.000 35.000 39.000 7.000 36.000 41.000 14.000 18.000 48.000 20.000 21.000 35.000 32.000 44.000 43.000 39.000 38.000 35.000 0.000 39.000 38.000 43.000 0.000 39.000 72.000 22.000 44.000 34.000 7.000 38.000 40.000 14.000 43.000 28.000 40.000 24.000 67.000 30.000 38.000 33.000 44.000 35.000 44.000 35.000 41.000 40.000 43.000 38.000 42.000 47.000 46.000 47.000 47.000 49.000 46.000 47.000 46.000 47.000 42.000 42.000 47.000 42.000 47.000 46.000 48.000 47.000 46.000 67.000 67.000 67.000 70.000 67.000 67.000 67.000 74.000 74.000 78.000 40.000 39.000 39.000 44.000 41.000 40.000 40.000 40.000 40.000 40.000 40.000 40.000 40.000 40.000 40.000 40.000 40.000
VAdist IGLV1-67*01 48.000 48.000 48.000 48.000 48.000 48.000 48.000 48.000 48.000 48.000 48.000 48.000 48.000 48.000 48.000 48.000 47.000 47.000 47.000 50.000 50.000 50.000 48.000 48.000 48.000 48.000 48.000 48.000 48.000 48.000 48.000 48.000 48.000 48.000 48.000 48.000 48.000 48.000 48.000 48.000 48.000 48.000 48.000 48.000 48.000 48.000 48.000 48.000 48.000 48.000 48.000 48.000 41.000 41.000 41.000 41.000 42.000 42.000 52.000 44.000 44.000 31.000 32.000 15.000 22.000 22.000 30.000 43.000 39.000 23.000 18.000 14.000 20.000 18.000 32.000 17.000 57.000 39.000 19.000 20.000 36.000 35.000 32.000 24.000 39.000 18.000 20.000 36.000 24.000 28.000 19.000 18.000 39.000 24.000 32.000 31.000 38.000 27.000 38.000 36.000 17.000 10.000 29.000 22.000 31.000 32.000 11.000 39.000 36.000 22.000 32.000 39.000 0.000 64.000 36.000 21.000 23.000 39.000 18.000 26.000 31.000 4.000 43.000 23.000 37.000 60.000 24.000 14.000 23.000 17.000 19.000 24.000 20.000 32.000 23.000 41.000 33.000 38.000 38.000 38.000 38.000 38.000 32.000 34.000 38.000 38.000 38.000 38.000 34.000 37.000 38.000 41.000 37.000 42.000 38.000 38.000 62.000 62.000 62.000 62.000 62.000 56.000 63.000 75.000 75.000 74.000 35.000 38.000 35.000 42.000 39.000 38.000 37.000 35.000 38.000 37.000 35.000 37.000 35.000 35.000 35.000 38.000 37.000
VAdist IGLV1-68*01 68.000 68.000 68.000 68.000 68.000 68.000 68.000 68.000 68.000 68.000 68.000 68.000 68.000 68.000 68.000 68.000 70.000 70.000 70.000 68.000 68.000 68.000 68.000 68.000 68.000 68.000 68.000 68.000 68.000 68.000 68.000 68.000 68.000 68.000 68.000 68.000 68.000 68.000 68.000 68.000 68.000 68.000 68.000 68.000 68.000 68.000 68.000 68.000 68.000 68.000 68.000 68.000 72.000 72.000 72.000 72.000 73.000 73.000 73.000 71.000 71.000 67.000 68.000 62.000 68.000 61.000 64.000 70.000 72.000 65.000 62.000 65.000 64.000 65.000 65.000 65.000 43.000 72.000 61.000 61.000 70.000 69.000 65.000 69.000 72.000 61.000 65.000 70.000 64.000 64.000 65.000 61.000 72.000 69.000 65.000 67.000 68.000 62.000 70.000 69.000 65.000 63.000 68.000 61.000 66.000 68.000 66.000 72.000 70.000 65.000 64.000 72.000 64.000 0.000 68.000 65.000 65.000 72.000 65.000 66.000 67.000 65.000 71.000 62.000 70.000 41.000 64.000 65.000 64.000 66.000 65.000 64.000 65.000 65.000 69.000 76.000 69.000 74.000 74.000 70.000 77.000 77.000 71.000 74.000 74.000 70.000 77.000 74.000 70.000 72.000 78.000 74.000 70.000 78.000 74.000 74.000 91.000 91.000 91.000 95.000 91.000 92.000 93.000 104.000 104.000 105.000 76.000 71.000 72.000 76.000 72.000 76.000 76.000 76.000 75.000 76.000 76.000 76.000 76.000 76.000 72.000 75.000 76.000
VAdist IGLV1-69*01 61.000 61.000 61.000 61.000 61.000 61.000 61.000 61.000 61.000 61.000 61.000 61.000 61.000 61.000 61.000 61.000 61.000 61.000 61.000 63.000 63.000 63.000 61.000 61.000 61.000 61.000 61.000 61.000 61.000 61.000 61.000 61.000 61.000 61.000 61.000 61.000 61.000 61.000 61.000 61.000 61.000 61.000 61.000 61.000 61.000 61.000 61.000 61.000 61.000 61.000 61.000 61.000 51.000 51.000 51.000 51.000 51.000 51.000 65.000 51.000 51.000 8.000 42.000 40.000 44.000 36.000 43.000 24.000 42.000 41.000 34.000 37.000 28.000 40.000 38.000 40.000 59.000 25.000 41.000 46.000 39.000 12.000 38.000 43.000 25.000 40.000 46.000 39.000 45.000 16.000 41.000 40.000 25.000 43.000 38.000 8.000 23.000 42.000 15.000 24.000 40.000 37.000 41.000 40.000 38.000 28.000 37.000 22.000 39.000 37.000 44.000 22.000 36.000 68.000 0.000 45.000 41.000 25.000 37.000 41.000 8.000 40.000 24.000 43.000 24.000 70.000 32.000 37.000 31.000 46.000 41.000 45.000 42.000 38.000 41.000 46.000 49.000 46.000 46.000 46.000 50.000 50.000 45.000 46.000 46.000 46.000 50.000 46.000 45.000 47.000 49.000 47.000 47.000 51.000 46.000 46.000 66.000 66.000 66.000 69.000 66.000 65.000 75.000 82.000 82.000 82.000 49.000 49.000 50.000 54.000 51.000 50.000 46.000 49.000 49.000 46.000 49.000 49.000 49.000 49.000 50.000 49.000 46.000
VAdist IGLV1-70*01 57.000 57.000 57.000 57.000 57.000 57.000 57.000 57.000 57.000 57.000 57.000 57.000 57.000 57.000 57.000 57.000 56.000 56.000 56.000 58.000 58.000 58.000 57.000 57.000 57.000 57.000 57.000 57.000 57.000 57.000 57.000 57.000 57.000 57.000 57.000 57.000 57.000 57.000 57.000 57.000 57.000 57.000 57.000 57.000 57.000 57.000 57.000 57.000 57.000 57.000 57.000 57.000 45.000 45.000 49.000 45.000 50.000 50.000 57.000 48.000 48.000 44.000 26.000 28.000 35.000 31.000 21.000 51.000 33.000 31.000 27.000 26.000 37.000 32.000 25.000 31.000 61.000 44.000 30.000 13.000 41.000 44.000 25.000 34.000 44.000 31.000 14.000 37.000 11.000 41.000 32.000 31.000 44.000 34.000 25.000 44.000 47.000 22.000 47.000 45.000 31.000 24.000 23.000 31.000 34.000 45.000 15.000 44.000 41.000 30.000 44.000 44.000 21.000 65.000 45.000 0.000 31.000 44.000 25.000 36.000 44.000 25.000 51.000 17.000 46.000 56.000 33.000 26.000 39.000 8.000 32.000 11.000 30.000 25.000 20.000 36.000 30.000 46.000 42.000 45.000 47.000 47.000 32.000 46.000 42.000 44.000 47.000 46.000 46.000 49.000 50.000 49.000 49.000 51.000 42.000 46.000 66.000 66.000 66.000 70.000 66.000 65.000 67.000 75.000 79.000 80.000 30.000 31.000 34.000 36.000 39.000 37.000 36.000 30.000 33.000 36.000 30.000 30.000 30.000 30.000 30.000 33.000 36.000
VAdist IGLV1-72*01 49.000 49.000 49.000 49.000 49.000 49.000 49.000 49.000 49.000 49.000 49.000 49.000 49.000 49.000 49.000 49.000 48.000 48.000 48.000 51.000 51.000 51.000 49.000 49.000 49.000 49.000 49.000 49.000 49.000 49.000 49.000 49.000 49.000 49.000 49.000 49.000 49.000 49.000 49.000 49.000 49.000 49.000 49.000 49.000 49.000 49.000 49.000 49.000 49.000 49.000 49.000 49.000 37.000 37.000 37.000 37.000 41.000 41.000 56.000 39.000 39.000 36.000 25.000 18.000 19.000 18.000 37.000 45.000 32.000 4.000 29.000 12.000 33.000 15.000 36.000 14.000 62.000 34.000 16.000 25.000 32.000 36.000 36.000 17.000 34.000 19.000 25.000 32.000 31.000 30.000 16.000 19.000 34.000 17.000 36.000 36.000 38.000 24.000 40.000 36.000 15.000 21.000 22.000 23.000 15.000 37.000 21.000 34.000 32.000 8.000 28.000 34.000 23.000 65.000 41.000 31.000 0.000 34.000 11.000 19.000 36.000 27.000 45.000 24.000 37.000 47.000 33.000 12.000 36.000 31.000 16.000 31.000 13.000 36.000 32.000 41.000 36.000 30.000 42.000 38.000 45.000 45.000 39.000 38.000 42.000 37.000 45.000 30.000 37.000 42.000 38.000 37.000 41.000 49.000 42.000 34.000 58.000 58.000 58.000 58.000 58.000 56.000 58.000 71.000 66.000 71.000 44.000 36.000 44.000 46.000 42.000 41.000 41.000 44.000 41.000 41.000 44.000 44.000 44.000 44.000 44.000 41.000 41.000
VAdist IGLV1-73*01 57.000 57.000 57.000 57.000 57.000 57.000 57.000 57.000 57.000 57.000 57.000 57.000 57.000 57.000 57.000 57.000 57.000 57.000 57.000 59.000 59.000 59.000 57.000 57.000 57.000 57.000 57.000 57.000 57.000 57.000 57.000 57.000 57.000 57.000 57.000 57.000 57.000 57.000 57.000 57.000 57.000 57.000 57.000 57.000 57.000 57.000 57.000 57.000 57.000 57.000 57.000 57.000 43.000 43.000 47.000 43.000 51.000 51.000 65.000 46.000 46.000 17.000 45.000 39.000 36.000 43.000 38.000 28.000 42.000 34.000 37.000 38.000 30.000 35.000 41.000 35.000 62.000 0.000 38.000 47.000 39.000 17.000 41.000 36.000 0.000 39.000 47.000 39.000 44.000 22.000 35.000 39.000 0.000 36.000 41.000 17.000 17.000 48.000 19.000 24.000 35.000 32.000 44.000 43.000 39.000 38.000 35.000 7.000 39.000 38.000 43.000 7.000 39.000 72.000 25.000 44.000 34.000 0.000 38.000 40.000 17.000 43.000 28.000 40.000 27.000 67.000 30.000 38.000 33.000 44.000 35.000 44.000 35.000 41.000 40.000 39.000 34.000 42.000 47.000 46.000 47.000 47.000 49.000 46.000 47.000 46.000 47.000 42.000 46.000 47.000 46.000 47.000 47.000 48.000 47.000 46.000 67.000 67.000 67.000 70.000 67.000 67.000 67.000 74.000 74.000 78.000 44.000 43.000 43.000 48.000 45.000 44.000 44.000 44.000 44.000 44.000 44.000 44.000 44.000 44.000 44.000 44.000 44.000
VAdist IGLV1-75*01 49.000 49.000 49.000 49.000 49.000 49.000 49.000 49.000 49.000 49.000 49.000 49.000 49.000 49.000 49.000 49.000 48.000 48.000 48.000 51.000 51.000 51.000 49.000 49.000 49.000 49.000 49.000 49.000 49.000 49.000 49.000 49.000 49.000 49.000 49.000 49.000 49.000 49.000 49.000 49.000 49.000 49.000 49.000 49.000 49.000 49.000 49.000 49.000 49.000 49.000 49.000 49.000 42.000 42.000 42.000 42.000 42.000 42.000 56.000 42.000 42.000 32.000 24.000 18.000 23.000 19.000 37.000 41.000 31.000 11.000 28.000 4.000 33.000 19.000 33.000 19.000 62.000 38.000 16.000 21.000 33.000 32.000 33.000 21.000 38.000 19.000 21.000 33.000 30.000 26.000 20.000 19.000 38.000 21.000 33.000 32.000 38.000 28.000 36.000 36.000 19.000 21.000 21.000 23.000 16.000 37.000 10.000 38.000 33.000 7.000 29.000 38.000 18.000 65.000 37.000 25.000 11.000 38.000 0.000 27.000 32.000 22.000 41.000 24.000 37.000 54.000 37.000 4.000 36.000 27.000 20.000 30.000 17.000 33.000 33.000 41.000 40.000 38.000 38.000 39.000 45.000 45.000 37.000 39.000 38.000 35.000 45.000 38.000 37.000 42.000 42.000 41.000 42.000 49.000 38.000 38.000 58.000 58.000 58.000 59.000 58.000 57.000 57.000 70.000 70.000 71.000 44.000 34.000 45.000 42.000 43.000 42.000 38.000 44.000 41.000 38.000 44.000 43.000 44.000 44.000 44.000 41.000 38.000
VAdist IGLV1-78*01 49.000 49.000 49.000 49.000 49.000 49.000 49.000 49.000 49.000 49.000 49.000 49.000 49.000 49.000 49.000 49.000 49.000 49.000 49.000 51.000 51.000 51.000 49.000 49.000 49.000 49.000 49.000 49.000 49.000 49.000 49.000 49.000 49.000 49.000 49.000 49.000 49.000 49.000 49.000 49.000 49.000 49.000 49.000 49.000 49.000 49.000 49.000 49.000 49.000 49.000 49.000 49.000 34.000 34.000 34.000 34.000 38.000 38.000 52.000 44.000 44.000 40.000 30.000 23.000 23.000 19.000 35.000 48.000 34.000 23.000 33.000 23.000 33.000 16.000 37.000 15.000 62.000 40.000 23.000 28.000 37.000 41.000 37.000 24.000 40.000 20.000 28.000 37.000 32.000 37.000 20.000 20.000 40.000 24.000 37.000 40.000 40.000 31.000 43.000 35.000 16.000 19.000 27.000 16.000 23.000 37.000 31.000 40.000 37.000 27.000 37.000 40.000 26.000 66.000 41.000 36.000 19.000 40.000 27.000 0.000 40.000 30.000 48.000 24.000 36.000 58.000 33.000 23.000 36.000 32.000 20.000 32.000 20.000 37.000 33.000 41.000 33.000 33.000 40.000 37.000 40.000 40.000 38.000 33.000 40.000 37.000 40.000 33.000 40.000 37.000 41.000 40.000 40.000 39.000 40.000 37.000 62.000 62.000 62.000 58.000 62.000 53.000 67.000 79.000 77.000 77.000 41.000 42.000 41.000 47.000 39.000 38.000 38.000 41.000 38.000 38.000 41.000 43.000 41.000 41.000 41.000 38.000 38.000
VAdist IGLV1-80*01 57.000 57.000 57.000 57.000 57.000 57.000 57.000 57.000 57.000 57.000 57.000 57.000 57.000 57.000 57.000 57.000 57.000 57.000 57.000 59.000 59.000 59.000 57.000 57.000 57.000 57.000 57.000 57.000 57.000 57.000 57.000 57.000 57.000 57.000 57.000 57.000 57.000 57.000 57.000 57.000 57.000 57.000 57.000 57.000 57.000 57.000 57.000 57.000 57.000 57.000 57.000 57.000 51.000 51.000 51.000 51.000 51.000 51.000 65.000 50.000 50.000 0.000 45.000 35.000 39.000 39.000 39.000 20.000 42.000 36.000 30.000 32.000 23.000 35.000 34.000 35.000 55.000 17.000 36.000 45.000 39.000 4.000 34.000 38.000 17.000 35.000 45.000 39.000 44.000 11.000 36.000 35.000 17.000 38.000 34.000 0.000 15.000 41.000 11.000 16.000 35.000 32.000 44.000 39.000 41.000 31.000 32.000 14.000 39.000 32.000 39.000 14.000 31.000 67.000 8.000 44.000 36.000 17.000 32.000 40.000 0.000 35.000 20.000 42.000 19.000 69.000 27.000 32.000 26.000 45.000 36.000 44.000 37.000 34.000 41.000 46.000 45.000 42.000 42.000 42.000 46.000 46.000 44.000 42.000 42.000 42.000 46.000 42.000 41.000 43.000 45.000 43.000 43.000 47.000 42.000 42.000 66.000 66.000 66.000 69.000 66.000 65.000 67.000 74.000 74.000 78.000 46.000 46.000 46.000 51.000 48.000 47.000 43.000 46.000 46.000 43.000 46.000 46.000 46.000 46.000 46.000 46.000 43.000
VAdist IGLV1-81*01 52.000 52.000 52.000 52.000 52.000 52.000 52.000 52.000 52.000 52.000 52.000 52.000 52.000 52.000 52.000 52.000 51.000 51.000 51.000 54.000 54.000 54.000 52.000 52.000 52.000 52.000 52.000 52.000 52.000 52.000 52.000 52.000 52.000 52.000 52.000 52.000 52.000 52.000 52.000 52.000 52.000 52.000 52.000 52.000 52.000 52.000 52.000 52.000 52.000 52.000 52.000 52.000 45.000 45.000 45.000 45.000 46.000 46.000 56.000 48.000 48.000 35.000 36.000 19.000 26.000 26.000 34.000 47.000 43.000 27.000 22.000 18.000 24.000 22.000 36.000 21.000 61.000 43.000 23.000 24.000 40.000 39.000 36.000 28.000 43.000 22.000 24.000 40.000 28.000 32.000 23.000 22.000 43.000 28.000 36.000 35.000 42.000 31.000 42.000 40.000 21.000 14.000 33.000 26.000 35.000 36.000 15.000 43.000 40.000 26.000 36.000 43.000 4.000 65.000 40.000 25.000 27.000 43.000 22.000 30.000 35.000 0.000 47.000 27.000 41.000 64.000 28.000 18.000 27.000 21.000 23.000 28.000 24.000 36.000 27.000 45.000 37.000 42.000 42.000 42.000 42.000 42.000 36.000 38.000 42.000 42.000 42.000 42.000 38.000 41.000 42.000 45.000 41.000 46.000 42.000 42.000 66.000 66.000 66.000 66.000 66.000 60.000 67.000 79.000 79.000 78.000 39.000 42.000 39.000 46.000 43.000 42.000 41.000 39.000 42.000 41.000 39.000 41.000 39.000 39.000 39.000 42.000 41.000
VAdist IGLV1-82*01 61.000 61.000 61.000 61.000 61.000 61.000 61.000 61.000 61.000 61.000 61.000 61.000 61.000 61.000 61.000 61.000 59.000 59.000 59.000 61.000 61.000 61.000 61.000 61.000 61.000 61.000 61.000 61.000 61.000 61.000 61.000 61.000 61.000 61.000 61.000 61.000 61.000 61.000 61.000 61.000 61.000 61.000 61.000 61.000 61.000 61.000 61.000 61.000 61.000 61.000 61.000 61.000 44.000 44.000 44.000 44.000 44.000 44.000 63.000 42.000 42.000 20.000 50.000 40.000 44.000 44.000 46.000 4.000 47.000 41.000 38.000 41.000 35.000 43.000 42.000 47.000 63.000 28.000 44.000 52.000 40.000 24.000 42.000 45.000 28.000 43.000 52.000 40.000 47.000 15.000 44.000 43.000 28.000 45.000 42.000 20.000 31.000 48.000 16.000 35.000 43.000 44.000 49.000 43.000 42.000 36.000 44.000 28.000 40.000 37.000 42.000 28.000 43.000 71.000 24.000 51.000 45.000 28.000 41.000 48.000 20.000 47.000 0.000 49.000 38.000 73.000 39.000 41.000 35.000 52.000 44.000 47.000 44.000 42.000 49.000 51.000 50.000 38.000 38.000 38.000 40.000 40.000 36.000 38.000 38.000 38.000 40.000 38.000 33.000 39.000 35.000 39.000 39.000 41.000 38.000 38.000 60.000 60.000 60.000 63.000 60.000 59.000 68.000 75.000 75.000 79.000 50.000 50.000 50.000 55.000 51.000 51.000 47.000 50.000 50.000 47.000 50.000 50.000 50.000 50.000 50.000 50.000 47.000
VAdist IGLV1-84*01 50.000 50.000 50.000 50.000 50.000 50.000 50.000 50.000 50.000 50.000 50.000 50.000 50.000 50.000 50.000 50.000 48.000 48.000 48.000 51.000 51.000 51.000 50.000 50.000 50.000 50.000 50.000 50.000 50.000 50.000 50.000 50.000 50.000 50.000 50.000 50.000 50.000 50.000 50.000 50.000 50.000 50.000 50.000 50.000 50.000 50.000 50.000 50.000 50.000 50.000 50.000 50.000 37.000 37.000 37.000 37.000 42.000 42.000 49.000 43.000 43.000 42.000 25.000 30.000 27.000 27.000 20.000 49.000 26.000 24.000 27.000 20.000 31.000 23.000 26.000 22.000 60.000 40.000 24.000 7.000 31.000 42.000 26.000 23.000 40.000 27.000 7.000 27.000 20.000 39.000 24.000 27.000 40.000 23.000 26.000 42.000 44.000 22.000 45.000 45.000 22.000 15.000 22.000 27.000 25.000 39.000 26.000 40.000 31.000 28.000 39.000 40.000 23.000 62.000 43.000 17.000 24.000 40.000 24.000 24.000 42.000 27.000 49.000 0.000 46.000 51.000 23.000 20.000 33.000 13.000 24.000 20.000 19.000 26.000 25.000 38.000 31.000 42.000 43.000 46.000 48.000 48.000 46.000 42.000 43.000 46.000 48.000 42.000 44.000 45.000 45.000 49.000 45.000 49.000 43.000 46.000 66.000 66.000 66.000 62.000 66.000 61.000 66.000 78.000 78.000 77.000 36.000 36.000 35.000 37.000 36.000 33.000 33.000 36.000 33.000 33.000 36.000 38.000 36.000 36.000 36.000 33.000 33.000
VAdist IGLV1-84-1*01 57.000 57.000 57.000 57.000 57.000 57.000 57.000 57.000 57.000 57.000 57.000 57.000 57.000 57.000 57.000 57.000 55.000 55.000 55.000 59.000 59.000 59.000 57.000 57.000 57.000 57.000 57.000 57.000 57.000 57.000 57.000 57.000 57.000 57.000 57.000 57.000 57.000 57.000 57.000 57.000 57.000 57.000 57.000 57.000 57.000 57.000 57.000 57.000 57.000 57.000 57.000 57.000 51.000 51.000 51.000 51.000 51.000 51.000 65.000 51.000 51.000 19.000 44.000 30.000 41.000 34.000 46.000 38.000 46.000 37.000 40.000 37.000 31.000 34.000 45.000 34.000 59.000 27.000 33.000 42.000 49.000 20.000 45.000 39.000 27.000 30.000 46.000 49.000 46.000 27.000 38.000 30.000 27.000 39.000 45.000 19.000 10.000 46.000 29.000 3.000 34.000 34.000 43.000 34.000 41.000 37.000 38.000 24.000 49.000 37.000 43.000 24.000 37.000 70.000 24.000 46.000 37.000 27.000 37.000 36.000 19.000 41.000 38.000 46.000 0.000 70.000 33.000 37.000 34.000 47.000 38.000 46.000 38.000 45.000 45.000 47.000 49.000 49.000 48.000 45.000 47.000 47.000 49.000 49.000 48.000 45.000 47.000 49.000 48.000 48.000 52.000 50.000 50.000 45.000 48.000 49.000 66.000 66.000 66.000 70.000 66.000 62.000 69.000 77.000 76.000 75.000 49.000 46.000 50.000 50.000 47.000 50.000 50.000 49.000 49.000 50.000 49.000 49.000 49.000 49.000 49.000 49.000 50.000
VAdist IGLV1-86*01 63.000 65.000 65.000 65.000 65.000 65.000 65.000 65.000 65.000 65.000 65.000 65.000 63.000 63.000 63.000 63.000 66.000 66.000 66.000 65.000 65.000 65.000 63.000 63.000 65.000 65.000 65.000 65.000 63.000 63.000 65.000 65.000 65.000 65.000 63.000 63.000 63.000 65.000 65.000 65.000 65.000 65.000 65.000 65.000 65.000 65.000 65.000 65.000 65.000 63.000 63.000 65.000 64.000 64.000 64.000 64.000 69.000 69.000 69.000 59.000 59.000 69.000 57.000 59.000 58.000 58.000 60.000 72.000 67.000 47.000 62.000 55.000 62.000 54.000 62.000 54.000 53.000 67.000 55.000 52.000 67.000 69.000 62.000 55.000 67.000 58.000 52.000 67.000 55.000 66.000 55.000 58.000 67.000 55.000 62.000 69.000 71.000 51.000 72.000 69.000 54.000 58.000 57.000 58.000 54.000 66.000 58.000 67.000 67.000 51.000 69.000 67.000 60.000 41.000 70.000 56.000 47.000 67.000 54.000 58.000 69.000 64.000 73.000 51.000 70.000 0.000 58.000 55.000 62.000 56.000 55.000 55.000 51.000 62.000 62.000 68.000 60.000 62.000 73.000 70.000 70.000 70.000 68.000 70.000 73.000 69.000 70.000 62.000 66.000 66.000 70.000 66.000 66.000 74.000 73.000 66.000 88.000 88.000 88.000 93.000 88.000 88.000 86.000 98.000 98.000 103.000 73.000 67.000 73.000 76.000 72.000 72.000 72.000 73.000 72.000 72.000 73.000 73.000 73.000 73.000 73.000 72.000 72.000
VAdist IGLV1-87*01 51.000 51.000 51.000 51.000 51.000 51.000 51.000 51.000 51.000 51.000 51.000 51.000 51.000 51.000 51.000 51.000 51.000 51.000 51.000 53.000 53.000 53.000 51.000 51.000 51.000 51.000 51.000 51.000 51.000 51.000 51.000 51.000 51.000 51.000 51.000 51.000 51.000 51.000 51.000 51.000 51.000 51.000 51.000 51.000 51.000 51.000 51.000 51.000 51.000 51.000 51.000 51.000 45.000 45.000 45.000 45.000 50.000 50.000 56.000 47.000 47.000 27.000 34.000 31.000 32.000 36.000 31.000 39.000 37.000 33.000 32.000 33.000 12.000 28.000 35.000 27.000 54.000 30.000 33.000 30.000 38.000 31.000 35.000 31.000 30.000 32.000 30.000 34.000 32.000 24.000 29.000 32.000 30.000 31.000 35.000 27.000 31.000 33.000 34.000 32.000 27.000 20.000 33.000 36.000 38.000 20.000 32.000 30.000 38.000 37.000 40.000 30.000 24.000 64.000 32.000 33.000 33.000 30.000 37.000 33.000 27.000 28.000 39.000 23.000 33.000 58.000 0.000 33.000 15.000 29.000 29.000 32.000 30.000 35.000 31.000 41.000 34.000 45.000 50.000 49.000 48.000 48.000 45.000 45.000 50.000 49.000 48.000 45.000 44.000 42.000 44.000 50.000 46.000 49.000 50.000 49.000 68.000 68.000 68.000 69.000 68.000 64.000 70.000 73.000 77.000 74.000 41.000 45.000 40.000 50.000 43.000 42.000 42.000 41.000 42.000 42.000 41.000 43.000 41.000 41.000 41.000 42.000 42.000
VAdist IGLV1-89*01 45.000 45.000 45.000 45.000 45.000 45.000 45.000 45.000 45.000 45.000 45.000 45.000 45.000 45.000 45.000 45.000 44.000 44.000 44.000 47.000 47.000 47.000 45.000 45.000 45.000 45.000 45.000 45.000 45.000 45.000 45.000 45.000 45.000 45.000 45.000 45.000 45.000 45.000 45.000 45.000 45.000 45.000 45.000 45.000 45.000 45.000 45.000 45.000 45.000 45.000 45.000 45.000 38.000 38.000 38.000 38.000 38.000 38.000 52.000 43.000 43.000 32.000 25.000 14.000 19.000 15.000 33.000 41.000 32.000 12.000 29.000 0.000 29.000 15.000 33.000 15.000 62.000 38.000 12.000 17.000 33.000 32.000 33.000 17.000 38.000 15.000 17.000 33.000 26.000 26.000 16.000 15.000 38.000 17.000 33.000 32.000 38.000 29.000 36.000 36.000 15.000 17.000 22.000 19.000 20.000 33.000 14.000 38.000 33.000 8.000 29.000 38.000 14.000 65.000 37.000 26.000 12.000 38.000 4.000 23.000 32.000 18.000 41.000 20.000 37.000 55.000 33.000 0.000 32.000 23.000 16.000 26.000 13.000 33.000 29.000 41.000 36.000 39.000 38.000 39.000 41.000 41.000 38.000 35.000 38.000 39.000 41.000 39.000 33.000 38.000 38.000 42.000 38.000 45.000 38.000 39.000 58.000 58.000 58.000 55.000 58.000 53.000 58.000 71.000 71.000 70.000 40.000 38.000 41.000 42.000 39.000 38.000 34.000 40.000 37.000 34.000 40.000 42.000 40.000 40.000 40.000 37.000 34.000
VAdist IGLV1-89-2*01 51.000 51.000 51.000 50.000 50.000 50.000 50.000 50.000 50.000 51.000 51.000 51.000 51.000 51.000 51.000 51.000 51.000 51.000 51.000 52.000 52.000 52.000 50.000 50.000 50.000 50.000 50.000 50.000 51.000 51.000 51.000 51.000 51.000 51.000 51.000 51.000 51.000 51.000 51.000 51.000 51.000 51.000 51.000 51.000 51.000 51.000 51.000 51.000 51.000 51.000 51.000 50.000 45.000 45.000 45.000 45.000 45.000 45.000 55.000 45.000 45.000 26.000 45.000 30.000 35.000 35.000 37.000 35.000 48.000 36.000 31.000 32.000 3.000 31.000 42.000 30.000 61.000 33.000 32.000 36.000 45.000 30.000 42.000 33.000 33.000 31.000 36.000 45.000 38.000 23.000 32.000 31.000 33.000 33.000 42.000 26.000 32.000 39.000 33.000 33.000 30.000 23.000 44.000 35.000 41.000 22.000 31.000 33.000 45.000 36.000 36.000 33.000 23.000 64.000 31.000 39.000 36.000 33.000 36.000 36.000 26.000 27.000 35.000 33.000 34.000 62.000 15.000 32.000 0.000 35.000 32.000 38.000 32.000 42.000 38.000 44.000 45.000 45.000 46.000 45.000 44.000 44.000 41.000 41.000 46.000 45.000 44.000 45.000 40.000 38.000 44.000 46.000 42.000 45.000 46.000 45.000 58.000 58.000 58.000 65.000 58.000 52.000 70.000 73.000 77.000 76.000 43.000 47.000 42.000 52.000 43.000 44.000 44.000 43.000 44.000 44.000 43.000 45.000 43.000 43.000 43.000 44.000 44.000
VAdist IGLV1-92*01 53.000 53.000 53.000 53.000 53.000 53.000 53.000 53.000 53.000 53.000 53.000 53.000 53.000 53.000 53.000 53.000 52.000 52.000 52.000 54.000 54.000 54.000 53.000 53.000 53.000 53.000 53.000 53.000 53.000 53.000 53.000 53.000 53.000 53.000 53.000 53.000 53.000 53.000 53.000 53.000 53.000 53.000 53.000 53.000 53.000 53.000 53.000 53.000 53.000 53.000 53.000 53.000 41.000 41.000 45.000 41.000 46.000 46.000 53.000 48.000 48.000 45.000 30.000 25.000 31.000 28.000 13.000 52.000 37.000 31.000 23.000 23.000 33.000 28.000 26.000 27.000 62.000 44.000 27.000 10.000 41.000 45.000 26.000 30.000 44.000 28.000 10.000 37.000 11.000 42.000 28.000 28.000 44.000 30.000 26.000 45.000 48.000 18.000 48.000 46.000 27.000 20.000 27.000 28.000 35.000 41.000 17.000 44.000 41.000 31.000 45.000 44.000 17.000 66.000 46.000 8.000 31.000 44.000 27.000 32.000 45.000 21.000 52.000 13.000 47.000 56.000 29.000 23.000 35.000 0.000 28.000 11.000 26.000 26.000 12.000 34.000 26.000 46.000 46.000 46.000 43.000 43.000 40.000 42.000 46.000 46.000 43.000 46.000 42.000 45.000 46.000 45.000 45.000 47.000 46.000 46.000 66.000 66.000 66.000 66.000 66.000 61.000 63.000 75.000 75.000 75.000 30.000 33.000 30.000 37.000 36.000 33.000 33.000 30.000 33.000 33.000 30.000 32.000 30.000 30.000 30.000 33.000 33.000
VAdist IGLV1-94*01 42.000 42.000 42.000 42.000 42.000 42.000 42.000 42.000 42.000 42.000 42.000 42.000 42.000 42.000 42.000 42.000 43.000 43.000 43.000 44.000 44.000 44.000 42.000 42.000 42.000 42.000 42.000 42.000 42.000 42.000 42.000 42.000 42.000 42.000 42.000 42.000 42.000 42.000 42.000 42.000 42.000 42.000 42.000 42.000 42.000 42.000 42.000 42.000 42.000 42.000 42.000 42.000 35.000 35.000 35.000 35.000 35.000 35.000 51.000 44.000 44.000 36.000 30.000 15.000 3.000 20.000 34.000 44.000 37.000 12.000 33.000 16.000 29.000 4.000 36.000 12.000 62.000 35.000 8.000 25.000 37.000 33.000 36.000 9.000 35.000 8.000 25.000 37.000 24.000 29.000 0.000 8.000 35.000 9.000 36.000 36.000 39.000 29.000 43.000 37.000 8.000 18.000 27.000 16.000 20.000 37.000 23.000 35.000 37.000 16.000 33.000 35.000 19.000 65.000 41.000 32.000 16.000 35.000 20.000 20.000 36.000 23.000 44.000 24.000 38.000 55.000 29.000 16.000 32.000 28.000 0.000 24.000 5.000 36.000 30.000 42.000 33.000 35.000 43.000 39.000 40.000 40.000 35.000 35.000 43.000 39.000 40.000 35.000 35.000 38.000 34.000 42.000 38.000 44.000 43.000 39.000 62.000 62.000 62.000 56.000 62.000 58.000 66.000 75.000 75.000 74.000 42.000 39.000 42.000 47.000 40.000 39.000 39.000 42.000 39.000 39.000 42.000 44.000 42.000 42.000 42.000 39.000 39.000
VAdist IGLV1-96*01 52.000 52.000 52.000 52.000 52.000 52.000 52.000 52.000 52.000 52.000 52.000 52.000 52.000 52.000 52.000 52.000 47.000 47.000 47.000 53.000 53.000 53.000 52.000 52.000 52.000 52.000 52.000 52.000 52.000 52.000 52.000 52.000 52.000 52.000 52.000 52.000 52.000 52.000 52.000 52.000 52.000 52.000 52.000 52.000 52.000 52.000 52.000 52.000 52.000 52.000 52.000 52.000 38.000 38.000 42.000 38.000 46.000 46.000 54.000 51.000 51.000 44.000 34.000 20.000 27.000 27.000 14.000 47.000 41.000 27.000 34.000 26.000 36.000 24.000 22.000 28.000 60.000 44.000 22.000 16.000 45.000 44.000 22.000 26.000 44.000 23.000 17.000 41.000 0.000 37.000 24.000 23.000 44.000 26.000 22.000 44.000 47.000 19.000 47.000 45.000 24.000 27.000 31.000 23.000 31.000 41.000 23.000 44.000 45.000 26.000 44.000 44.000 24.000 64.000 45.000 11.000 31.000 44.000 30.000 32.000 44.000 28.000 47.000 20.000 46.000 55.000 32.000 26.000 38.000 11.000 24.000 0.000 22.000 22.000 19.000 41.000 23.000 46.000 46.000 45.000 41.000 41.000 32.000 42.000 46.000 45.000 41.000 46.000 40.000 45.000 42.000 49.000 44.000 45.000 46.000 46.000 66.000 66.000 66.000 66.000 66.000 61.000 71.000 79.000 79.000 78.000 29.000 35.000 33.000 43.000 38.000 36.000 35.000 29.000 32.000 35.000 29.000 31.000 29.000 29.000 29.000 32.000 35.000
VAdist IGLV1-97-4*01 46.000 46.000 46.000 46.000 46.000 46.000 46.000 46.000 46.000 46.000 46.000 46.000 46.000 46.000 46.000 46.000 43.000 43.000 43.000 47.000 47.000 47.000 46.000 46.000 46.000 46.000 46.000 46.000 46.000 46.000 46.000 46.000 46.000 46.000 46.000 46.000 46.000 46.000 46.000 46.000 46.000 46.000 46.000 46.000 46.000 46.000 46.000 46.000 46.000 46.000 46.000 46.000 34.000 34.000 34.000 34.000 34.000 34.000 51.000 43.000 43.000 37.000 30.000 15.000 8.000 20.000 32.000 44.000 37.000 9.000 34.000 13.000 30.000 4.000 38.000 12.000 63.000 35.000 5.000 20.000 38.000 37.000 38.000 4.000 35.000 8.000 20.000 38.000 22.000 30.000 5.000 8.000 35.000 4.000 38.000 37.000 39.000 28.000 44.000 37.000 8.000 18.000 27.000 16.000 17.000 38.000 23.000 35.000 38.000 13.000 34.000 35.000 20.000 65.000 42.000 30.000 13.000 35.000 17.000 20.000 37.000 24.000 44.000 19.000 38.000 51.000 30.000 13.000 32.000 26.000 5.000 22.000 0.000 38.000 30.000 42.000 33.000 35.000 43.000 39.000 39.000 39.000 35.000 35.000 43.000 39.000 39.000 35.000 35.000 38.000 34.000 42.000 38.000 43.000 43.000 39.000 62.000 62.000 62.000 59.000 62.000 57.000 66.000 75.000 75.000 74.000 40.000 37.000 40.000 45.000 40.000 37.000 37.000 40.000 37.000 37.000 40.000 42.000 40.000 40.000 40.000 37.000 37.000
VAdist IGLV1-98*01 54.000 54.000 54.000 54.000 54.000 54.000 54.000 54.000 54.000 54.000 54.000 54.000 54.000 54.000 54.000 54.000 53.000 53.000 53.000 56.000 56.000 56.000 54.000 54.000 54.000 54.000 54.000 54.000 54.000 54.000 54.000 54.000 54.000 54.000 54.000 54.000 54.000 54.000 54.000 54.000 54.000 54.000 54.000 54.000 54.000 54.000 54.000 54.000 54.000 54.000 54.000 54.000 43.000 43.000 43.000 43.000 47.000 47.000 60.000 54.000 54.000 34.000 39.000 34.000 39.000 33.000 16.000 42.000 34.000 37.000 27.000 33.000 39.000 37.000 0.000 33.000 53.000 41.000 37.000 29.000 38.000 33.000 0.000 42.000 41.000 37.000 29.000 34.000 22.000 37.000 36.000 37.000 41.000 42.000 0.000 34.000 41.000 22.000 37.000 42.000 37.000 30.000 36.000 37.000 38.000 44.000 29.000 41.000 38.000 33.000 43.000 41.000 32.000 65.000 38.000 25.000 36.000 41.000 33.000 37.000 34.000 36.000 42.000 26.000 45.000 62.000 35.000 33.000 42.000 26.000 36.000 22.000 38.000 0.000 22.000 41.000 30.000 42.000 46.000 42.000 47.000 47.000 45.000 42.000 46.000 42.000 47.000 42.000 46.000 49.000 50.000 45.000 44.000 48.000 46.000 42.000 66.000 66.000 66.000 64.000 66.000 62.000 68.000 75.000 71.000 75.000 34.000 37.000 34.000 46.000 39.000 38.000 34.000 34.000 37.000 34.000 34.000 34.000 34.000 34.000 34.000 37.000 34.000
VAdist IGLV2-31*01 52.000 52.000 52.000 52.000 52.000 52.000 52.000 52.000 52.000 52.000 52.000 52.000 52.000 52.000 52.000 52.000 52.000 52.000 52.000 54.000 54.000 54.000 52.000 52.000 52.000 52.000 52.000 52.000 52.000 52.000 52.000 52.000 52.000 52.000 52.000 52.000 52.000 52.000 52.000 52.000 52.000 52.000 52.000 52.000 52.000 52.000 52.000 52.000 52.000 52.000 52.000 52.000 38.000 38.000 42.000 38.000 43.000 43.000 53.000 55.000 55.000 41.000 32.000 27.000 33.000 22.000 14.000 49.000 33.000 33.000 23.000 29.000 35.000 30.000 22.000 25.000 57.000 40.000 29.000 22.000 37.000 41.000 22.000 34.000 40.000 30.000 22.000 33.000 19.000 44.000 30.000 30.000 40.000 34.000 22.000 41.000 44.000 22.000 44.000 42.000 29.000 26.000 29.000 30.000 33.000 39.000 23.000 40.000 37.000 33.000 46.000 40.000 23.000 69.000 41.000 20.000 32.000 40.000 33.000 33.000 41.000 27.000 49.000 25.000 45.000 62.000 31.000 29.000 38.000 12.000 30.000 19.000 30.000 22.000 0.000 26.000 22.000 39.000 47.000 39.000 40.000 40.000 43.000 35.000 47.000 39.000 40.000 39.000 39.000 42.000 43.000 38.000 38.000 44.000 47.000 39.000 66.000 66.000 66.000 62.000 66.000 58.000 64.000 72.000 68.000 71.000 23.000 26.000 24.000 38.000 27.000 26.000 26.000 23.000 26.000 26.000 23.000 25.000 23.000 23.000 24.000 26.000 26.000
VAdist IGLV2-31-1*01 57.000 57.000 57.000 57.000 57.000 57.000 57.000 57.000 57.000 57.000 57.000 57.000 57.000 57.000 57.000 57.000 53.000 53.000 53.000 59.000 59.000 59.000 57.000 57.000 57.000 57.000 57.000 57.000 57.000 57.000 57.000 57.000 57.000 57.000 57.000 57.000 57.000 57.000 57.000 57.000 57.000 57.000 57.000 57.000 57.000 57.000 57.000 57.000 57.000 57.000 57.000 57.000 47.000 47.000 51.000 47.000 52.000 52.000 58.000 55.000 55.000 46.000 39.000 45.000 43.000 38.000 33.000 51.000 37.000 41.000 34.000 41.000 41.000 42.000 41.000 41.000 66.000 39.000 41.000 38.000 36.000 46.000 41.000 38.000 39.000 42.000 38.000 36.000 41.000 49.000 42.000 42.000 39.000 38.000 41.000 46.000 43.000 38.000 43.000 44.000 41.000 41.000 36.000 42.000 37.000 45.000 37.000 43.000 36.000 41.000 49.000 43.000 41.000 76.000 46.000 36.000 41.000 39.000 41.000 41.000 46.000 45.000 51.000 38.000 47.000 68.000 41.000 41.000 44.000 34.000 42.000 41.000 42.000 41.000 26.000 0.000 38.000 44.000 44.000 44.000 51.000 51.000 48.000 44.000 44.000 44.000 51.000 44.000 47.000 43.000 52.000 43.000 47.000 47.000 44.000 44.000 67.000 67.000 67.000 68.000 67.000 68.000 62.000 66.000 72.000 77.000 35.000 32.000 36.000 35.000 33.000 32.000 32.000 35.000 32.000 32.000 35.000 35.000 35.000 35.000 36.000 32.000 32.000
VAdist IGLV2-32*01 52.000 52.000 52.000 52.000 52.000 52.000 52.000 52.000 52.000 52.000 52.000 52.000 52.000 52.000 52.000 52.000 49.000 49.000 49.000 54.000 54.000 54.000 52.000 52.000 52.000 52.000 52.000 52.000 52.000 52.000 52.000 52.000 52.000 52.000 52.000 52.000 52.000 52.000 52.000 52.000 52.000 52.000 52.000 52.000 52.000 52.000 52.000 52.000 52.000 52.000 52.000 52.000 35.000 35.000 39.000 35.000 47.000 47.000 55.000 50.000 50.000 45.000 36.000 34.000 34.000 37.000 23.000 50.000 40.000 36.000 37.000 36.000 42.000 33.000 30.000 33.000 60.000 34.000 36.000 32.000 41.000 45.000 30.000 37.000 34.000 37.000 32.000 37.000 23.000 48.000 33.000 37.000 34.000 37.000 30.000 45.000 42.000 34.000 42.000 46.000 33.000 32.000 36.000 37.000 40.000 47.000 33.000 38.000 41.000 40.000 51.000 38.000 33.000 69.000 49.000 30.000 36.000 34.000 40.000 33.000 45.000 37.000 50.000 31.000 49.000 60.000 34.000 36.000 45.000 26.000 33.000 23.000 33.000 30.000 22.000 38.000 0.000 43.000 51.000 47.000 40.000 40.000 47.000 43.000 51.000 47.000 40.000 43.000 44.000 43.000 44.000 47.000 42.000 44.000 51.000 47.000 72.000 72.000 72.000 71.000 72.000 67.000 72.000 80.000 80.000 82.000 36.000 39.000 36.000 47.000 40.000 39.000 39.000 36.000 39.000 39.000 36.000 38.000 36.000 36.000 36.000 39.000 39.000
VAdist IGLV3-11*01 59.000 59.000 59.000 59.000 59.000 59.000 59.000 59.000 59.000 59.000 59.000 59.000 59.000 59.000 59.000 59.000 60.000 60.000 60.000 59.000 59.000 59.000 59.000 59.000 59.000 59.000 59.000 59.000 59.000 59.000 59.000 59.000 59.000 59.000 59.000 59.000 59.000 59.000 59.000 59.000 59.000 59.000 59.000 59.000 59.000 59.000 59.000 59.000 59.000 59.000 59.000 59.000 32.000 32.000 32.000 32.000 36.000 36.000 64.000 35.000 35.000 42.000 41.000 41.000 35.000 34.000 45.000 38.000 42.000 31.000 34.000 39.000 45.000 34.000 42.000 30.000 66.000 42.000 39.000 43.000 34.000 46.000 42.000 35.000 42.000 38.000 43.000 34.000 46.000 45.000 35.000 38.000 42.000 35.000 42.000 42.000 45.000 31.000 42.000 46.000 34.000 40.000 38.000 34.000 38.000 49.000 41.000 42.000 34.000 35.000 40.000 42.000 38.000 74.000 46.000 46.000 30.000 42.000 38.000 33.000 42.000 42.000 38.000 42.000 49.000 62.000 45.000 39.000 45.000 46.000 35.000 46.000 35.000 42.000 39.000 44.000 43.000 0.000 17.000 8.000 26.000 26.000 18.000 8.000 17.000 7.000 26.000 0.000 25.000 15.000 26.000 7.000 19.000 30.000 17.000 4.000 59.000 59.000 59.000 56.000 59.000 55.000 63.000 76.000 68.000 76.000 43.000 35.000 43.000 48.000 40.000 40.000 40.000 43.000 40.000 40.000 43.000 43.000 43.000 43.000 43.000 40.000 40.000
VAdist IGLV3-13*01 60.000 60.000 60.000 60.000 60.000 60.000 60.000 60.000 60.000 60.000 60.000 60.000 60.000 60.000 60.000 60.000 60.000 60.000 60.000 60.000 60.000 60.000 60.000 60.000 60.000 60.000 60.000 60.000 60.000 60.000 60.000 60.000 60.000 60.000 60.000 60.000 60.000 60.000 60.000 60.000 60.000 60.000 60.000 60.000 60.000 60.000 60.000 60.000 60.000 60.000 60.000 60.000 40.000 40.000 40.000 40.000 40.000 40.000 64.000 38.000 38.000 42.000 45.000 44.000 43.000 41.000 47.000 38.000 43.000 42.000 34.000 38.000 46.000 42.000 46.000 42.000 67.000 47.000 42.000 42.000 36.000 46.000 46.000 43.000 47.000 41.000 43.000 36.000 46.000 45.000 43.000 41.000 47.000 43.000 46.000 42.000 45.000 42.000 42.000 45.000 42.000 41.000 42.000 39.000 43.000 50.000 41.000 47.000 36.000 41.000 42.000 47.000 38.000 74.000 46.000 42.000 42.000 47.000 38.000 40.000 42.000 42.000 38.000 43.000 48.000 73.000 50.000 38.000 46.000 46.000 43.000 46.000 43.000 46.000 47.000 44.000 51.000 17.000 0.000 17.000 28.000 28.000 20.000 18.000 0.000 17.000 28.000 17.000 29.000 21.000 34.000 20.000 27.000 28.000 0.000 17.000 60.000 60.000 60.000 60.000 60.000 59.000 62.000 76.000 75.000 80.000 41.000 43.000 47.000 41.000 41.000 42.000 41.000 41.000 38.000 41.000 41.000 41.000 41.000 41.000 41.000 38.000 41.000
VAdist IGLV3-14*01 59.000 59.000 59.000 59.000 59.000 59.000 59.000 59.000 59.000 59.000 59.000 59.000 59.000 59.000 59.000 59.000 58.000 58.000 58.000 59.000 59.000 59.000 59.000 59.000 59.000 59.000 59.000 59.000 59.000 59.000 59.000 59.000 59.000 59.000 59.000 59.000 59.000 59.000 59.000 59.000 59.000 59.000 59.000 59.000 59.000 59.000 59.000 59.000 59.000 59.000 59.000 59.000 36.000 36.000 36.000 36.000 36.000 36.000 64.000 43.000 43.000 42.000 45.000 37.000 39.000 30.000 45.000 38.000 46.000 39.000 38.000 39.000 45.000 38.000 42.000 34.000 60.000 46.000 35.000 39.000 39.000 46.000 42.000 39.000 46.000 34.000 43.000 39.000 45.000 45.000 39.000 34.000 46.000 39.000 42.000 42.000 41.000 35.000 42.000 42.000 38.000 44.000 42.000 30.000 43.000 49.000 42.000 46.000 39.000 39.000 37.000 46.000 38.000 70.000 46.000 45.000 38.000 46.000 39.000 37.000 42.000 42.000 38.000 46.000 45.000 70.000 49.000 39.000 45.000 46.000 39.000 45.000 39.000 42.000 39.000 44.000 47.000 8.000 17.000 0.000 26.000 26.000 17.000 8.000 17.000 4.000 26.000 8.000 25.000 13.000 30.000 11.000 19.000 30.000 17.000 8.000 59.000 59.000 59.000 56.000 59.000 55.000 67.000 76.000 72.000 76.000 42.000 32.000 43.000 42.000 36.000 40.000 40.000 42.000 39.000 40.000 42.000 42.000 42.000 42.000 42.000 39.000 40.000
VAdist IGLV3-15*01 55.000 55.000 55.000 59.000 59.000 59.000 59.000 59.000 59.000 57.000 57.000 57.000 57.000 57.000 57.000 57.000 54.000 54.000 54.000 59.000 59.000 59.000 59.000 59.000 59.000 59.000 59.000 59.000 55.000 55.000 55.000 55.000 55.000 55.000 55.000 55.000 55.000 55.000 55.000 55.000 55.000 55.000 55.000 55.000 55.000 55.000 57.000 55.000 57.000 55.000 55.000 59.000 39.000 39.000 39.000 39.000 39.000 39.000 59.000 40.000 42.000 46.000 46.000 33.000 40.000 38.000 43.000 40.000 50.000 43.000 42.000 41.000 44.000 36.000 47.000 38.000 69.000 47.000 39.000 45.000 49.000 47.000 47.000 39.000 47.000 36.000 43.000 49.000 41.000 47.000 40.000 36.000 47.000 39.000 47.000 46.000 43.000 49.000 46.000 44.000 36.000 38.000 46.000 34.000 47.000 48.000 43.000 47.000 49.000 43.000 52.000 47.000 38.000 77.000 50.000 47.000 45.000 47.000 45.000 40.000 46.000 42.000 40.000 48.000 47.000 70.000 48.000 41.000 44.000 43.000 40.000 41.000 39.000 47.000 40.000 51.000 40.000 26.000 28.000 26.000 0.000 0.000 24.000 18.000 28.000 26.000 0.000 26.000 19.000 21.000 29.000 26.000 26.000 5.000 28.000 24.000 64.000 64.000 64.000 59.000 64.000 55.000 72.000 80.000 79.000 82.000 44.000 47.000 42.000 55.000 47.000 45.000 47.000 44.000 47.000 47.000 44.000 46.000 44.000 44.000 44.000 47.000 47.000
VAdist IGLV3-19*01 55.000 55.000 55.000 59.000 59.000 59.000 59.000 59.000 59.000 57.000 57.000 57.000 57.000 57.000 57.000 57.000 54.000 54.000 54.000 59.000 59.000 59.000 59.000 59.000 59.000 59.000 59.000 59.000 55.000 55.000 55.000 55.000 55.000 55.000 55.000 55.000 55.000 55.000 55.000 55.000 55.000 55.000 55.000 55.000 55.000 55.000 57.000 55.000 57.000 55.000 55.000 59.000 39.000 39.000 39.000 39.000 39.000 39.000 59.000 40.000 42.000 46.000 46.000 33.000 40.000 38.000 43.000 40.000 50.000 43.000 42.000 41.000 44.000 36.000 47.000 38.000 69.000 47.000 39.000 45.000 49.000 47.000 47.000 39.000 47.000 36.000 43.000 49.000 41.000 47.000 40.000 36.000 47.000 39.000 47.000 46.000 43.000 49.000 46.000 44.000 36.000 38.000 46.000 34.000 47.000 48.000 43.000 47.000 49.000 43.000 52.000 47.000 38.000 77.000 50.000 47.000 45.000 47.000 45.000 40.000 46.000 42.000 40.000 48.000 47.000 70.000 48.000 41.000 44.000 43.000 40.000 41.000 39.000 47.000 40.000 51.000 40.000 26.000 28.000 26.000 0.000 0.000 24.000 18.000 28.000 26.000 0.000 26.000 19.000 21.000 29.000 26.000 26.000 5.000 28.000 24.000 64.000 64.000 64.000 59.000 64.000 55.000 72.000 80.000 79.000 82.000 44.000 47.000 42.000 55.000 47.000 45.000 47.000 44.000 47.000 47.000 44.000 46.000 44.000 44.000 44.000 47.000 47.000
VAdist IGLV3-2*01 62.000 62.000 62.000 62.000 62.000 62.000 62.000 62.000 62.000 62.000 62.000 62.000 62.000 62.000 62.000 62.000 60.000 60.000 60.000 62.000 62.000 62.000 62.000 62.000 62.000 62.000 62.000 62.000 62.000 62.000 62.000 62.000 62.000 62.000 62.000 62.000 62.000 62.000 62.000 62.000 62.000 62.000 62.000 62.000 62.000 62.000 62.000 62.000 62.000 62.000 62.000 62.000 42.000 42.000 42.000 42.000 42.000 42.000 64.000 40.000 40.000 44.000 41.000 30.000 35.000 37.000 46.000 36.000 48.000 35.000 38.000 38.000 41.000 34.000 45.000 38.000 68.000 49.000 34.000 42.000 45.000 48.000 45.000 35.000 49.000 33.000 43.000 45.000 32.000 37.000 35.000 33.000 49.000 35.000 45.000 44.000 47.000 39.000 44.000 48.000 34.000 38.000 38.000 29.000 38.000 45.000 34.000 49.000 45.000 34.000 41.000 49.000 32.000 71.000 45.000 32.000 39.000 49.000 37.000 38.000 44.000 36.000 36.000 46.000 49.000 68.000 45.000 38.000 41.000 40.000 35.000 32.000 35.000 45.000 43.000 48.000 47.000 18.000 20.000 17.000 24.000 24.000 0.000 18.000 20.000 16.000 24.000 18.000 27.000 21.000 29.000 21.000 29.000 28.000 20.000 18.000 59.000 59.000 59.000 63.000 59.000 57.000 71.000 75.000 79.000 80.000 43.000 44.000 47.000 53.000 49.000 50.000 49.000 43.000 46.000 49.000 43.000 43.000 43.000 43.000 43.000 46.000 49.000
VAdist IGLV3-21*01 51.000 51.000 51.000 55.000 55.000 55.000 55.000 55.000 55.000 53.000 53.000 53.000 53.000 53.000 53.000 53.000 55.000 55.000 55.000 55.000 55.000 55.000 55.000 55.000 55.000 55.000 55.000 55.000 51.000 51.000 51.000 51.000 51.000 51.000 51.000 51.000 51.000 51.000 51.000 51.000 51.000 51.000 51.000 51.000 51.000 51.000 53.000 51.000 53.000 51.000 51.000 55.000 32.000 32.000 32.000 32.000 32.000 32.000 60.000 43.000 43.000 42.000 45.000 37.000 35.000 30.000 41.000 38.000 46.000 39.000 38.000 35.000 41.000 34.000 42.000 30.000 66.000 46.000 35.000 39.000 39.000 46.000 42.000 35.000 46.000 34.000 37.000 39.000 42.000 45.000 35.000 34.000 46.000 35.000 42.000 42.000 45.000 35.000 42.000 46.000 34.000 40.000 42.000 30.000 43.000 45.000 42.000 46.000 39.000 39.000 41.000 46.000 34.000 74.000 46.000 46.000 38.000 46.000 39.000 33.000 42.000 38.000 38.000 42.000 49.000 70.000 45.000 35.000 41.000 42.000 35.000 42.000 35.000 42.000 35.000 44.000 43.000 8.000 18.000 8.000 18.000 18.000 18.000 0.000 18.000 8.000 18.000 8.000 17.000 10.000 26.000 11.000 13.000 22.000 18.000 6.000 59.000 59.000 59.000 48.000 59.000 51.000 67.000 76.000 72.000 74.000 39.000 36.000 37.000 48.000 36.000 34.000 36.000 39.000 36.000 36.000 39.000 41.000 39.000 39.000 39.000 36.000 36.000
VAdist IGLV3-23*01 60.000 60.000 60.000 60.000 60.000 60.000 60.000 60.000 60.000 60.000 60.000 60.000 60.000 60.000 60.000 60.000 60.000 60.000 60.000 60.000 60.000 60.000 60.000 60.000 60.000 60.000 60.000 60.000 60.000 60.000 60.000 60.000 60.000 60.000 60.000 60.000 60.000 60.000 60.000 60.000 60.000 60.000 60.000 60.000 60.000 60.000 60.000 60.000 60.000 60.000 60.000 60.000 40.000 40.000 40.000 40.000 40.000 40.000 64.000 38.000 38.000 42.000 45.000 44.000 43.000 41.000 47.000 38.000 43.000 42.000 34.000 38.000 46.000 42.000 46.000 42.000 67.000 47.000 42.000 42.000 36.000 46.000 46.000 43.000 47.000 41.000 43.000 36.000 46.000 45.000 43.000 41.000 47.000 43.000 46.000 42.000 45.000 42.000 42.000 45.000 42.000 41.000 42.000 39.000 43.000 50.000 41.000 47.000 36.000 41.000 42.000 47.000 38.000 74.000 46.000 42.000 42.000 47.000 38.000 40.000 42.000 42.000 38.000 43.000 48.000 73.000 50.000 38.000 46.000 46.000 43.000 46.000 43.000 46.000 47.000 44.000 51.000 17.000 0.000 17.000 28.000 28.000 20.000 18.000 0.000 17.000 28.000 17.000 29.000 21.000 34.000 20.000 27.000 28.000 0.000 17.000 60.000 60.000 60.000 60.000 60.000 59.000 62.000 76.000 75.000 80.000 41.000 43.000 47.000 41.000 41.000 42.000 41.000 41.000 38.000 41.000 41.000 41.000 41.000 41.000 41.000 38.000 41.000
VAdist IGLV3-24*01 59.000 59.000 59.000 59.000 59.000 59.000 59.000 59.000 59.000 59.000 59.000 59.000 59.000 59.000 59.000 59.000 58.000 58.000 58.000 59.000 59.000 59.000 59.000 59.000 59.000 59.000 59.000 59.000 59.000 59.000 59.000 59.000 59.000 59.000 59.000 59.000 59.000 59.000 59.000 59.000 59.000 59.000 59.000 59.000 59.000 59.000 59.000 59.000 59.000 59.000 59.000 59.000 36.000 36.000 36.000 36.000 36.000 36.000 64.000 42.000 42.000 42.000 44.000 37.000 39.000 30.000 45.000 38.000 45.000 38.000 37.000 39.000 45.000 38.000 42.000 34.000 62.000 46.000 35.000 39.000 39.000 46.000 42.000 39.000 46.000 34.000 43.000 39.000 45.000 45.000 39.000 34.000 46.000 39.000 42.000 42.000 41.000 34.000 42.000 42.000 38.000 44.000 41.000 30.000 39.000 49.000 38.000 46.000 39.000 38.000 37.000 46.000 38.000 70.000 46.000 44.000 37.000 46.000 35.000 37.000 42.000 42.000 38.000 46.000 45.000 69.000 49.000 39.000 45.000 46.000 39.000 45.000 39.000 42.000 39.000 44.000 47.000 7.000 17.000 4.000 26.000 26.000 16.000 8.000 17.000 0.000 26.000 7.000 25.000 13.000 30.000 10.000 19.000 30.000 17.000 7.000 59.000 59.000 59.000 56.000 59.000 55.000 66.000 75.000 71.000 75.000 42.000 28.000 43.000 44.000 36.000 40.000 40.000 42.000 39.000 40.000 42.000 41.000 42.000 42.000 42.000 39.000 40.000
VAdist IGLV3-25*01 55.000 55.000 55.000 59.000 59.000 59.000 59.000 59.000 59.000 57.000 57.000 57.000 57.000 57.000 57.000 57.000 54.000 54.000 54.000 59.000 59.000 59.000 59.000 59.000 59.000 59.000 59.000 59.000 55.000 55.000 55.000 55.000 55.000 55.000 55.000 55.000 55.000 55.000 55.000 55.000 55.000 55.000 55.000 55.000 55.000 55.000 57.000 55.000 57.000 55.000 55.000 59.000 39.000 39.000 39.000 39.000 39.000 39.000 59.000 40.000 42.000 46.000 46.000 33.000 40.000 38.000 43.000 40.000 50.000 43.000 42.000 41.000 44.000 36.000 47.000 38.000 69.000 47.000 39.000 45.000 49.000 47.000 47.000 39.000 47.000 36.000 43.000 49.000 41.000 47.000 40.000 36.000 47.000 39.000 47.000 46.000 43.000 49.000 46.000 44.000 36.000 38.000 46.000 34.000 47.000 48.000 43.000 47.000 49.000 43.000 52.000 47.000 38.000 77.000 50.000 47.000 45.000 47.000 45.000 40.000 46.000 42.000 40.000 48.000 47.000 70.000 48.000 41.000 44.000 43.000 40.000 41.000 39.000 47.000 40.000 51.000 40.000 26.000 28.000 26.000 0.000 0.000 24.000 18.000 28.000 26.000 0.000 26.000 19.000 21.000 29.000 26.000 26.000 5.000 28.000 24.000 64.000 64.000 64.000 59.000 64.000 55.000 72.000 80.000 79.000 82.000 44.000 47.000 42.000 55.000 47.000 45.000 47.000 44.000 47.000 47.000 44.000 46.000 44.000 44.000 44.000 47.000 47.000
VAdist IGLV3-26*01 59.000 59.000 59.000 59.000 59.000 59.000 59.000 59.000 59.000 59.000 59.000 59.000 59.000 59.000 59.000 59.000 60.000 60.000 60.000 59.000 59.000 59.000 59.000 59.000 59.000 59.000 59.000 59.000 59.000 59.000 59.000 59.000 59.000 59.000 59.000 59.000 59.000 59.000 59.000 59.000 59.000 59.000 59.000 59.000 59.000 59.000 59.000 59.000 59.000 59.000 59.000 59.000 32.000 32.000 32.000 32.000 36.000 36.000 64.000 35.000 35.000 42.000 41.000 41.000 35.000 34.000 45.000 38.000 42.000 31.000 34.000 39.000 45.000 34.000 42.000 30.000 66.000 42.000 39.000 43.000 34.000 46.000 42.000 35.000 42.000 38.000 43.000 34.000 46.000 45.000 35.000 38.000 42.000 35.000 42.000 42.000 45.000 31.000 42.000 46.000 34.000 40.000 38.000 34.000 38.000 49.000 41.000 42.000 34.000 35.000 40.000 42.000 38.000 74.000 46.000 46.000 30.000 42.000 38.000 33.000 42.000 42.000 38.000 42.000 49.000 62.000 45.000 39.000 45.000 46.000 35.000 46.000 35.000 42.000 39.000 44.000 43.000 0.000 17.000 8.000 26.000 26.000 18.000 8.000 17.000 7.000 26.000 0.000 25.000 15.000 26.000 7.000 19.000 30.000 17.000 4.000 59.000 59.000 59.000 56.000 59.000 55.000 63.000 76.000 68.000 76.000 43.000 35.000 43.000 48.000 40.000 40.000 40.000 43.000 40.000 40.000 43.000 43.000 43.000 43.000 43.000 40.000 40.000
VAdist IGLV3-27*01 55.000 55.000 55.000 59.000 59.000 59.000 59.000 59.000 59.000 57.000 57.000 57.000 57.000 57.000 57.000 57.000 54.000 54.000 54.000 59.000 59.000 59.000 59.000 59.000 59.000 59.000 59.000 59.000 55.000 55.000 55.000 55.000 55.000 55.000 55.000 55.000 55.000 55.000 55.000 55.000 55.000 55.000 55.000 55.000 55.000 55.000 57.000 55.000 57.000 55.000 55.000 59.000 39.000 39.000 39.000 39.000 39.000 39.000 59.000 43.000 43.000 41.000 43.000 31.000 32.000 32.000 42.000 33.000 44.000 35.000 38.000 33.000 40.000 34.000 46.000 36.000 66.000 46.000 35.000 41.000 38.000 45.000 46.000 35.000 46.000 34.000 39.000 38.000 40.000 39.000 35.000 34.000 46.000 35.000 46.000 41.000 45.000 41.000 39.000 45.000 34.000 40.000 40.000 34.000 39.000 40.000 42.000 42.000 38.000 35.000 41.000 42.000 34.000 70.000 45.000 46.000 37.000 46.000 37.000 40.000 41.000 38.000 33.000 44.000 48.000 66.000 44.000 33.000 40.000 42.000 35.000 40.000 35.000 46.000 39.000 47.000 44.000 25.000 29.000 25.000 19.000 19.000 27.000 17.000 29.000 25.000 19.000 25.000 0.000 23.000 14.000 28.000 21.000 23.000 29.000 23.000 56.000 56.000 56.000 51.000 56.000 51.000 60.000 72.000 72.000 74.000 40.000 39.000 38.000 47.000 39.000 37.000 39.000 40.000 39.000 39.000 40.000 42.000 40.000 40.000 40.000 39.000 39.000
VAdist IGLV3-28*01 54.000 54.000 54.000 55.000 55.000 55.000 55.000 55.000 55.000 55.000 55.000 55.000 55.000 55.000 55.000 55.000 52.000 52.000 52.000 55.000 55.000 55.000 55.000 55.000 55.000 55.000 55.000 55.000 54.000 54.000 54.000 54.000 54.000 54.000 54.000 54.000 54.000 54.000 54.000 54.000 54.000 54.000 54.000 54.000 54.000 54.000 55.000 54.000 55.000 54.000 54.000 55.000 36.000 36.000 36.000 36.000 36.000 36.000 60.000 43.000 43.000 43.000 42.000 38.000 38.000 35.000 44.000 39.000 49.000 42.000 41.000 38.000 38.000 37.000 49.000 37.000 65.000 47.000 36.000 40.000 42.000 47.000 49.000 38.000 47.000 35.000 42.000 42.000 45.000 46.000 38.000 35.000 47.000 38.000 49.000 43.000 44.000 42.000 43.000 45.000 37.000 43.000 45.000 31.000 46.000 42.000 45.000 47.000 42.000 42.000 43.000 47.000 37.000 72.000 47.000 49.000 42.000 47.000 42.000 37.000 43.000 41.000 39.000 45.000 48.000 66.000 42.000 38.000 38.000 45.000 38.000 45.000 38.000 49.000 42.000 43.000 43.000 15.000 21.000 13.000 21.000 21.000 21.000 10.000 21.000 13.000 21.000 15.000 23.000 0.000 29.000 12.000 16.000 25.000 21.000 15.000 62.000 62.000 62.000 58.000 62.000 58.000 70.000 75.000 79.000 81.000 46.000 41.000 46.000 49.000 41.000 43.000 43.000 46.000 43.000 43.000 46.000 48.000 46.000 46.000 46.000 43.000 43.000
VAdist IGLV3-29*01 64.000 64.000 64.000 64.000 64.000 64.000 64.000 64.000 64.000 64.000 64.000 64.000 64.000 64.000 64.000 64.000 62.000 62.000 62.000 64.000 64.000 64.000 64.000 64.000 64.000 64.000 64.000 64.000 64.000 64.000 64.000 64.000 64.000 64.000 64.000 64.000 64.000 64.000 64.000 64.000 64.000 64.000 64.000 64.000 64.000 64.000 64.000 64.000 64.000 64.000 64.000 64.000 40.000 40.000 40.000 40.000 44.000 44.000 66.000 43.000 43.000 45.000 44.000 33.000 31.000 37.000 46.000 35.000 41.000 34.000 42.000 38.000 44.000 33.000 50.000 37.000 70.000 46.000 38.000 46.000 39.000 49.000 50.000 34.000 46.000 37.000 46.000 39.000 42.000 41.000 34.000 37.000 46.000 34.000 50.000 45.000 49.000 46.000 43.000 49.000 33.000 40.000 41.000 37.000 38.000 40.000 46.000 42.000 39.000 38.000 42.000 42.000 38.000 78.000 49.000 50.000 38.000 46.000 42.000 41.000 45.000 42.000 35.000 45.000 52.000 70.000 44.000 38.000 44.000 46.000 34.000 42.000 34.000 50.000 43.000 52.000 44.000 26.000 34.000 30.000 29.000 29.000 29.000 26.000 34.000 30.000 29.000 26.000 14.000 29.000 0.000 33.000 28.000 33.000 34.000 30.000 60.000 60.000 60.000 56.000 60.000 55.000 64.000 70.000 70.000 74.000 44.000 44.000 44.000 44.000 44.000 44.000 44.000 44.000 44.000 44.000 44.000 46.000 44.000 44.000 44.000 44.000 44.000
VAdist IGLV3-3*01 59.000 59.000 59.000 59.000 59.000 59.000 59.000 59.000 59.000 59.000 59.000 59.000 59.000 59.000 59.000 59.000 60.000 60.000 60.000 59.000 59.000 59.000 59.000 59.000 59.000 59.000 59.000 59.000 59.000 59.000 59.000 59.000 59.000 59.000 59.000 59.000 59.000 59.000 59.000 59.000 59.000 59.000 59.000 59.000 59.000 59.000 59.000 59.000 59.000 59.000 59.000 59.000 36.000 36.000 36.000 36.000 36.000 36.000 64.000 39.000 39.000 43.000 42.000 44.000 42.000 37.000 44.000 39.000 49.000 38.000 33.000 42.000 46.000 41.000 45.000 37.000 66.000 47.000 42.000 46.000 41.000 47.000 45.000 42.000 47.000 41.000 46.000 41.000 49.000 46.000 42.000 41.000 47.000 42.000 45.000 43.000 46.000 30.000 43.000 47.000 41.000 47.000 45.000 37.000 45.000 50.000 44.000 47.000 41.000 38.000 43.000 47.000 41.000 74.000 47.000 49.000 37.000 47.000 41.000 40.000 43.000 45.000 39.000 49.000 50.000 66.000 50.000 42.000 46.000 45.000 42.000 49.000 42.000 45.000 38.000 43.000 47.000 7.000 20.000 11.000 26.000 26.000 21.000 11.000 20.000 10.000 26.000 7.000 28.000 12.000 33.000 0.000 16.000 30.000 20.000 7.000 62.000 62.000 62.000 59.000 62.000 58.000 62.000 75.000 67.000 76.000 46.000 38.000 46.000 51.000 43.000 43.000 43.000 46.000 43.000 43.000 46.000 46.000 46.000 46.000 46.000 43.000 43.000
VAdist IGLV3-30*01 49.000 49.000 49.000 51.000 51.000 51.000 51.000 51.000 51.000 47.000 47.000 47.000 47.000 47.000 47.000 47.000 55.000 55.000 55.000 51.000 51.000 51.000 51.000 51.000 51.000 51.000 51.000 51.000 49.000 49.000 49.000 49.000 49.000 49.000 49.000 49.000 49.000 49.000 49.000 49.000 49.000 49.000 49.000 49.000 49.000 49.000 47.000 49.000 47.000 49.000 49.000 51.000 31.000 31.000 31.000 31.000 32.000 32.000 60.000 39.000 39.000 43.000 42.000 40.000 37.000 33.000 43.000 39.000 49.000 42.000 41.000 38.000 42.000 37.000 44.000 33.000 62.000 47.000 38.000 42.000 42.000 47.000 44.000 38.000 47.000 37.000 38.000 42.000 44.000 46.000 38.000 37.000 47.000 38.000 44.000 43.000 46.000 37.000 43.000 47.000 37.000 43.000 45.000 37.000 46.000 46.000 45.000 46.000 42.000 42.000 44.000 46.000 37.000 70.000 47.000 49.000 41.000 47.000 42.000 40.000 43.000 41.000 39.000 45.000 50.000 66.000 46.000 38.000 42.000 45.000 38.000 44.000 38.000 44.000 38.000 47.000 42.000 19.000 27.000 19.000 26.000 26.000 29.000 13.000 27.000 19.000 26.000 19.000 21.000 16.000 28.000 16.000 0.000 30.000 27.000 15.000 62.000 62.000 62.000 53.000 62.000 54.000 70.000 79.000 75.000 77.000 41.000 38.000 37.000 50.000 38.000 34.000 38.000 41.000 38.000 38.000 41.000 43.000 41.000 41.000 41.000 38.000 38.000
VAdist IGLV3-4*01 55.000 55.000 55.000 59.000 59.000 59.000 59.000 59.000 59.000 57.000 57.000 57.000 57.000 57.000 57.000 57.000 54.000 54.000 54.000 59.000 59.000 59.000 59.000 59.000 59.000 59.000 59.000 59.000 55.000 55.000 55.000 55.000 55.000 55.000 55.000 55.000 55.000 55.000 55.000 55.000 55.000 55.000 55.000 55.000 55.000 55.000 57.000 55.000 57.000 55.000 55.000 59.000 39.000 39.000 39.000 39.000 39.000 39.000 59.000 39.000 42.000 47.000 50.000 37.000 44.000 42.000 44.000 41.000 51.000 47.000 43.000 45.000 45.000 40.000 48.000 42.000 70.000 48.000 43.000 49.000 50.000 48.000 48.000 43.000 48.000 40.000 47.000 50.000 45.000 48.000 44.000 40.000 48.000 43.000 48.000 47.000 44.000 53.000 47.000 42.000 40.000 39.000 50.000 38.000 47.000 49.000 47.000 48.000 50.000 47.000 53.000 48.000 42.000 78.000 51.000 51.000 49.000 48.000 49.000 39.000 47.000 46.000 41.000 49.000 45.000 74.000 49.000 45.000 45.000 47.000 44.000 45.000 43.000 48.000 44.000 47.000 44.000 30.000 28.000 30.000 5.000 5.000 28.000 22.000 28.000 30.000 5.000 30.000 23.000 25.000 33.000 30.000 30.000 0.000 28.000 28.000 64.000 64.000 64.000 59.000 64.000 55.000 71.000 80.000 79.000 82.000 44.000 51.000 42.000 55.000 47.000 45.000 47.000 44.000 47.000 47.000 44.000 46.000 44.000 44.000 44.000 47.000 47.000
VAdist IGLV3-7*01 60.000 60.000 60.000 60.000 60.000 60.000 60.000 60.000 60.000 60.000 60.000 60.000 60.000 60.000 60.000 60.000 60.000 60.000 60.000 60.000 60.000 60.000 60.000 60.000 60.000 60.000 60.000 60.000 60.000 60.000 60.000 60.000 60.000 60.000 60.000 60.000 60.000 60.000 60.000 60.000 60.000 60.000 60.000 60.000 60.000 60.000 60.000 60.000 60.000 60.000 60.000 60.000 40.000 40.000 40.000 40.000 40.000 40.000 64.000 38.000 38.000 42.000 45.000 44.000 43.000 41.000 47.000 38.000 43.000 42.000 34.000 38.000 46.000 42.000 46.000 42.000 67.000 47.000 42.000 42.000 36.000 46.000 46.000 43.000 47.000 41.000 43.000 36.000 46.000 45.000 43.000 41.000 47.000 43.000 46.000 42.000 45.000 42.000 42.000 45.000 42.000 41.000 42.000 39.000 43.000 50.000 41.000 47.000 36.000 41.000 42.000 47.000 38.000 74.000 46.000 42.000 42.000 47.000 38.000 40.000 42.000 42.000 38.000 43.000 48.000 73.000 50.000 38.000 46.000 46.000 43.000 46.000 43.000 46.000 47.000 44.000 51.000 17.000 0.000 17.000 28.000 28.000 20.000 18.000 0.000 17.000 28.000 17.000 29.000 21.000 34.000 20.000 27.000 28.000 0.000 17.000 60.000 60.000 60.000 60.000 60.000 59.000 62.000 76.000 75.000 80.000 41.000 43.000 47.000 41.000 41.000 42.000 41.000 41.000 38.000 41.000 41.000 41.000 41.000 41.000 41.000 38.000 41.000
VAdist IGLV3-8*01 57.000 57.000 57.000 59.000 59.000 59.000 59.000 59.000 59.000 55.000 55.000 55.000 55.000 55.000 55.000 55.000 60.000 60.000 60.000 59.000 59.000 59.000 59.000 59.000 59.000 59.000 59.000 59.000 57.000 57.000 57.000 57.000 57.000 57.000 57.000 57.000 57.000 57.000 57.000 57.000 57.000 57.000 57.000 57.000 57.000 57.000 55.000 57.000 55.000 57.000 57.000 59.000 36.000 36.000 36.000 36.000 36.000 36.000 64.000 39.000 39.000 42.000 45.000 41.000 39.000 34.000 45.000 38.000 46.000 35.000 34.000 39.000 45.000 38.000 42.000 34.000 66.000 46.000 39.000 43.000 38.000 46.000 42.000 39.000 46.000 38.000 39.000 38.000 46.000 45.000 39.000 38.000 46.000 39.000 42.000 42.000 45.000 31.000 42.000 46.000 38.000 44.000 42.000 34.000 42.000 49.000 41.000 46.000 38.000 35.000 40.000 46.000 38.000 74.000 46.000 46.000 34.000 46.000 38.000 37.000 42.000 42.000 38.000 46.000 49.000 66.000 49.000 39.000 45.000 46.000 39.000 46.000 39.000 42.000 39.000 44.000 47.000 4.000 17.000 8.000 24.000 24.000 18.000 6.000 17.000 7.000 24.000 4.000 23.000 15.000 30.000 7.000 15.000 28.000 17.000 0.000 59.000 59.000 59.000 54.000 59.000 55.000 63.000 76.000 68.000 76.000 43.000 35.000 39.000 48.000 40.000 36.000 40.000 43.000 40.000 40.000 43.000 43.000 43.000 43.000 43.000 40.000 40.000
VAdist IGLV4-10*01 72.000 72.000 72.000 71.000 71.000 71.000 71.000 71.000 71.000 68.000 72.000 72.000 72.000 72.000 72.000 72.000 76.000 76.000 76.000 71.000 71.000 71.000 71.000 71.000 71.000 71.000 71.000 71.000 72.000 72.000 72.000 72.000 72.000 72.000 72.000 72.000 72.000 72.000 72.000 72.000 72.000 72.000 72.000 72.000 72.000 72.000 72.000 72.000 72.000 72.000 72.000 71.000 59.000 59.000 59.000 59.000 58.000 58.000 79.000 53.000 53.000 66.000 65.000 58.000 63.000 57.000 63.000 56.000 67.000 58.000 63.000 58.000 58.000 62.000 66.000 61.000 91.000 67.000 62.000 66.000 64.000 66.000 66.000 62.000 67.000 62.000 66.000 64.000 66.000 62.000 62.000 62.000 67.000 62.000 66.000 66.000 67.000 65.000 64.000 66.000 62.000 62.000 62.000 62.000 58.000 63.000 62.000 67.000 64.000 58.000 63.000 67.000 62.000 91.000 66.000 66.000 58.000 67.000 58.000 62.000 66.000 66.000 60.000 66.000 66.000 88.000 68.000 58.000 58.000 66.000 62.000 66.000 62.000 66.000 66.000 67.000 72.000 59.000 60.000 59.000 64.000 64.000 59.000 59.000 60.000 59.000 64.000 59.000 56.000 62.000 60.000 62.000 62.000 64.000 60.000 59.000 0.000 0.000 0.000 46.000 0.000 13.000 64.000 63.000 63.000 62.000 67.000 67.000 66.000 72.000 67.000 67.000 67.000 67.000 67.000 67.000 67.000 67.000 67.000 67.000 67.000 67.000 67.000
VAdist IGLV4-16*01 72.000 72.000 72.000 71.000 71.000 71.000 71.000 71.000 71.000 68.000 72.000 72.000 72.000 72.000 72.000 72.000 76.000 76.000 76.000 71.000 71.000 71.000 71.000 71.000 71.000 71.000 71.000 71.000 72.000 72.000 72.000 72.000 72.000 72.000 72.000 72.000 72.000 72.000 72.000 72.000 72.000 72.000 72.000 72.000 72.000 72.000 72.000 72.000 72.000 72.000 72.000 71.000 59.000 59.000 59.000 59.000 58.000 58.000 79.000 53.000 53.000 66.000 65.000 58.000 63.000 57.000 63.000 56.000 67.000 58.000 63.000 58.000 58.000 62.000 66.000 61.000 91.000 67.000 62.000 66.000 64.000 66.000 66.000 62.000 67.000 62.000 66.000 64.000 66.000 62.000 62.000 62.000 67.000 62.000 66.000 66.000 67.000 65.000 64.000 66.000 62.000 62.000 62.000 62.000 58.000 63.000 62.000 67.000 64.000 58.000 63.000 67.000 62.000 91.000 66.000 66.000 58.000 67.000 58.000 62.000 66.000 66.000 60.000 66.000 66.000 88.000 68.000 58.000 58.000 66.000 62.000 66.000 62.000 66.000 66.000 67.000 72.000 59.000 60.000 59.000 64.000 64.000 59.000 59.000 60.000 59.000 64.000 59.000 56.000 62.000 60.000 62.000 62.000 64.000 60.000 59.000 0.000 0.000 0.000 46.000 0.000 13.000 64.000 63.000 63.000 62.000 67.000 67.000 66.000 72.000 67.000 67.000 67.000 67.000 67.000 67.000 67.000 67.000 67.000 67.000 67.000 67.000 67.000
VAdist IGLV4-20*01 72.000 72.000 72.000 71.000 71.000 71.000 71.000 71.000 71.000 68.000 72.000 72.000 72.000 72.000 72.000 72.000 76.000 76.000 76.000 71.000 71.000 71.000 71.000 71.000 71.000 71.000 71.000 71.000 72.000 72.000 72.000 72.000 72.000 72.000 72.000 72.000 72.000 72.000 72.000 72.000 72.000 72.000 72.000 72.000 72.000 72.000 72.000 72.000 72.000 72.000 72.000 71.000 59.000 59.000 59.000 59.000 58.000 58.000 79.000 53.000 53.000 66.000 65.000 58.000 63.000 57.000 63.000 56.000 67.000 58.000 63.000 58.000 58.000 62.000 66.000 61.000 91.000 67.000 62.000 66.000 64.000 66.000 66.000 62.000 67.000 62.000 66.000 64.000 66.000 62.000 62.000 62.000 67.000 62.000 66.000 66.000 67.000 65.000 64.000 66.000 62.000 62.000 62.000 62.000 58.000 63.000 62.000 67.000 64.000 58.000 63.000 67.000 62.000 91.000 66.000 66.000 58.000 67.000 58.000 62.000 66.000 66.000 60.000 66.000 66.000 88.000 68.000 58.000 58.000 66.000 62.000 66.000 62.000 66.000 66.000 67.000 72.000 59.000 60.000 59.000 64.000 64.000 59.000 59.000 60.000 59.000 64.000 59.000 56.000 62.000 60.000 62.000 62.000 64.000 60.000 59.000 0.000 0.000 0.000 46.000 0.000 13.000 64.000 63.000 63.000 62.000 67.000 67.000 66.000 72.000 67.000 67.000 67.000 67.000 67.000 67.000 67.000 67.000 67.000 67.000 67.000 67.000 67.000
VAdist IGLV4-22*01 67.000 67.000 67.000 71.000 71.000 71.000 71.000 71.000 71.000 69.000 69.000 69.000 69.000 69.000 69.000 69.000 75.000 75.000 75.000 71.000 71.000 71.000 71.000 71.000 71.000 71.000 71.000 71.000 67.000 67.000 67.000 67.000 67.000 67.000 67.000 67.000 67.000 67.000 67.000 67.000 67.000 67.000 67.000 67.000 67.000 67.000 69.000 67.000 69.000 67.000 67.000 71.000 56.000 56.000 56.000 56.000 56.000 56.000 80.000 66.000 66.000 69.000 66.000 58.000 57.000 51.000 64.000 59.000 62.000 59.000 65.000 55.000 65.000 59.000 64.000 55.000 93.000 70.000 59.000 63.000 63.000 65.000 64.000 59.000 70.000 59.000 61.000 63.000 66.000 66.000 56.000 59.000 70.000 59.000 64.000 69.000 70.000 63.000 67.000 70.000 59.000 61.000 63.000 59.000 59.000 57.000 66.000 70.000 63.000 59.000 54.000 70.000 62.000 95.000 69.000 70.000 58.000 70.000 59.000 58.000 69.000 66.000 63.000 62.000 70.000 93.000 69.000 55.000 65.000 66.000 56.000 66.000 59.000 64.000 62.000 68.000 71.000 56.000 60.000 56.000 59.000 59.000 63.000 48.000 60.000 56.000 59.000 56.000 51.000 58.000 56.000 59.000 53.000 59.000 60.000 54.000 46.000 46.000 46.000 0.000 46.000 39.000 69.000 66.000 62.000 60.000 63.000 64.000 61.000 68.000 60.000 58.000 60.000 63.000 60.000 60.000 63.000 65.000 63.000 63.000 63.000 60.000 60.000
VAdist IGLV4-5*01 72.000 72.000 72.000 71.000 71.000 71.000 71.000 71.000 71.000 68.000 72.000 72.000 72.000 72.000 72.000 72.000 76.000 76.000 76.000 71.000 71.000 71.000 71.000 71.000 71.000 71.000 71.000 71.000 72.000 72.000 72.000 72.000 72.000 72.000 72.000 72.000 72.000 72.000 72.000 72.000 72.000 72.000 72.000 72.000 72.000 72.000 72.000 72.000 72.000 72.000 72.000 71.000 59.000 59.000 59.000 59.000 58.000 58.000 79.000 53.000 53.000 66.000 65.000 58.000 63.000 57.000 63.000 56.000 67.000 58.000 63.000 58.000 58.000 62.000 66.000 61.000 91.000 67.000 62.000 66.000 64.000 66.000 66.000 62.000 67.000 62.000 66.000 64.000 66.000 62.000 62.000 62.000 67.000 62.000 66.000 66.000 67.000 65.000 64.000 66.000 62.000 62.000 62.000 62.000 58.000 63.000 62.000 67.000 64.000 58.000 63.000 67.000 62.000 91.000 66.000 66.000 58.000 67.000 58.000 62.000 66.000 66.000 60.000 66.000 66.000 88.000 68.000 58.000 58.000 66.000 62.000 66.000 62.000 66.000 66.000 67.000 72.000 59.000 60.000 59.000 64.000 64.000 59.000 59.000 60.000 59.000 64.000 59.000 56.000 62.000 60.000 62.000 62.000 64.000 60.000 59.000 0.000 0.000 0.000 46.000 0.000 13.000 64.000 63.000 63.000 62.000 67.000 67.000 66.000 72.000 67.000 67.000 67.000 67.000 67.000 67.000 67.000 67.000 67.000 67.000 67.000 67.000 67.000
VAdist IGLV4-6*01 71.000 71.000 71.000 70.000 70.000 70.000 70.000 70.000 70.000 67.000 71.000 71.000 71.000 71.000 71.000 71.000 72.000 72.000 72.000 70.000 70.000 70.000 70.000 70.000 70.000 70.000 70.000 70.000 71.000 71.000 71.000 71.000 71.000 71.000 71.000 71.000 71.000 71.000 71.000 71.000 71.000 71.000 71.000 71.000 71.000 71.000 71.000 71.000 71.000 71.000 71.000 70.000 52.000 52.000 52.000 52.000 51.000 51.000 75.000 55.000 55.000 65.000 61.000 49.000 59.000 46.000 61.000 55.000 63.000 57.000 61.000 53.000 52.000 54.000 62.000 50.000 89.000 67.000 57.000 61.000 63.000 66.000 62.000 57.000 67.000 54.000 61.000 63.000 61.000 61.000 58.000 54.000 67.000 57.000 62.000 65.000 63.000 61.000 63.000 62.000 54.000 53.000 58.000 54.000 57.000 59.000 61.000 67.000 63.000 57.000 61.000 67.000 56.000 92.000 65.000 65.000 56.000 67.000 57.000 53.000 65.000 60.000 59.000 61.000 62.000 88.000 64.000 53.000 52.000 61.000 58.000 61.000 57.000 62.000 58.000 68.000 67.000 55.000 59.000 55.000 55.000 55.000 57.000 51.000 59.000 55.000 55.000 55.000 51.000 58.000 55.000 58.000 54.000 55.000 59.000 55.000 13.000 13.000 13.000 39.000 13.000 0.000 64.000 64.000 59.000 57.000 59.000 64.000 58.000 72.000 60.000 60.000 60.000 59.000 60.000 60.000 59.000 61.000 59.000 59.000 59.000 60.000 60.000
VAdist IGLV5-109*01 79.000 79.000 79.000 79.000 79.000 79.000 79.000 79.000 79.000 79.000 79.000 79.000 79.000 79.000 79.000 79.000 79.000 79.000 79.000 79.000 79.000 79.000 79.000 79.000 79.000 79.000 79.000 79.000 79.000 79.000 79.000 79.000 79.000 79.000 79.000 79.000 79.000 79.000 79.000 79.000 79.000 79.000 79.000 79.000 79.000 79.000 79.000 79.000 79.000 79.000 79.000 79.000 75.000 75.000 75.000 75.000 75.000 75.000 87.000 67.000 67.000 67.000 65.000 63.000 66.000 66.000 64.000 64.000 59.000 58.000 56.000 58.000 70.000 66.000 68.000 66.000 92.000 67.000 66.000 66.000 58.000 67.000 68.000 66.000 67.000 66.000 66.000 58.000 71.000 67.000 66.000 66.000 67.000 66.000 68.000 67.000 67.000 62.000 68.000 66.000 66.000 63.000 62.000 70.000 65.000 69.000 62.000 67.000 58.000 58.000 60.000 67.000 63.000 93.000 75.000 67.000 58.000 67.000 57.000 67.000 67.000 67.000 68.000 66.000 69.000 86.000 70.000 58.000 70.000 63.000 66.000 71.000 66.000 68.000 64.000 62.000 72.000 63.000 62.000 67.000 72.000 72.000 71.000 67.000 62.000 66.000 72.000 63.000 60.000 70.000 64.000 62.000 70.000 71.000 62.000 63.000 64.000 64.000 64.000 69.000 64.000 64.000 0.000 28.000 26.000 36.000 64.000 62.000 64.000 59.000 63.000 63.000 63.000 64.000 63.000 63.000 64.000 64.000 64.000 64.000 64.000 63.000 63.000
VAdist IGLV5-131*01 87.000 87.000 87.000 87.000 87.000 87.000 87.000 87.000 87.000 87.000 87.000 87.000 87.000 87.000 87.000 87.000 88.000 88.000 88.000 87.000 87.000 87.000 87.000 87.000 87.000 87.000 87.000 87.000 87.000 87.000 87.000 87.000 87.000 87.000 87.000 87.000 87.000 87.000 87.000 87.000 87.000 87.000 87.000 87.000 87.000 87.000 87.000 87.000 87.000 87.000 87.000 87.000 84.000 84.000 84.000 84.000 84.000 84.000 96.000 83.000 83.000 74.000 74.000 71.000 75.000 75.000 70.000 71.000 67.000 71.000 71.000 71.000 73.000 75.000 75.000 75.000 99.000 74.000 75.000 79.000 71.000 74.000 75.000 75.000 74.000 75.000 79.000 71.000 79.000 74.000 75.000 75.000 74.000 75.000 75.000 74.000 73.000 75.000 75.000 74.000 75.000 74.000 71.000 79.000 74.000 72.000 74.000 74.000 71.000 71.000 69.000 74.000 75.000 104.000 82.000 75.000 71.000 74.000 70.000 79.000 74.000 79.000 75.000 78.000 77.000 98.000 73.000 71.000 73.000 75.000 75.000 79.000 75.000 75.000 72.000 66.000 80.000 76.000 76.000 76.000 80.000 80.000 75.000 76.000 76.000 75.000 80.000 76.000 72.000 75.000 70.000 75.000 79.000 80.000 76.000 76.000 63.000 63.000 63.000 66.000 63.000 64.000 28.000 0.000 14.000 24.000 72.000 71.000 72.000 72.000 72.000 72.000 72.000 72.000 72.000 72.000 72.000 72.000 72.000 72.000 72.000 72.000 72.000
VAdist IGLV5-64*01 87.000 87.000 87.000 87.000 87.000 87.000 87.000 87.000 87.000 87.000 87.000 87.000 87.000 87.000 87.000 87.000 88.000 88.000 88.000 87.000 87.000 87.000 87.000 87.000 87.000 87.000 87.000 87.000 87.000 87.000 87.000 87.000 87.000 87.000 87.000 87.000 87.000 87.000 87.000 87.000 87.000 87.000 87.000 87.000 87.000 87.000 87.000 87.000 87.000 87.000 87.000 87.000 80.000 80.000 80.000 80.000 80.000 80.000 96.000 79.000 79.000 74.000 77.000 70.000 75.000 70.000 70.000 71.000 70.000 67.000 67.000 71.000 77.000 74.000 71.000 70.000 98.000 74.000 75.000 79.000 70.000 74.000 71.000 75.000 74.000 74.000 79.000 70.000 79.000 74.000 75.000 74.000 74.000 75.000 71.000 74.000 72.000 67.000 75.000 73.000 74.000 73.000 74.000 78.000 74.000 76.000 74.000 74.000 70.000 67.000 67.000 74.000 75.000 104.000 82.000 79.000 66.000 74.000 70.000 77.000 74.000 79.000 75.000 78.000 76.000 98.000 77.000 71.000 77.000 75.000 75.000 79.000 75.000 71.000 68.000 72.000 80.000 68.000 75.000 72.000 79.000 79.000 79.000 72.000 75.000 71.000 79.000 68.000 72.000 79.000 70.000 67.000 75.000 79.000 75.000 68.000 63.000 63.000 63.000 62.000 63.000 59.000 26.000 14.000 0.000 21.000 68.000 67.000 68.000 72.000 68.000 68.000 68.000 68.000 68.000 68.000 68.000 68.000 68.000 68.000 68.000 68.000 68.000
VAdist IGLV5-85*01 85.000 85.000 85.000 85.000 85.000 85.000 85.000 85.000 85.000 85.000 85.000 85.000 85.000 85.000 85.000 85.000 86.000 86.000 86.000 85.000 85.000 85.000 85.000 85.000 85.000 85.000 85.000 85.000 85.000 85.000 85.000 85.000 85.000 85.000 85.000 85.000 85.000 85.000 85.000 85.000 85.000 85.000 85.000 85.000 85.000 85.000 85.000 85.000 85.000 85.000 85.000 85.000 78.000 78.000 78.000 78.000 78.000 78.000 94.000 84.000 84.000 78.000 79.000 70.000 74.000 70.000 73.000 75.000 75.000 72.000 76.000 70.000 76.000 74.000 75.000 70.000 100.000 78.000 74.000 78.000 75.000 78.000 75.000 74.000 78.000 74.000 78.000 75.000 78.000 75.000 74.000 74.000 78.000 74.000 75.000 78.000 74.000 73.000 79.000 75.000 74.000 73.000 76.000 78.000 75.000 73.000 75.000 78.000 75.000 72.000 69.000 78.000 74.000 105.000 82.000 80.000 71.000 78.000 71.000 77.000 78.000 78.000 79.000 77.000 75.000 103.000 74.000 70.000 76.000 75.000 74.000 78.000 74.000 75.000 71.000 77.000 82.000 76.000 80.000 76.000 82.000 82.000 80.000 74.000 80.000 75.000 82.000 76.000 74.000 81.000 74.000 76.000 77.000 82.000 80.000 76.000 62.000 62.000 62.000 60.000 62.000 57.000 36.000 24.000 21.000 0.000 70.000 71.000 70.000 76.000 70.000 70.000 70.000 70.000 70.000 70.000 70.000 68.000 70.000 70.000 70.000 70.000 70.000
VAdist IGLV8-102*01 57.000 57.000 57.000 57.000 57.000 57.000 57.000 57.000 57.000 57.000 57.000 57.000 57.000 57.000 57.000 57.000 57.000 57.000 57.000 58.000 58.000 58.000 57.000 57.000 57.000 57.000 57.000 57.000 57.000 57.000 57.000 57.000 57.000 57.000 57.000 57.000 57.000 57.000 57.000 57.000 57.000 57.000 57.000 57.000 57.000 57.000 57.000 57.000 57.000 57.000 57.000 57.000 42.000 42.000 46.000 42.000 47.000 47.000 58.000 55.000 55.000 46.000 48.000 38.000 39.000 36.000 29.000 50.000 46.000 45.000 36.000 40.000 41.000 42.000 34.000 37.000 65.000 44.000 40.000 35.000 42.000 46.000 34.000 40.000 44.000 41.000 36.000 43.000 29.000 49.000 42.000 41.000 44.000 40.000 34.000 46.000 47.000 40.000 47.000 46.000 41.000 35.000 45.000 41.000 44.000 48.000 34.000 40.000 42.000 44.000 51.000 40.000 35.000 76.000 49.000 30.000 44.000 44.000 44.000 41.000 46.000 39.000 50.000 36.000 49.000 73.000 41.000 40.000 43.000 30.000 42.000 29.000 40.000 34.000 23.000 35.000 36.000 43.000 41.000 42.000 44.000 44.000 43.000 39.000 41.000 42.000 44.000 43.000 40.000 46.000 44.000 46.000 41.000 44.000 41.000 43.000 67.000 67.000 67.000 63.000 67.000 59.000 64.000 72.000 68.000 70.000 0.000 14.000 12.000 21.000 9.000 10.000 9.000 0.000 6.000 9.000 3.000 5.000 4.000 3.000 4.000 6.000 9.000
VAdist IGLV8-108*01 58.000 58.000 58.000 58.000 58.000 58.000 58.000 58.000 58.000 58.000 58.000 58.000 58.000 58.000 58.000 58.000 56.000 56.000 56.000 59.000 59.000 59.000 58.000 58.000 58.000 58.000 58.000 58.000 58.000 58.000 58.000 58.000 58.000 58.000 58.000 58.000 58.000 58.000 58.000 58.000 58.000 58.000 58.000 58.000 58.000 58.000 58.000 58.000 58.000 58.000 58.000 58.000 43.000 43.000 47.000 43.000 48.000 48.000 59.000 54.000 54.000 46.000 40.000 38.000 36.000 30.000 35.000 50.000 41.000 37.000 37.000 38.000 45.000 39.000 37.000 34.000 62.000 43.000 34.000 29.000 38.000 46.000 37.000 37.000 43.000 35.000 33.000 39.000 35.000 49.000 39.000 35.000 43.000 37.000 37.000 46.000 43.000 32.000 47.000 43.000 38.000 41.000 37.000 35.000 37.000 52.000 30.000 39.000 38.000 37.000 44.000 39.000 38.000 71.000 49.000 31.000 36.000 43.000 34.000 42.000 46.000 42.000 50.000 36.000 46.000 67.000 45.000 38.000 47.000 33.000 39.000 35.000 37.000 37.000 26.000 32.000 39.000 35.000 43.000 32.000 47.000 47.000 44.000 36.000 43.000 28.000 47.000 35.000 39.000 41.000 44.000 38.000 38.000 51.000 43.000 35.000 67.000 67.000 67.000 64.000 67.000 64.000 62.000 71.000 67.000 71.000 14.000 0.000 19.000 19.000 11.000 15.000 15.000 14.000 14.000 15.000 17.000 16.000 18.000 17.000 18.000 14.000 15.000
VAdist IGLV8-113*01 54.000 54.000 54.000 56.000 56.000 56.000 56.000 56.000 56.000 52.000 52.000 52.000 52.000 52.000 52.000 52.000 56.000 56.000 56.000 57.000 57.000 57.000 56.000 56.000 56.000 56.000 56.000 56.000 54.000 54.000 54.000 54.000 54.000 54.000 54.000 54.000 54.000 54.000 54.000 54.000 54.000 54.000 54.000 54.000 54.000 54.000 52.000 54.000 52.000 54.000 54.000 56.000 41.000 41.000 45.000 41.000 46.000 46.000 57.000 54.000 54.000 46.000 49.000 39.000 39.000 38.000 28.000 50.000 46.000 45.000 33.000 41.000 40.000 42.000 34.000 37.000 61.000 43.000 41.000 36.000 42.000 46.000 34.000 40.000 43.000 42.000 32.000 43.000 33.000 49.000 42.000 42.000 43.000 40.000 34.000 46.000 47.000 40.000 47.000 47.000 41.000 34.000 46.000 42.000 45.000 48.000 35.000 39.000 42.000 45.000 51.000 39.000 35.000 72.000 50.000 34.000 44.000 43.000 45.000 41.000 46.000 39.000 50.000 35.000 50.000 73.000 40.000 41.000 42.000 30.000 42.000 33.000 40.000 34.000 24.000 36.000 36.000 43.000 47.000 43.000 42.000 42.000 47.000 37.000 47.000 43.000 42.000 43.000 38.000 46.000 44.000 46.000 37.000 42.000 47.000 39.000 66.000 66.000 66.000 61.000 66.000 58.000 64.000 72.000 68.000 70.000 12.000 19.000 0.000 30.000 18.000 14.000 18.000 12.000 18.000 18.000 15.000 17.000 16.000 15.000 8.000 18.000 18.000
VAdist IGLV8-119*01 63.000 63.000 63.000 63.000 63.000 63.000 63.000 63.000 63.000 63.000 63.000 63.000 63.000 63.000 63.000 63.000 60.000 60.000 60.000 64.000 64.000 64.000 63.000 63.000 63.000 63.000 63.000 63.000 63.000 63.000 63.000 63.000 63.000 63.000 63.000 63.000 63.000 63.000 63.000 63.000 63.000 63.000 63.000 63.000 63.000 63.000 63.000 63.000 63.000 63.000 63.000 63.000 51.000 51.000 55.000 51.000 56.000 56.000 63.000 55.000 55.000 51.000 45.000 46.000 44.000 42.000 41.000 55.000 39.000 46.000 39.000 42.000 50.000 47.000 46.000 46.000 63.000 48.000 42.000 33.000 36.000 51.000 46.000 45.000 48.000 43.000 37.000 40.000 43.000 54.000 47.000 43.000 48.000 45.000 46.000 51.000 48.000 45.000 52.000 47.000 46.000 42.000 42.000 43.000 45.000 53.000 38.000 44.000 36.000 46.000 46.000 44.000 42.000 76.000 54.000 36.000 46.000 48.000 42.000 47.000 51.000 46.000 55.000 37.000 50.000 76.000 50.000 42.000 52.000 37.000 47.000 43.000 45.000 46.000 38.000 35.000 47.000 48.000 41.000 42.000 55.000 55.000 53.000 48.000 41.000 44.000 55.000 48.000 47.000 49.000 44.000 51.000 50.000 55.000 41.000 48.000 72.000 72.000 72.000 68.000 72.000 72.000 59.000 72.000 72.000 76.000 21.000 19.000 30.000 0.000 18.000 16.000 16.000 21.000 15.000 16.000 18.000 18.000 22.000 18.000 25.000 15.000 16.000
VAdist IGLV8-121*01 51.000 51.000 51.000 51.000 51.000 51.000 51.000 51.000 51.000 51.000 51.000 51.000 51.000 51.000 51.000 51.000 49.000 49.000 49.000 55.000 55.000 55.000 51.000 51.000 51.000 51.000 51.000 51.000 51.000 51.000 51.000 51.000 51.000 51.000 51.000 51.000 51.000 51.000 51.000 51.000 51.000 51.000 51.000 51.000 51.000 51.000 51.000 51.000 51.000 51.000 51.000 51.000 39.000 39.000 43.000 39.000 44.000 44.000 52.000 55.000 55.000 48.000 46.000 39.000 37.000 31.000 35.000 51.000 44.000 43.000 40.000 39.000 43.000 40.000 39.000 35.000 64.000 45.000 35.000 32.000 40.000 48.000 39.000 40.000 45.000 36.000 36.000 41.000 38.000 51.000 40.000 36.000 45.000 40.000 39.000 48.000 45.000 40.000 49.000 44.000 39.000 39.000 43.000 36.000 42.000 50.000 39.000 41.000 40.000 43.000 42.000 41.000 39.000 72.000 51.000 39.000 42.000 45.000 43.000 39.000 48.000 43.000 51.000 36.000 47.000 72.000 43.000 39.000 43.000 36.000 40.000 38.000 40.000 39.000 27.000 33.000 40.000 40.000 41.000 36.000 47.000 47.000 49.000 36.000 41.000 36.000 47.000 40.000 39.000 41.000 44.000 43.000 38.000 47.000 41.000 40.000 67.000 67.000 67.000 60.000 67.000 60.000 63.000 72.000 68.000 70.000 9.000 11.000 18.000 18.000 0.000 10.000 10.000 9.000 9.000 10.000 12.000 14.000 13.000 12.000 13.000 9.000 10.000
VAdist IGLV8-128*01 52.000 52.000 52.000 54.000 54.000 54.000 54.000 54.000 54.000 50.000 50.000 50.000 50.000 50.000 50.000 50.000 54.000 54.000 54.000 55.000 55.000 55.000 54.000 54.000 54.000 54.000 54.000 54.000 52.000 52.000 52.000 52.000 52.000 52.000 52.000 52.000 52.000 52.000 52.000 52.000 52.000 52.000 52.000 52.000 52.000 52.000 50.000 52.000 50.000 52.000 52.000 54.000 39.000 39.000 43.000 39.000 44.000 44.000 55.000 55.000 55.000 47.000 45.000 42.000 36.000 34.000 32.000 51.000 43.000 42.000 39.000 38.000 42.000 39.000 38.000 34.000 66.000 44.000 38.000 33.000 36.000 47.000 38.000 37.000 44.000 39.000 29.000 40.000 36.000 50.000 39.000 39.000 44.000 37.000 38.000 47.000 48.000 37.000 48.000 47.000 38.000 38.000 42.000 39.000 41.000 49.000 38.000 40.000 36.000 42.000 49.000 40.000 38.000 76.000 50.000 37.000 41.000 44.000 42.000 38.000 47.000 42.000 51.000 33.000 50.000 72.000 42.000 38.000 44.000 33.000 39.000 36.000 37.000 38.000 26.000 32.000 39.000 40.000 42.000 40.000 45.000 45.000 50.000 34.000 42.000 40.000 45.000 40.000 37.000 43.000 44.000 43.000 34.000 45.000 42.000 36.000 67.000 67.000 67.000 58.000 67.000 60.000 63.000 72.000 68.000 70.000 10.000 15.000 14.000 16.000 10.000 0.000 4.000 10.000 4.000 4.000 7.000 9.000 11.000 7.000 14.000 4.000 4.000
VAdist IGLV8-142*01 54.000 54.000 54.000 54.000 54.000 54.000 54.000 54.000 54.000 54.000 54.000 54.000 54.000 54.000 54.000 54.000 54.000 54.000 54.000 55.000 55.000 55.000 54.000 54.000 54.000 54.000 54.000 54.000 54.000 54.000 54.000 54.000 54.000 54.000 54.000 54.000 54.000 54.000 54.000 54.000 54.000 54.000 54.000 54.000 54.000 54.000 54.000 54.000 54.000 54.000 54.000 54.000 39.000 39.000 43.000 39.000 44.000 44.000 55.000 55.000 55.000 43.000 45.000 42.000 36.000 34.000 32.000 47.000 43.000 42.000 39.000 34.000 42.000 39.000 34.000 34.000 66.000 44.000 38.000 33.000 36.000 43.000 34.000 37.000 44.000 39.000 33.000 40.000 35.000 46.000 39.000 39.000 44.000 37.000 34.000 43.000 48.000 37.000 44.000 47.000 38.000 38.000 42.000 39.000 41.000 49.000 34.000 40.000 36.000 38.000 49.000 40.000 37.000 76.000 46.000 36.000 41.000 44.000 38.000 38.000 43.000 41.000 47.000 33.000 50.000 72.000 42.000 34.000 44.000 33.000 39.000 35.000 37.000 34.000 26.000 32.000 39.000 40.000 41.000 40.000 47.000 47.000 49.000 36.000 41.000 40.000 47.000 40.000 39.000 43.000 44.000 43.000 38.000 47.000 41.000 40.000 67.000 67.000 67.000 60.000 67.000 60.000 63.000 72.000 68.000 70.000 9.000 15.000 18.000 16.000 10.000 4.000 0.000 9.000 3.000 0.000 6.000 8.000 10.000 6.000 13.000 3.000 0.000
VAdist IGLV8-150-1*01 57.000 57.000 57.000 57.000 57.000 57.000 57.000 57.000 57.000 57.000 57.000 57.000 57.000 57.000 57.000 57.000 57.000 57.000 57.000 58.000 58.000 58.000 57.000 57.000 57.000 57.000 57.000 57.000 57.000 57.000 57.000 57.000 57.000 57.000 57.000 57.000 57.000 57.000 57.000 57.000 57.000 57.000 57.000 57.000 57.000 57.000 57.000 57.000 57.000 57.000 57.000 57.000 42.000 42.000 46.000 42.000 47.000 47.000 58.000 55.000 55.000 46.000 48.000 38.000 39.000 36.000 29.000 50.000 46.000 45.000 36.000 40.000 41.000 42.000 34.000 37.000 65.000 44.000 40.000 35.000 42.000 46.000 34.000 40.000 44.000 41.000 36.000 43.000 29.000 49.000 42.000 41.000 44.000 40.000 34.000 46.000 47.000 40.000 47.000 46.000 41.000 35.000 45.000 41.000 44.000 48.000 34.000 40.000 42.000 44.000 51.000 40.000 35.000 76.000 49.000 30.000 44.000 44.000 44.000 41.000 46.000 39.000 50.000 36.000 49.000 73.000 41.000 40.000 43.000 30.000 42.000 29.000 40.000 34.000 23.000 35.000 36.000 43.000 41.000 42.000 44.000 44.000 43.000 39.000 41.000 42.000 44.000 43.000 40.000 46.000 44.000 46.000 41.000 44.000 41.000 43.000 67.000 67.000 67.000 63.000 67.000 59.000 64.000 72.000 68.000 70.000 0.000 14.000 12.000 21.000 9.000 10.000 9.000 0.000 6.000 9.000 3.000 5.000 4.000 3.000 4.000 6.000 9.000
VAdist IGLV8-153*01 54.000 54.000 54.000 54.000 54.000 54.000 54.000 54.000 54.000 54.000 54.000 54.000 54.000 54.000 54.000 54.000 54.000 54.000 54.000 55.000 55.000 55.000 54.000 54.000 54.000 54.000 54.000 54.000 54.000 54.000 54.000 54.000 54.000 54.000 54.000 54.000 54.000 54.000 54.000 54.000 54.000 54.000 54.000 54.000 54.000 54.000 54.000 54.000 54.000 54.000 54.000 54.000 39.000 39.000 43.000 39.000 44.000 44.000 55.000 55.000 55.000 46.000 45.000 41.000 36.000 33.000 32.000 50.000 43.000 42.000 39.000 37.000 42.000 39.000 37.000 34.000 65.000 44.000 37.000 32.000 36.000 46.000 37.000 37.000 44.000 38.000 33.000 40.000 32.000 49.000 39.000 38.000 44.000 37.000 37.000 46.000 47.000 37.000 47.000 46.000 38.000 38.000 42.000 38.000 41.000 49.000 37.000 40.000 36.000 41.000 48.000 40.000 38.000 75.000 49.000 33.000 41.000 44.000 41.000 38.000 46.000 42.000 50.000 33.000 49.000 72.000 42.000 37.000 44.000 33.000 39.000 32.000 37.000 37.000 26.000 32.000 39.000 40.000 38.000 39.000 47.000 47.000 46.000 36.000 38.000 39.000 47.000 40.000 39.000 43.000 44.000 43.000 38.000 47.000 38.000 40.000 67.000 67.000 67.000 60.000 67.000 60.000 63.000 72.000 68.000 70.000 6.000 14.000 18.000 15.000 9.000 4.000 3.000 6.000 0.000 3.000 3.000 5.000 7.000 3.000 10.000 0.000 3.000
VAdist IGLV8-161*01 54.000 54.000 54.000 54.000 54.000 54.000 54.000 54.000 54.000 54.000 54.000 54.000 54.000 54.000 54.000 54.000 54.000 54.000 54.000 55.000 55.000 55.000 54.000 54.000 54.000 54.000 54.000 54.000 54.000 54.000 54.000 54.000 54.000 54.000 54.000 54.000 54.000 54.000 54.000 54.000 54.000 54.000 54.000 54.000 54.000 54.000 54.000 54.000 54.000 54.000 54.000 54.000 39.000 39.000 43.000 39.000 44.000 44.000 55.000 55.000 55.000 43.000 45.000 42.000 36.000 34.000 32.000 47.000 43.000 42.000 39.000 34.000 42.000 39.000 34.000 34.000 66.000 44.000 38.000 33.000 36.000 43.000 34.000 37.000 44.000 39.000 33.000 40.000 35.000 46.000 39.000 39.000 44.000 37.000 34.000 43.000 48.000 37.000 44.000 47.000 38.000 38.000 42.000 39.000 41.000 49.000 34.000 40.000 36.000 38.000 49.000 40.000 37.000 76.000 46.000 36.000 41.000 44.000 38.000 38.000 43.000 41.000 47.000 33.000 50.000 72.000 42.000 34.000 44.000 33.000 39.000 35.000 37.000 34.000 26.000 32.000 39.000 40.000 41.000 40.000 47.000 47.000 49.000 36.000 41.000 40.000 47.000 40.000 39.000 43.000 44.000 43.000 38.000 47.000 41.000 40.000 67.000 67.000 67.000 60.000 67.000 60.000 63.000 72.000 68.000 70.000 9.000 15.000 18.000 16.000 10.000 4.000 0.000 9.000 3.000 0.000 6.000 8.000 10.000 6.000 13.000 3.000 0.000
VAdist IGLV8-36*01 57.000 57.000 57.000 57.000 57.000 57.000 57.000 57.000 57.000 57.000 57.000 57.000 57.000 57.000 57.000 57.000 57.000 57.000 57.000 58.000 58.000 58.000 57.000 57.000 57.000 57.000 57.000 57.000 57.000 57.000 57.000 57.000 57.000 57.000 57.000 57.000 57.000 57.000 57.000 57.000 57.000 57.000 57.000 57.000 57.000 57.000 57.000 57.000 57.000 57.000 57.000 57.000 42.000 42.000 46.000 42.000 47.000 47.000 58.000 55.000 55.000 46.000 48.000 38.000 39.000 36.000 29.000 50.000 46.000 45.000 36.000 40.000 41.000 42.000 34.000 37.000 64.000 44.000 40.000 35.000 39.000 46.000 34.000 40.000 44.000 41.000 36.000 43.000 29.000 49.000 42.000 41.000 44.000 40.000 34.000 46.000 47.000 40.000 47.000 46.000 41.000 35.000 45.000 41.000 44.000 48.000 34.000 40.000 39.000 44.000 51.000 40.000 35.000 76.000 49.000 30.000 44.000 44.000 44.000 41.000 46.000 39.000 50.000 36.000 49.000 73.000 41.000 40.000 43.000 30.000 42.000 29.000 40.000 34.000 23.000 35.000 36.000 43.000 41.000 42.000 44.000 44.000 43.000 39.000 41.000 42.000 44.000 43.000 40.000 46.000 44.000 46.000 41.000 44.000 41.000 43.000 67.000 67.000 67.000 63.000 67.000 59.000 64.000 72.000 68.000 70.000 3.000 17.000 15.000 18.000 12.000 7.000 6.000 3.000 3.000 6.000 0.000 2.000 4.000 0.000 7.000 3.000 6.000
VAdist IGLV8-39*01 59.000 59.000 59.000 59.000 59.000 59.000 59.000 59.000 59.000 59.000 59.000 59.000 59.000 59.000 59.000 59.000 59.000 59.000 59.000 60.000 60.000 60.000 59.000 59.000 59.000 59.000 59.000 59.000 59.000 59.000 59.000 59.000 59.000 59.000 59.000 59.000 59.000 59.000 59.000 59.000 59.000 59.000 59.000 59.000 59.000 59.000 59.000 59.000 59.000 59.000 59.000 59.000 44.000 44.000 48.000 44.000 49.000 49.000 60.000 55.000 55.000 46.000 48.000 40.000 41.000 38.000 31.000 50.000 46.000 45.000 36.000 42.000 43.000 44.000 34.000 39.000 64.000 44.000 42.000 37.000 39.000 46.000 34.000 42.000 44.000 43.000 38.000 43.000 31.000 49.000 44.000 43.000 44.000 42.000 34.000 46.000 47.000 40.000 47.000 46.000 43.000 37.000 45.000 43.000 43.000 50.000 33.000 40.000 39.000 44.000 51.000 40.000 37.000 76.000 49.000 30.000 44.000 44.000 43.000 43.000 46.000 41.000 50.000 38.000 49.000 73.000 43.000 42.000 45.000 32.000 44.000 31.000 42.000 34.000 25.000 35.000 38.000 43.000 41.000 42.000 46.000 46.000 43.000 41.000 41.000 41.000 46.000 43.000 42.000 48.000 46.000 46.000 43.000 46.000 41.000 43.000 67.000 67.000 67.000 65.000 67.000 61.000 64.000 72.000 68.000 68.000 5.000 16.000 17.000 18.000 14.000 9.000 8.000 5.000 5.000 8.000 2.000 0.000 6.000 2.000 9.000 5.000 8.000
VAdist IGLV8-40*01 57.000 57.000 57.000 57.000 57.000 57.000 57.000 57.000 57.000 57.000 57.000 57.000 57.000 57.000 57.000 57.000 57.000 57.000 57.000 58.000 58.000 58.000 57.000 57.000 57.000 57.000 57.000 57.000 57.000 57.000 57.000 57.000 57.000 57.000 57.000 57.000 57.000 57.000 57.000 57.000 57.000 57.000 57.000 57.000 57.000 57.000 57.000 57.000 57.000 57.000 57.000 57.000 42.000 42.000 46.000 42.000 47.000 47.000 58.000 55.000 55.000 46.000 48.000 38.000 39.000 36.000 29.000 50.000 46.000 45.000 36.000 40.000 41.000 42.000 34.000 37.000 65.000 44.000 40.000 35.000 43.000 46.000 34.000 40.000 44.000 41.000 36.000 43.000 29.000 49.000 42.000 41.000 44.000 40.000 34.000 46.000 47.000 40.000 47.000 46.000 41.000 35.000 45.000 41.000 44.000 48.000 34.000 40.000 43.000 44.000 51.000 40.000 35.000 76.000 49.000 30.000 44.000 44.000 44.000 41.000 46.000 39.000 50.000 36.000 49.000 73.000 41.000 40.000 43.000 30.000 42.000 29.000 40.000 34.000 23.000 35.000 36.000 43.000 41.000 42.000 44.000 44.000 43.000 39.000 41.000 42.000 44.000 43.000 40.000 46.000 44.000 46.000 41.000 44.000 41.000 43.000 67.000 67.000 67.000 63.000 67.000 59.000 64.000 72.000 68.000 70.000 4.000 18.000 16.000 22.000 13.000 11.000 10.000 4.000 7.000 10.000 4.000 6.000 0.000 4.000 8.000 7.000 10.000
VAdist IGLV8-43*01 57.000 57.000 57.000 57.000 57.000 57.000 57.000 57.000 57.000 57.000 57.000 57.000 57.000 57.000 57.000 57.000 57.000 57.000 57.000 58.000 58.000 58.000 57.000 57.000 57.000 57.000 57.000 57.000 57.000 57.000 57.000 57.000 57.000 57.000 57.000 57.000 57.000 57.000 57.000 57.000 57.000 57.000 57.000 57.000 57.000 57.000 57.000 57.000 57.000 57.000 57.000 57.000 42.000 42.000 46.000 42.000 47.000 47.000 58.000 55.000 55.000 46.000 48.000 38.000 39.000 36.000 29.000 50.000 46.000 45.000 36.000 40.000 41.000 42.000 34.000 37.000 64.000 44.000 40.000 35.000 39.000 46.000 34.000 40.000 44.000 41.000 36.000 43.000 29.000 49.000 42.000 41.000 44.000 40.000 34.000 46.000 47.000 40.000 47.000 46.000 41.000 35.000 45.000 41.000 44.000 48.000 34.000 40.000 39.000 44.000 51.000 40.000 35.000 76.000 49.000 30.000 44.000 44.000 44.000 41.000 46.000 39.000 50.000 36.000 49.000 73.000 41.000 40.000 43.000 30.000 42.000 29.000 40.000 34.000 23.000 35.000 36.000 43.000 41.000 42.000 44.000 44.000 43.000 39.000 41.000 42.000 44.000 43.000 40.000 46.000 44.000 46.000 41.000 44.000 41.000 43.000 67.000 67.000 67.000 63.000 67.000 59.000 64.000 72.000 68.000 70.000 3.000 17.000 15.000 18.000 12.000 7.000 6.000 3.000 3.000 6.000 0.000 2.000 4.000 0.000 7.000 3.000 6.000
VAdist IGLV8-74-1*01 57.000 57.000 57.000 57.000 57.000 57.000 57.000 57.000 57.000 57.000 57.000 57.000 57.000 57.000 57.000 57.000 57.000 57.000 57.000 58.000 58.000 58.000 57.000 57.000 57.000 57.000 57.000 57.000 57.000 57.000 57.000 57.000 57.000 57.000 57.000 57.000 57.000 57.000 57.000 57.000 57.000 57.000 57.000 57.000 57.000 57.000 57.000 57.000 57.000 57.000 57.000 57.000 42.000 42.000 46.000 42.000 47.000 47.000 58.000 55.000 55.000 46.000 49.000 38.000 39.000 37.000 29.000 50.000 47.000 45.000 34.000 40.000 41.000 42.000 34.000 37.000 61.000 44.000 40.000 35.000 43.000 46.000 34.000 40.000 44.000 41.000 36.000 44.000 29.000 49.000 42.000 41.000 44.000 40.000 34.000 46.000 47.000 40.000 47.000 46.000 41.000 35.000 46.000 41.000 45.000 49.000 34.000 40.000 43.000 44.000 51.000 40.000 35.000 72.000 50.000 30.000 44.000 44.000 44.000 41.000 46.000 39.000 50.000 36.000 49.000 73.000 41.000 40.000 43.000 30.000 42.000 29.000 40.000 34.000 24.000 36.000 36.000 43.000 41.000 42.000 44.000 44.000 43.000 39.000 41.000 42.000 44.000 43.000 40.000 46.000 44.000 46.000 41.000 44.000 41.000 43.000 67.000 67.000 67.000 63.000 67.000 59.000 64.000 72.000 68.000 70.000 4.000 18.000 8.000 25.000 13.000 14.000 13.000 4.000 10.000 13.000 7.000 9.000 8.000 7.000 0.000 10.000 13.000
VAdist IGLV8-93*01 54.000 54.000 54.000 54.000 54.000 54.000 54.000 54.000 54.000 54.000 54.000 54.000 54.000 54.000 54.000 54.000 54.000 54.000 54.000 55.000 55.000 55.000 54.000 54.000 54.000 54.000 54.000 54.000 54.000 54.000 54.000 54.000 54.000 54.000 54.000 54.000 54.000 54.000 54.000 54.000 54.000 54.000 54.000 54.000 54.000 54.000 54.000 54.000 54.000 54.000 54.000 54.000 39.000 39.000 43.000 39.000 44.000 44.000 55.000 55.000 55.000 46.000 45.000 41.000 36.000 33.000 32.000 50.000 43.000 42.000 39.000 37.000 42.000 39.000 37.000 34.000 65.000 44.000 37.000 32.000 36.000 46.000 37.000 37.000 44.000 38.000 33.000 40.000 32.000 49.000 39.000 38.000 44.000 37.000 37.000 46.000 47.000 37.000 47.000 46.000 38.000 38.000 42.000 38.000 41.000 49.000 37.000 40.000 36.000 41.000 48.000 40.000 38.000 75.000 49.000 33.000 41.000 44.000 41.000 38.000 46.000 42.000 50.000 33.000 49.000 72.000 42.000 37.000 44.000 33.000 39.000 32.000 37.000 37.000 26.000 32.000 39.000 40.000 38.000 39.000 47.000 47.000 46.000 36.000 38.000 39.000 47.000 40.000 39.000 43.000 44.000 43.000 38.000 47.000 38.000 40.000 67.000 67.000 67.000 60.000 67.000 60.000 63.000 72.000 68.000 70.000 6.000 14.000 18.000 15.000 9.000 4.000 3.000 6.000 0.000 3.000 3.000 5.000 7.000 3.000 10.000 0.000 3.000
VAdist IGLV8-99*01 54.000 54.000 54.000 54.000 54.000 54.000 54.000 54.000 54.000 54.000 54.000 54.000 54.000 54.000 54.000 54.000 54.000 54.000 54.000 55.000 55.000 55.000 54.000 54.000 54.000 54.000 54.000 54.000 54.000 54.000 54.000 54.000 54.000 54.000 54.000 54.000 54.000 54.000 54.000 54.000 54.000 54.000 54.000 54.000 54.000 54.000 54.000 54.000 54.000 54.000 54.000 54.000 39.000 39.000 43.000 39.000 44.000 44.000 55.000 55.000 55.000 43.000 45.000 42.000 36.000 34.000 32.000 47.000 43.000 42.000 39.000 34.000 42.000 39.000 34.000 34.000 66.000 44.000 38.000 33.000 36.000 43.000 34.000 37.000 44.000 39.000 33.000 40.000 35.000 46.000 39.000 39.000 44.000 37.000 34.000 43.000 48.000 37.000 44.000 47.000 38.000 38.000 42.000 39.000 41.000 49.000 34.000 40.000 36.000 38.000 49.000 40.000 37.000 76.000 46.000 36.000 41.000 44.000 38.000 38.000 43.000 41.000 47.000 33.000 50.000 72.000 42.000 34.000 44.000 33.000 39.000 35.000 37.000 34.000 26.000 32.000 39.000 40.000 41.000 40.000 47.000 47.000 49.000 36.000 41.000 40.000 47.000 40.000 39.000 43.000 44.000 43.000 38.000 47.000 41.000 40.000 67.000 67.000 67.000 60.000 67.000 60.000 63.000 72.000 68.000 70.000 9.000 15.000 18.000 16.000 10.000 4.000 0.000 9.000 3.000 0.000 6.000 8.000 10.000 6.000 13.000 3.000 0.000
num_VB_genes 55
VBdist IGHV1-15*01 0.000 15.000 49.000 53.000 53.000 45.000 49.000 49.000 49.000 49.000 54.000 49.000 50.000 54.000 47.000 45.000 45.000 50.000 47.000 78.000 49.000 59.000 58.000 49.000 47.000 48.000 51.000 47.000 57.000 56.000 52.000 52.000 47.000 53.000 42.000 53.000 51.000 53.000 53.000 53.000 45.000 49.000 53.000 46.000 49.000 49.000 48.000 49.000 53.000 45.000 45.000 42.000 49.000 49.000 63.000
VBdist IGHV1-30*01 15.000 0.000 49.000 51.000 51.000 42.000 47.000 48.000 47.000 48.000 52.000 47.000 50.000 53.000 47.000 42.000 45.000 49.000 46.000 78.000 49.000 54.000 56.000 47.000 47.000 44.000 48.000 46.000 57.000 54.000 50.000 49.000 46.000 51.000 41.000 51.000 51.000 51.000 51.000 50.000 43.000 48.000 51.000 46.000 47.000 49.000 45.000 49.000 51.000 43.000 43.000 40.000 48.000 49.000 63.000
VBdist IGHV3-10*01 49.000 49.000 0.000 22.000 28.000 17.000 13.000 12.000 17.000 22.000 26.000 18.000 18.000 19.000 14.000 17.000 24.000 16.000 12.000 66.000 5.000 32.000 31.000 10.000 23.000 11.000 26.000 12.000 25.000 23.000 16.000 24.000 12.000 14.000 24.000 21.000 15.000 10.000 22.000 25.000 13.000 10.000 22.000 17.000 13.000 13.000 20.000 18.000 26.000 13.000 13.000 13.000 22.000 9.000 52.000
VBdist IGHV3-13*01 53.000 51.000 22.000 0.000 26.000 19.000 20.000 23.000 20.000 20.000 36.000 12.000 17.000 27.000 20.000 19.000 24.000 23.000 23.000 72.000 20.000 31.000 27.000 20.000 26.000 17.000 16.000 23.000 23.000 23.000 18.000 26.000 23.000 24.000 23.000 24.000 22.000 20.000 32.000 27.000 16.000 25.000 0.000 24.000 16.000 20.000 22.000 24.000 26.000 16.000 16.000 15.000 33.000 20.000 54.000
VBdist IGHV3-14*01 53.000 51.000 28.000 26.000 0.000 25.000 30.000 26.000 30.000 31.000 36.000 26.000 19.000 34.000 22.000 25.000 28.000 30.000 26.000 68.000 26.000 23.000 37.000 24.000 26.000 25.000 38.000 26.000 29.000 32.000 32.000 26.000 26.000 34.000 30.000 34.000 24.000 30.000 35.000 34.000 26.000 28.000 26.000 26.000 26.000 22.000 22.000 18.000 3.000 26.000 26.000 29.000 36.000 22.000 57.000
VBdist IGHV3-16*01 45.000 42.000 17.000 19.000 25.000 0.000 15.000 12.000 11.000 19.000 23.000 12.000 16.000 20.000 13.000 0.000 22.000 16.000 10.000 64.000 15.000 31.000 27.000 12.000 21.000 16.000 23.000 10.000 26.000 19.000 17.000 9.000 10.000 19.000 15.000 15.000 17.000 15.000 19.000 20.000 7.000 14.000 19.000 15.000 11.000 15.000 5.000 16.000 25.000 7.000 7.000 10.000 20.000 15.000 47.000
VBdist IGHV3-18*01 49.000 47.000 13.000 20.000 30.000 15.000 0.000 15.000 12.000 12.000 31.000 16.000 17.000 22.000 16.000 15.000 23.000 19.000 15.000 64.000 8.000 31.000 29.000 11.000 22.000 13.000 16.000 15.000 23.000 21.000 18.000 22.000 15.000 7.000 19.000 16.000 14.000 11.000 27.000 22.000 8.000 17.000 20.000 13.000 8.000 12.000 18.000 19.000 28.000 8.000 8.000 14.000 21.000 8.000 50.000
VBdist IGHV3-19*01 49.000 48.000 12.000 23.000 26.000 12.000 15.000 0.000 15.000 23.000 20.000 16.000 16.000 11.000 15.000 12.000 26.000 4.000 4.000 64.000 7.000 26.000 31.000 15.000 25.000 20.000 27.000 4.000 19.000 23.000 17.000 19.000 4.000 22.000 19.000 19.000 12.000 18.000 16.000 22.000 11.000 5.000 23.000 15.000 10.000 10.000 15.000 11.000 26.000 11.000 11.000 17.000 14.000 11.000 51.000
VBdist IGHV3-2*01 49.000 47.000 17.000 20.000 30.000 11.000 12.000 15.000 0.000 20.000 29.000 16.000 12.000 23.000 14.000 11.000 23.000 19.000 13.000 64.000 12.000 31.000 26.000 15.000 22.000 17.000 24.000 13.000 23.000 18.000 18.000 20.000 13.000 11.000 15.000 4.000 11.000 10.000 25.000 22.000 4.000 17.000 20.000 11.000 8.000 12.000 16.000 19.000 30.000 4.000 4.000 10.000 23.000 12.000 50.000
VBdist IGHV3-21*01 49.000 48.000 22.000 20.000 31.000 19.000 12.000 23.000 20.000 0.000 36.000 16.000 25.000 31.000 20.000 19.000 27.000 27.000 23.000 64.000 20.000 39.000 35.000 20.000 26.000 18.000 16.000 23.000 31.000 27.000 22.000 26.000 23.000 16.000 23.000 24.000 22.000 20.000 32.000 27.000 16.000 25.000 20.000 21.000 16.000 20.000 22.000 24.000 31.000 16.000 16.000 19.000 29.000 20.000 54.000
VBdist IGHV3-21-1*01 54.000 52.000 26.000 36.000 36.000 23.000 31.000 20.000 29.000 36.000 0.000 29.000 30.000 27.000 24.000 23.000 37.000 24.000 16.000 64.000 23.000 32.000 37.000 29.000 36.000 33.000 32.000 16.000 39.000 33.000 34.000 25.000 20.000 36.000 33.000 33.000 29.000 32.000 4.000 29.000 25.000 22.000 36.000 29.000 27.000 27.000 21.000 29.000 36.000 25.000 25.000 29.000 22.000 27.000 61.000
VBdist IGHV3-23*01 49.000 47.000 18.000 12.000 26.000 12.000 16.000 16.000 16.000 16.000 29.000 0.000 21.000 24.000 16.000 12.000 27.000 20.000 16.000 64.000 16.000 31.000 19.000 12.000 26.000 13.000 16.000 16.000 27.000 11.000 14.000 19.000 16.000 20.000 15.000 20.000 18.000 16.000 25.000 20.000 12.000 18.000 12.000 20.000 12.000 16.000 15.000 16.000 26.000 12.000 12.000 15.000 26.000 16.000 51.000
VBdist IGHV3-24*01 50.000 50.000 18.000 17.000 19.000 16.000 17.000 16.000 12.000 25.000 30.000 21.000 0.000 24.000 11.000 16.000 17.000 20.000 14.000 68.000 13.000 20.000 35.000 20.000 15.000 22.000 29.000 14.000 16.000 27.000 23.000 25.000 14.000 23.000 20.000 16.000 12.000 19.000 26.000 27.000 9.000 18.000 17.000 7.000 13.000 9.000 21.000 16.000 19.000 9.000 9.000 15.000 24.000 9.000 47.000
VBdist IGHV3-25*01 54.000 53.000 19.000 27.000 34.000 20.000 22.000 11.000 23.000 31.000 27.000 24.000 24.000 0.000 23.000 20.000 26.000 7.000 12.000 68.000 14.000 35.000 31.000 22.000 33.000 27.000 31.000 12.000 30.000 31.000 28.000 27.000 11.000 29.000 24.000 27.000 21.000 25.000 23.000 31.000 19.000 14.000 27.000 23.000 19.000 19.000 23.000 22.000 34.000 19.000 19.000 22.000 22.000 18.000 54.000
VBdist IGHV3-26*01 47.000 47.000 14.000 20.000 22.000 13.000 16.000 15.000 14.000 20.000 24.000 16.000 11.000 23.000 0.000 13.000 17.000 19.000 11.000 64.000 12.000 27.000 31.000 16.000 16.000 17.000 24.000 11.000 23.000 23.000 18.000 18.000 15.000 20.000 21.000 18.000 10.000 16.000 20.000 23.000 10.000 17.000 20.000 10.000 12.000 8.000 14.000 12.000 22.000 10.000 10.000 13.000 21.000 8.000 44.000
VBdist IGHV3-3*01 45.000 42.000 17.000 19.000 25.000 0.000 15.000 12.000 11.000 19.000 23.000 12.000 16.000 20.000 13.000 0.000 22.000 16.000 10.000 64.000 15.000 31.000 27.000 12.000 21.000 16.000 23.000 10.000 26.000 19.000 17.000 9.000 10.000 19.000 15.000 15.000 17.000 15.000 19.000 20.000 7.000 14.000 19.000 15.000 11.000 15.000 5.000 16.000 25.000 7.000 7.000 10.000 20.000 15.000 47.000
VBdist IGHV3-31*01 45.000 45.000 24.000 24.000 28.000 22.000 23.000 26.000 23.000 27.000 37.000 27.000 17.000 26.000 17.000 22.000 0.000 22.000 24.000 71.000 23.000 35.000 34.000 26.000 10.000 28.000 27.000 24.000 31.000 34.000 29.000 31.000 24.000 26.000 27.000 27.000 21.000 26.000 33.000 34.000 19.000 28.000 24.000 16.000 23.000 19.000 27.000 23.000 28.000 19.000 19.000 18.000 26.000 19.000 50.000
VBdist IGHV3-32*01 50.000 49.000 16.000 23.000 30.000 16.000 19.000 4.000 19.000 27.000 24.000 20.000 20.000 7.000 19.000 16.000 22.000 0.000 8.000 68.000 11.000 30.000 27.000 19.000 29.000 24.000 27.000 8.000 23.000 27.000 21.000 23.000 8.000 26.000 20.000 23.000 16.000 22.000 20.000 26.000 15.000 9.000 23.000 19.000 14.000 14.000 19.000 15.000 30.000 15.000 15.000 18.000 18.000 15.000 55.000
VBdist IGHV3-33*01 47.000 46.000 12.000 23.000 26.000 10.000 15.000 4.000 13.000 23.000 16.000 16.000 14.000 12.000 11.000 10.000 24.000 8.000 0.000 64.000 7.000 27.000 31.000 15.000 23.000 20.000 27.000 0.000 23.000 23.000 21.000 15.000 4.000 22.000 17.000 17.000 13.000 18.000 12.000 23.000 9.000 6.000 23.000 13.000 11.000 11.000 11.000 15.000 26.000 9.000 9.000 15.000 10.000 11.000 49.000
VBdist IGHV3-34*01 78.000 78.000 66.000 72.000 68.000 64.000 64.000 64.000 64.000 64.000 64.000 64.000 68.000 68.000 64.000 64.000 71.000 68.000 64.000 0.000 64.000 68.000 68.000 64.000 70.000 66.000 68.000 64.000 72.000 64.000 66.000 64.000 64.000 64.000 67.000 64.000 64.000 64.000 64.000 64.000 64.000 66.000 72.000 64.000 64.000 64.000 64.000 64.000 68.000 64.000 64.000 67.000 66.000 64.000 64.000
VBdist IGHV3-35*01 49.000 49.000 5.000 20.000 26.000 15.000 8.000 7.000 12.000 20.000 23.000 16.000 13.000 14.000 12.000 15.000 23.000 11.000 7.000 64.000 0.000 27.000 29.000 11.000 22.000 13.000 24.000 7.000 20.000 21.000 18.000 22.000 7.000 15.000 19.000 16.000 10.000 11.000 19.000 22.000 8.000 9.000 20.000 12.000 8.000 8.000 18.000 15.000 24.000 8.000 8.000 14.000 17.000 4.000 50.000
VBdist IGHV3-36*01 59.000 54.000 32.000 31.000 23.000 31.000 31.000 26.000 31.000 39.000 32.000 31.000 20.000 35.000 27.000 31.000 35.000 30.000 27.000 68.000 27.000 0.000 40.000 28.000 33.000 36.000 39.000 27.000 29.000 35.000 36.000 36.000 27.000 38.000 34.000 35.000 25.000 34.000 31.000 34.000 27.000 29.000 31.000 27.000 27.000 23.000 32.000 21.000 23.000 27.000 27.000 33.000 32.000 23.000 62.000
VBdist IGHV3-37*01 58.000 56.000 31.000 27.000 37.000 27.000 29.000 31.000 26.000 35.000 37.000 19.000 35.000 31.000 31.000 27.000 34.000 27.000 31.000 68.000 29.000 40.000 0.000 25.000 41.000 26.000 31.000 31.000 42.000 8.000 29.000 31.000 31.000 28.000 27.000 30.000 31.000 21.000 37.000 35.000 27.000 33.000 27.000 34.000 27.000 31.000 27.000 31.000 34.000 27.000 27.000 27.000 38.000 29.000 66.000
VBdist IGHV3-38*01 49.000 47.000 10.000 20.000 24.000 12.000 11.000 15.000 15.000 20.000 29.000 12.000 20.000 22.000 16.000 12.000 26.000 19.000 15.000 64.000 11.000 28.000 25.000 0.000 25.000 13.000 24.000 15.000 26.000 17.000 18.000 19.000 15.000 12.000 18.000 19.000 17.000 8.000 25.000 20.000 11.000 17.000 20.000 19.000 11.000 15.000 15.000 14.000 22.000 11.000 11.000 11.000 25.000 11.000 51.000
VBdist IGHV3-39*01 47.000 47.000 23.000 26.000 26.000 21.000 22.000 25.000 22.000 26.000 36.000 26.000 15.000 33.000 16.000 21.000 10.000 29.000 23.000 70.000 22.000 33.000 41.000 25.000 0.000 27.000 30.000 23.000 29.000 33.000 28.000 30.000 23.000 25.000 29.000 26.000 20.000 25.000 32.000 33.000 18.000 27.000 26.000 15.000 22.000 18.000 26.000 22.000 26.000 18.000 18.000 20.000 21.000 18.000 47.000
VBdist IGHV3-41*01 48.000 44.000 11.000 17.000 25.000 16.000 13.000 20.000 17.000 18.000 33.000 13.000 22.000 27.000 17.000 16.000 28.000 24.000 20.000 66.000 13.000 36.000 26.000 13.000 27.000 0.000 21.000 20.000 28.000 18.000 11.000 23.000 20.000 17.000 21.000 21.000 19.000 13.000 29.000 24.000 13.000 18.000 17.000 21.000 13.000 17.000 19.000 21.000 23.000 13.000 13.000 16.000 30.000 13.000 55.000
VBdist IGHV3-43*01 51.000 48.000 26.000 16.000 38.000 23.000 16.000 27.000 24.000 16.000 32.000 16.000 29.000 31.000 24.000 23.000 27.000 27.000 27.000 68.000 24.000 39.000 31.000 24.000 30.000 21.000 0.000 27.000 35.000 27.000 22.000 30.000 27.000 20.000 28.000 28.000 26.000 24.000 28.000 27.000 20.000 29.000 16.000 25.000 20.000 24.000 26.000 28.000 38.000 20.000 20.000 20.000 33.000 24.000 58.000
VBdist IGHV3-44*01 47.000 46.000 12.000 23.000 26.000 10.000 15.000 4.000 13.000 23.000 16.000 16.000 14.000 12.000 11.000 10.000 24.000 8.000 0.000 64.000 7.000 27.000 31.000 15.000 23.000 20.000 27.000 0.000 23.000 23.000 21.000 15.000 4.000 22.000 17.000 17.000 13.000 18.000 12.000 23.000 9.000 6.000 23.000 13.000 11.000 11.000 11.000 15.000 26.000 9.000 9.000 15.000 10.000 11.000 49.000
VBdist IGHV3-45*01 57.000 57.000 25.000 23.000 29.000 26.000 23.000 19.000 23.000 31.000 39.000 27.000 16.000 30.000 23.000 26.000 31.000 23.000 23.000 72.000 20.000 29.000 42.000 26.000 29.000 28.000 35.000 23.000 0.000 34.000 25.000 29.000 23.000 30.000 30.000 27.000 20.000 26.000 35.000 32.000 19.000 24.000 23.000 23.000 18.000 18.000 29.000 22.000 29.000 19.000 19.000 25.000 33.000 19.000 54.000
VBdist IGHV3-46*01 56.000 54.000 23.000 23.000 32.000 19.000 21.000 23.000 18.000 27.000 33.000 11.000 27.000 31.000 23.000 19.000 34.000 27.000 23.000 64.000 21.000 35.000 8.000 17.000 33.000 18.000 27.000 23.000 34.000 0.000 21.000 26.000 23.000 20.000 22.000 22.000 23.000 13.000 29.000 27.000 19.000 25.000 23.000 26.000 19.000 23.000 22.000 23.000 29.000 19.000 19.000 22.000 30.000 21.000 58.000
VBdist IGHV3-47*01 52.000 50.000 16.000 18.000 32.000 17.000 18.000 17.000 18.000 22.000 34.000 14.000 23.000 28.000 18.000 17.000 29.000 21.000 21.000 66.000 18.000 36.000 29.000 18.000 28.000 11.000 22.000 21.000 25.000 21.000 0.000 24.000 21.000 22.000 25.000 22.000 19.000 18.000 30.000 16.000 14.000 18.000 18.000 22.000 13.000 17.000 20.000 18.000 32.000 14.000 14.000 17.000 31.000 18.000 52.000
VBdist IGHV3-47-1*01 52.000 49.000 24.000 26.000 26.000 9.000 22.000 19.000 20.000 26.000 25.000 19.000 25.000 27.000 18.000 9.000 31.000 23.000 15.000 64.000 22.000 36.000 31.000 19.000 30.000 23.000 30.000 15.000 29.000 26.000 24.000 0.000 19.000 26.000 24.000 24.000 24.000 22.000 24.000 27.000 16.000 21.000 26.000 24.000 18.000 22.000 4.000 23.000 26.000 16.000 16.000 19.000 25.000 22.000 56.000
VBdist IGHV3-5*01 47.000 46.000 12.000 23.000 26.000 10.000 15.000 4.000 13.000 23.000 20.000 16.000 14.000 11.000 15.000 10.000 24.000 8.000 4.000 64.000 7.000 27.000 31.000 15.000 23.000 20.000 27.000 4.000 23.000 23.000 21.000 19.000 0.000 22.000 17.000 17.000 13.000 18.000 16.000 23.000 9.000 6.000 23.000 13.000 11.000 11.000 15.000 15.000 26.000 9.000 9.000 15.000 14.000 11.000 49.000
VBdist IGHV3-50*01 53.000 51.000 14.000 24.000 34.000 19.000 7.000 22.000 11.000 16.000 36.000 20.000 23.000 29.000 20.000 19.000 26.000 26.000 22.000 64.000 15.000 38.000 28.000 12.000 25.000 17.000 20.000 22.000 30.000 20.000 22.000 26.000 22.000 0.000 26.000 15.000 18.000 7.000 32.000 27.000 15.000 24.000 24.000 19.000 15.000 19.000 22.000 24.000 32.000 15.000 15.000 15.000 28.000 15.000 54.000
VBdist IGHV3-52*01 42.000 41.000 24.000 23.000 30.000 15.000 19.000 19.000 15.000 23.000 33.000 15.000 20.000 24.000 21.000 15.000 27.000 20.000 17.000 67.000 19.000 34.000 27.000 18.000 29.000 21.000 28.000 17.000 30.000 22.000 25.000 24.000 17.000 26.000 0.000 19.000 21.000 22.000 29.000 26.000 11.000 21.000 23.000 19.000 15.000 19.000 20.000 22.000 30.000 11.000 11.000 11.000 27.000 19.000 54.000
VBdist IGHV3-54*01 53.000 51.000 21.000 24.000 34.000 15.000 16.000 19.000 4.000 24.000 33.000 20.000 16.000 27.000 18.000 15.000 27.000 23.000 17.000 64.000 16.000 35.000 30.000 19.000 26.000 21.000 28.000 17.000 27.000 22.000 22.000 24.000 17.000 15.000 19.000 0.000 15.000 14.000 29.000 26.000 8.000 21.000 24.000 15.000 12.000 16.000 20.000 23.000 34.000 8.000 8.000 14.000 27.000 16.000 47.000
VBdist IGHV3-58*01 51.000 51.000 15.000 22.000 24.000 17.000 14.000 12.000 11.000 22.000 29.000 18.000 12.000 21.000 10.000 17.000 21.000 16.000 13.000 64.000 10.000 25.000 31.000 17.000 20.000 19.000 26.000 13.000 20.000 23.000 19.000 24.000 13.000 18.000 21.000 15.000 0.000 15.000 25.000 20.000 10.000 11.000 22.000 11.000 6.000 2.000 20.000 12.000 24.000 10.000 10.000 16.000 23.000 6.000 52.000
VBdist IGHV3-6*01 53.000 51.000 10.000 20.000 30.000 15.000 11.000 18.000 10.000 20.000 32.000 16.000 19.000 25.000 16.000 15.000 26.000 22.000 18.000 64.000 11.000 34.000 21.000 8.000 25.000 13.000 24.000 18.000 26.000 13.000 18.000 22.000 18.000 7.000 22.000 14.000 15.000 0.000 28.000 23.000 11.000 20.000 20.000 18.000 11.000 15.000 18.000 20.000 28.000 11.000 11.000 11.000 28.000 11.000 54.000
VBdist IGHV3-60*01 53.000 51.000 22.000 32.000 35.000 19.000 27.000 16.000 25.000 32.000 4.000 25.000 26.000 23.000 20.000 19.000 33.000 20.000 12.000 64.000 19.000 31.000 37.000 25.000 32.000 29.000 28.000 12.000 35.000 29.000 30.000 24.000 16.000 32.000 29.000 29.000 25.000 28.000 0.000 25.000 21.000 18.000 32.000 25.000 23.000 23.000 20.000 25.000 35.000 21.000 21.000 25.000 18.000 23.000 57.000
VBdist IGHV3-61*01 53.000 50.000 25.000 27.000 34.000 20.000 22.000 22.000 22.000 27.000 29.000 20.000 27.000 31.000 23.000 20.000 34.000 26.000 23.000 64.000 22.000 34.000 35.000 20.000 33.000 24.000 27.000 23.000 32.000 27.000 16.000 27.000 23.000 27.000 26.000 26.000 20.000 23.000 25.000 0.000 18.000 21.000 27.000 26.000 14.000 18.000 23.000 23.000 34.000 18.000 18.000 22.000 33.000 22.000 51.000
VBdist IGHV3-67*01 45.000 43.000 13.000 16.000 26.000 7.000 8.000 11.000 4.000 16.000 25.000 12.000 9.000 19.000 10.000 7.000 19.000 15.000 9.000 64.000 8.000 27.000 27.000 11.000 18.000 13.000 20.000 9.000 19.000 19.000 14.000 16.000 9.000 15.000 11.000 8.000 10.000 11.000 21.000 18.000 0.000 13.000 16.000 8.000 4.000 8.000 12.000 15.000 26.000 0.000 0.000 6.000 19.000 8.000 46.000
VBdist IGHV3-69*01 49.000 48.000 10.000 25.000 28.000 14.000 17.000 5.000 17.000 25.000 22.000 18.000 18.000 14.000 17.000 14.000 28.000 9.000 6.000 66.000 9.000 29.000 33.000 17.000 27.000 18.000 29.000 6.000 24.000 25.000 18.000 21.000 6.000 24.000 21.000 21.000 11.000 20.000 18.000 21.000 13.000 0.000 25.000 17.000 9.000 9.000 17.000 16.000 28.000 13.000 13.000 19.000 16.000 13.000 53.000
VBdist IGHV3-7*01 53.000 51.000 22.000 0.000 26.000 19.000 20.000 23.000 20.000 20.000 36.000 12.000 17.000 27.000 20.000 19.000 24.000 23.000 23.000 72.000 20.000 31.000 27.000 20.000 26.000 17.000 16.000 23.000 23.000 23.000 18.000 26.000 23.000 24.000 23.000 24.000 22.000 20.000 32.000 27.000 16.000 25.000 0.000 24.000 16.000 20.000 22.000 24.000 26.000 16.000 16.000 15.000 33.000 20.000 54.000
VBdist IGHV3-70*01 46.000 46.000 17.000 24.000 26.000 15.000 13.000 15.000 11.000 21.000 29.000 20.000 7.000 23.000 10.000 15.000 16.000 19.000 13.000 64.000 12.000 27.000 34.000 19.000 15.000 21.000 25.000 13.000 23.000 26.000 22.000 24.000 13.000 19.000 19.000 15.000 11.000 18.000 25.000 26.000 8.000 17.000 24.000 0.000 12.000 8.000 20.000 15.000 26.000 8.000 8.000 14.000 20.000 8.000 47.000
VBdist IGHV3-72*01 49.000 47.000 13.000 16.000 26.000 11.000 8.000 10.000 8.000 16.000 27.000 12.000 13.000 19.000 12.000 11.000 23.000 14.000 11.000 64.000 8.000 27.000 27.000 11.000 22.000 13.000 20.000 11.000 18.000 19.000 13.000 18.000 11.000 15.000 15.000 12.000 6.000 11.000 23.000 14.000 4.000 9.000 16.000 12.000 0.000 4.000 14.000 14.000 26.000 4.000 4.000 10.000 21.000 8.000 50.000
VBdist IGHV3-75*01 49.000 49.000 13.000 20.000 22.000 15.000 12.000 10.000 12.000 20.000 27.000 16.000 9.000 19.000 8.000 15.000 19.000 14.000 11.000 64.000 8.000 23.000 31.000 15.000 18.000 17.000 24.000 11.000 18.000 23.000 17.000 22.000 11.000 19.000 19.000 16.000 2.000 15.000 23.000 18.000 8.000 9.000 20.000 8.000 4.000 0.000 18.000 10.000 22.000 8.000 8.000 14.000 21.000 4.000 50.000
VBdist IGHV3-76*01 48.000 45.000 20.000 22.000 22.000 5.000 18.000 15.000 16.000 22.000 21.000 15.000 21.000 23.000 14.000 5.000 27.000 19.000 11.000 64.000 18.000 32.000 27.000 15.000 26.000 19.000 26.000 11.000 29.000 22.000 20.000 4.000 15.000 22.000 20.000 20.000 20.000 18.000 20.000 23.000 12.000 17.000 22.000 20.000 14.000 18.000 0.000 19.000 22.000 12.000 12.000 15.000 21.000 18.000 52.000
VBdist IGHV3-78*01 49.000 49.000 18.000 24.000 18.000 16.000 19.000 11.000 19.000 24.000 29.000 16.000 16.000 22.000 12.000 16.000 23.000 15.000 15.000 64.000 15.000 21.000 31.000 14.000 22.000 21.000 28.000 15.000 22.000 23.000 18.000 23.000 15.000 24.000 22.000 23.000 12.000 20.000 25.000 23.000 15.000 16.000 24.000 15.000 14.000 10.000 19.000 0.000 18.000 15.000 15.000 19.000 25.000 11.000 51.000
VBdist IGHV3-8*01 53.000 51.000 26.000 26.000 3.000 25.000 28.000 26.000 30.000 31.000 36.000 26.000 19.000 34.000 22.000 25.000 28.000 30.000 26.000 68.000 24.000 23.000 34.000 22.000 26.000 23.000 38.000 26.000 29.000 29.000 32.000 26.000 26.000 32.000 30.000 34.000 24.000 28.000 35.000 34.000 26.000 28.000 26.000 26.000 26.000 22.000 22.000 18.000 0.000 26.000 26.000 29.000 36.000 20.000 57.000
VBdist IGHV3-80*01 45.000 43.000 13.000 16.000 26.000 7.000 8.000 11.000 4.000 16.000 25.000 12.000 9.000 19.000 10.000 7.000 19.000 15.000 9.000 64.000 8.000 27.000 27.000 11.000 18.000 13.000 20.000 9.000 19.000 19.000 14.000 16.000 9.000 15.000 11.000 8.000 10.000 11.000 21.000 18.000 0.000 13.000 16.000 8.000 4.000 8.000 12.000 15.000 26.000 0.000 0.000 6.000 19.000 8.000 46.000
VBdist IGHV3-81*01 45.000 43.000 13.000 16.000 26.000 7.000 8.000 11.000 4.000 16.000 25.000 12.000 9.000 19.000 10.000 7.000 19.000 15.000 9.000 64.000 8.000 27.000 27.000 11.000 18.000 13.000 20.000 9.000 19.000 19.000 14.000 16.000 9.000 15.000 11.000 8.000 10.000 11.000 21.000 18.000 0.000 13.000 16.000 8.000 4.000 8.000 12.000 15.000 26.000 0.000 0.000 6.000 19.000 8.000 46.000
VBdist IGHV3-82*01 42.000 40.000 13.000 15.000 29.000 10.000 14.000 17.000 10.000 19.000 29.000 15.000 15.000 22.000 13.000 10.000 18.000 18.000 15.000 67.000 14.000 33.000 27.000 11.000 20.000 16.000 20.000 15.000 25.000 22.000 17.000 19.000 15.000 15.000 11.000 14.000 16.000 11.000 25.000 22.000 6.000 19.000 15.000 14.000 10.000 14.000 15.000 19.000 29.000 6.000 6.000 0.000 25.000 14.000 49.000
VBdist IGHV3-83*01 49.000 48.000 22.000 33.000 36.000 20.000 21.000 14.000 23.000 29.000 22.000 26.000 24.000 22.000 21.000 20.000 26.000 18.000 10.000 66.000 17.000 32.000 38.000 25.000 21.000 30.000 33.000 10.000 33.000 30.000 31.000 25.000 14.000 28.000 27.000 27.000 23.000 28.000 18.000 33.000 19.000 16.000 33.000 20.000 21.000 21.000 21.000 25.000 36.000 19.000 19.000 25.000 0.000 21.000 55.000
VBdist IGHV3-9*01 49.000 49.000 9.000 20.000 22.000 15.000 8.000 11.000 12.000 20.000 27.000 16.000 9.000 18.000 8.000 15.000 19.000 15.000 11.000 64.000 4.000 23.000 29.000 11.000 18.000 13.000 24.000 11.000 19.000 21.000 18.000 22.000 11.000 15.000 19.000 16.000 6.000 11.000 23.000 22.000 8.000 13.000 20.000 8.000 8.000 4.000 18.000 11.000 20.000 8.000 8.000 14.000 21.000 0.000 50.000
VBdist IGHV4-1*01 63.000 63.000 52.000 54.000 57.000 47.000 50.000 51.000 50.000 54.000 61.000 51.000 47.000 54.000 44.000 47.000 50.000 55.000 49.000 64.000 50.000 62.000 66.000 51.000 47.000 55.000 58.000 49.000 54.000 58.000 52.000 56.000 49.000 54.000 54.000 47.000 52.000 54.000 57.000 51.000 46.000 53.000 54.000 47.000 50.000 50.000 52.000 51.000 57.000 46.000 46.000 49.000 55.000 50.000 0.000
