AAdist A 0.000 4.000 4.000 4.000 4.000 4.000 4.000 4.000 4.000 4.000 4.000 4.000 4.000 4.000 4.000 3.000 4.000 4.000 4.000 4.000
AAdist C 4.000 0.000 4.000 4.000 4.000 4.000 4.000 4.000 4.000 4.000 4.000 4.000 4.000 4.000 4.000 4.000 4.000 4.000 4.000 4.000
AAdist D 4.000 4.000 0.000 2.000 4.000 4.000 4.000 4.000 4.000 4.000 4.000 3.000 4.000 4.000 4.000 4.000 4.000 4.000 4.000 4.000
AAdist E 4.000 4.000 2.000 0.000 4.000 4.000 4.000 4.000 3.000 4.000 4.000 4.000 4.000 2.000 4.000 4.000 4.000 4.000 4.000 4.000
AAdist F 4.000 4.000 4.000 4.000 0.000 4.000 4.000 4.000 4.000 4.000 4.000 4.000 4.000 4.000 4.000 4.000 4.000 4.000 3.000 1.000
AAdist G 4.000 4.000 4.000 4.000 4.000 0.000 4.000 4.000 4.000 4.000 4.000 4.000 4.000 4.000 4.000 4.000 4.000 4.000 4.000 4.000
AAdist H 4.000 4.000 4.000 4.000 4.000 4.000 0.000 4.000 4.000 4.000 4.000 3.000 4.000 4.000 4.000 4.000 4.000 4.000 4.000 2.000
AAdist I 4.000 4.000 4.000 4.000 4.000 4.000 4.000 0.000 4.000 2.000 3.000 4.000 4.000 4.000 4.000 4.000 4.000 1.000 4.000 4.000
AAdist K 4.000 4.000 4.000 3.000 4.000 4.000 4.000 4.000 0.000 4.000 4.000 4.000 4.000 3.000 2.000 4.000 4.000 4.000 4.000 4.000
AAdist L 4.000 4.000 4.000 4.000 4.000 4.000 4.000 2.000 4.000 0.000 2.000 4.000 4.000 4.000 4.000 4.000 4.000 3.000 4.000 4.000
AAdist M 4.000 4.000 4.000 4.000 4.000 4.000 4.000 3.000 4.000 2.000 0.000 4.000 4.000 4.000 4.000 4.000 4.000 3.000 4.000 4.000
AAdist N 4.000 4.000 3.000 4.000 4.000 4.000 3.000 4.000 4.000 4.000 4.000 0.000 4.000 4.000 4.000 3.000 4.000 4.000 4.000 4.000
AAdist P 4.000 4.000 4.000 4.000 4.000 4.000 4.000 4.000 4.000 4.000 4.000 4.000 0.000 4.000 4.000 4.000 4.000 4.000 4.000 4.000
AAdist Q 4.000 4.000 4.000 2.000 4.000 4.000 4.000 4.000 3.000 4.000 4.000 4.000 4.000 0.000 3.000 4.000 4.000 4.000 4.000 4.000
AAdist R 4.000 4.000 4.000 4.000 4.000 4.000 4.000 4.000 2.000 4.000 4.000 4.000 4.000 3.000 0.000 4.000 4.000 4.000 4.000 4.000
AAdist S 3.000 4.000 4.000 4.000 4.000 4.000 4.000 4.000 4.000 4.000 4.000 3.000 4.000 4.000 4.000 0.000 3.000 4.000 4.000 4.000
AAdist T 4.000 4.000 4.000 4.000 4.000 4.000 4.000 4.000 4.000 4.000 4.000 4.000 4.000 4.000 4.000 3.000 0.000 4.000 4.000 4.000
AAdist V 4.000 4.000 4.000 4.000 4.000 4.000 4.000 1.000 4.000 3.000 3.000 4.000 4.000 4.000 4.000 4.000 4.000 0.000 4.000 4.000
AAdist W 4.000 4.000 4.000 4.000 3.000 4.000 4.000 4.000 4.000 4.000 4.000 4.000 4.000 4.000 4.000 4.000 4.000 4.000 0.000 2.000
AAdist Y 4.000 4.000 4.000 4.000 1.000 4.000 2.000 4.000 4.000 4.000 4.000 4.000 4.000 4.000 4.000 4.000 4.000 4.000 2.000 0.000
num_VA_genes 119
VAdist IGKV1-47*01 0.000 16.000 4.000 4.000 43.000 38.000 38.000 39.000 38.000 38.000 38.000 35.000 35.000 38.000 41.000 43.000 43.000 38.000 35.000 46.000 38.000 38.000 39.000 40.000 39.000 38.000 40.000 47.000 39.000 46.000 42.000 38.000 43.000 46.000 44.000 38.000 39.000 40.000 21.000 14.000 21.000 23.000 21.000 19.000 21.000 20.000 21.000 24.000 47.000 50.000 50.000 44.000 39.000 40.000 35.000 35.000 48.000 41.000 74.000 41.000 47.000 33.000 42.000 37.000 34.000 40.000 38.000 39.000 39.000 36.000 36.000 38.000 38.000 43.000 31.000 37.000 40.000 36.000 31.000 36.000 37.000 39.000 36.000 36.000 34.000 33.000 39.000 36.000 37.000 53.000 28.000 32.000 43.000 39.000 26.000 56.000 53.000 53.000 56.000 54.000 55.000 82.000 70.000 71.000 83.000 70.000 77.000 78.000 84.000 78.000 86.000 82.000 74.000 55.000 48.000 50.000 43.000 45.000 50.000
VAdist IGKV1-5*01 16.000 0.000 12.000 12.000 49.000 45.000 45.000 45.000 45.000 45.000 45.000 45.000 45.000 45.000 45.000 49.000 45.000 45.000 45.000 52.000 45.000 45.000 45.000 45.000 45.000 45.000 46.000 48.000 49.000 48.000 44.000 45.000 45.000 48.000 48.000 45.000 45.000 50.000 23.000 24.000 23.000 20.000 23.000 23.000 23.000 16.000 19.000 26.000 49.000 51.000 51.000 47.000 39.000 39.000 35.000 35.000 56.000 41.000 78.000 51.000 53.000 39.000 41.000 41.000 42.000 44.000 44.000 45.000 45.000 40.000 40.000 45.000 45.000 47.000 34.000 42.000 42.000 40.000 34.000 42.000 41.000 45.000 43.000 38.000 39.000 38.000 45.000 43.000 41.000 54.000 38.000 39.000 43.000 46.000 36.000 62.000 59.000 59.000 60.000 59.000 59.000 82.000 72.000 73.000 83.000 72.000 79.000 78.000 86.000 78.000 86.000 82.000 74.000 64.000 55.000 54.000 55.000 54.000 54.000
VAdist IGKV1-54*01 4.000 12.000 0.000 8.000 43.000 39.000 39.000 39.000 39.000 39.000 39.000 39.000 39.000 39.000 41.000 43.000 43.000 39.000 39.000 46.000 39.000 39.000 39.000 41.000 39.000 39.000 40.000 47.000 43.000 46.000 42.000 39.000 43.000 46.000 44.000 39.000 39.000 44.000 21.000 14.000 21.000 19.000 21.000 21.000 21.000 16.000 17.000 24.000 47.000 51.000 51.000 45.000 41.000 42.000 37.000 37.000 48.000 37.000 74.000 41.000 47.000 33.000 43.000 37.000 36.000 40.000 38.000 39.000 39.000 36.000 36.000 39.000 39.000 43.000 30.000 36.000 40.000 36.000 30.000 38.000 37.000 39.000 37.000 32.000 33.000 33.000 39.000 37.000 37.000 52.000 32.000 33.000 39.000 40.000 30.000 56.000 53.000 53.000 56.000 54.000 55.000 82.000 70.000 71.000 83.000 70.000 77.000 78.000 84.000 78.000 86.000 82.000 74.000 55.000 47.000 50.000 45.000 44.000 50.000
VAdist IGKV1-63*01 4.000 12.000 8.000 0.000 43.000 38.000 38.000 39.000 38.000 38.000 38.000 35.000 35.000 38.000 41.000 43.000 43.000 38.000 35.000 46.000 38.000 38.000 39.000 40.000 39.000 38.000 40.000 43.000 39.000 42.000 38.000 38.000 39.000 42.000 44.000 38.000 39.000 40.000 17.000 18.000 17.000 19.000 17.000 15.000 17.000 16.000 17.000 20.000 43.000 46.000 46.000 40.000 35.000 36.000 31.000 31.000 52.000 41.000 74.000 45.000 47.000 33.000 42.000 37.000 34.000 40.000 38.000 39.000 39.000 36.000 36.000 38.000 38.000 43.000 31.000 37.000 40.000 36.000 31.000 36.000 37.000 39.000 36.000 36.000 34.000 33.000 39.000 36.000 37.000 53.000 28.000 32.000 43.000 39.000 26.000 56.000 53.000 53.000 56.000 54.000 55.000 82.000 70.000 71.000 83.000 70.000 77.000 78.000 84.000 78.000 86.000 82.000 74.000 59.000 52.000 54.000 47.000 49.000 54.000
VAdist IGKV2-12*01 43.000 49.000 43.000 43.000 0.000 19.000 19.000 16.000 19.000 19.000 17.000 23.000 19.000 19.000 23.000 4.000 23.000 20.000 23.000 26.000 19.000 19.000 26.000 21.000 19.000 19.000 26.000 32.000 28.000 32.000 22.000 19.000 26.000 30.000 26.000 22.000 19.000 27.000 42.000 39.000 42.000 44.000 42.000 42.000 42.000 49.000 42.000 43.000 36.000 57.000 57.000 52.000 58.000 61.000 54.000 54.000 60.000 50.000 69.000 51.000 52.000 59.000 64.000 63.000 58.000 64.000 59.000 58.000 58.000 64.000 64.000 60.000 60.000 64.000 59.000 59.000 62.000 64.000 60.000 62.000 61.000 57.000 56.000 58.000 56.000 57.000 57.000 56.000 61.000 75.000 56.000 56.000 63.000 59.000 56.000 70.000 67.000 67.000 72.000 68.000 71.000 87.000 80.000 80.000 91.000 80.000 81.000 89.000 90.000 93.000 94.000 87.000 85.000 61.000 60.000 59.000 52.000 55.000 59.000
VAdist IGKV2-19*01 38.000 45.000 39.000 38.000 19.000 0.000 0.000 7.000 0.000 0.000 4.000 13.000 3.000 0.000 8.000 15.000 6.000 4.000 13.000 15.000 0.000 0.000 9.000 3.000 10.000 0.000 20.000 31.000 12.000 25.000 18.000 0.000 19.000 26.000 17.000 3.000 10.000 11.000 38.000 35.000 38.000 40.000 38.000 38.000 38.000 44.000 38.000 38.000 29.000 49.000 49.000 44.000 58.000 61.000 54.000 54.000 56.000 49.000 70.000 50.000 48.000 55.000 59.000 62.000 54.000 64.000 58.000 57.000 57.000 60.000 60.000 55.000 55.000 64.000 55.000 51.000 58.000 58.000 56.000 58.000 60.000 57.000 50.000 54.000 48.000 56.000 57.000 51.000 60.000 71.000 54.000 51.000 62.000 53.000 51.000 70.000 67.000 67.000 72.000 68.000 71.000 87.000 79.000 80.000 91.000 79.000 80.000 85.000 90.000 93.000 94.000 86.000 85.000 61.000 56.000 58.000 51.000 51.000 58.000
VAdist IGKV2-22*01 38.000 45.000 39.000 38.000 19.000 0.000 0.000 7.000 0.000 0.000 4.000 13.000 3.000 0.000 8.000 15.000 6.000 4.000 13.000 15.000 0.000 0.000 9.000 3.000 10.000 0.000 20.000 31.000 12.000 25.000 18.000 0.000 19.000 26.000 17.000 3.000 10.000 11.000 38.000 35.000 38.000 40.000 38.000 38.000 38.000 44.000 38.000 38.000 29.000 49.000 49.000 44.000 58.000 61.000 54.000 54.000 56.000 49.000 70.000 50.000 48.000 55.000 59.000 62.000 54.000 64.000 58.000 57.000 57.000 60.000 60.000 55.000 55.000 64.000 55.000 51.000 58.000 58.000 56.000 58.000 60.000 57.000 50.000 54.000 48.000 56.000 57.000 51.000 60.000 71.000 54.000 51.000 62.000 53.000 51.000 70.000 67.000 67.000 72.000 68.000 71.000 87.000 79.000 80.000 91.000 79.000 80.000 85.000 90.000 93.000 94.000 86.000 85.000 61.000 56.000 58.000 51.000 51.000 58.000
VAdist IGKV2-23*01 39.000 45.000 39.000 39.000 16.000 7.000 7.000 0.000 7.000 7.000 5.000 11.000 7.000 7.000 9.000 12.000 11.000 8.000 11.000 16.000 7.000 7.000 14.000 10.000 7.000 7.000 15.000 29.000 16.000 26.000 21.000 7.000 20.000 27.000 12.000 10.000 5.000 15.000 38.000 35.000 38.000 40.000 38.000 38.000 38.000 44.000 38.000 38.000 32.000 53.000 53.000 48.000 58.000 61.000 54.000 54.000 56.000 49.000 68.000 50.000 48.000 55.000 63.000 62.000 54.000 64.000 58.000 55.000 55.000 60.000 60.000 59.000 59.000 64.000 55.000 51.000 57.000 60.000 56.000 58.000 60.000 57.000 54.000 54.000 48.000 56.000 57.000 55.000 60.000 71.000 55.000 55.000 62.000 57.000 52.000 69.000 66.000 66.000 71.000 67.000 70.000 86.000 79.000 80.000 91.000 79.000 80.000 85.000 90.000 93.000 94.000 86.000 85.000 61.000 56.000 58.000 51.000 51.000 58.000
VAdist IGKV2-25*01 38.000 45.000 39.000 38.000 19.000 0.000 0.000 7.000 0.000 0.000 4.000 13.000 3.000 0.000 8.000 15.000 6.000 4.000 13.000 15.000 0.000 0.000 9.000 3.000 10.000 0.000 20.000 31.000 12.000 25.000 18.000 0.000 19.000 26.000 17.000 3.000 10.000 11.000 38.000 35.000 38.000 40.000 38.000 38.000 38.000 44.000 38.000 38.000 29.000 49.000 49.000 44.000 58.000 61.000 54.000 54.000 56.000 49.000 70.000 50.000 48.000 55.000 59.000 62.000 54.000 64.000 58.000 57.000 57.000 60.000 60.000 55.000 55.000 64.000 55.000 51.000 58.000 58.000 56.000 58.000 60.000 57.000 50.000 54.000 48.000 56.000 57.000 51.000 60.000 71.000 54.000 51.000 62.000 53.000 51.000 70.000 67.000 67.000 72.000 68.000 71.000 87.000 79.000 80.000 91.000 79.000 80.000 85.000 90.000 93.000 94.000 86.000 85.000 61.000 56.000 58.000 51.000 51.000 58.000
VAdist IGKV2-28*01 38.000 45.000 39.000 38.000 19.000 0.000 0.000 7.000 0.000 0.000 4.000 13.000 3.000 0.000 8.000 15.000 6.000 4.000 13.000 15.000 0.000 0.000 9.000 3.000 10.000 0.000 20.000 31.000 12.000 25.000 18.000 0.000 19.000 26.000 17.000 3.000 10.000 11.000 38.000 35.000 38.000 40.000 38.000 38.000 38.000 44.000 38.000 38.000 29.000 49.000 49.000 44.000 58.000 61.000 54.000 54.000 56.000 49.000 70.000 50.000 48.000 55.000 59.000 62.000 54.000 64.000 58.000 57.000 57.000 60.000 60.000 55.000 55.000 64.000 55.000 51.000 58.000 58.000 56.000 58.000 60.000 57.000 50.000 54.000 48.000 56.000 57.000 51.000 60.000 71.000 54.000 51.000 62.000 53.000 51.000 70.000 67.000 67.000 72.000 68.000 71.000 87.000 79.000 80.000 91.000 79.000 80.000 85.000 90.000 93.000 94.000 86.000 85.000 61.000 56.000 58.000 51.000 51.000 58.000
VAdist IGKV2-3*01 38.000 45.000 39.000 38.000 17.000 4.000 4.000 5.000 4.000 4.000 0.000 9.000 7.000 4.000 12.000 13.000 10.000 5.000 9.000 19.000 4.000 4.000 13.000 7.000 6.000 4.000 16.000 30.000 14.000 27.000 20.000 4.000 21.000 28.000 13.000 5.000 6.000 15.000 38.000 35.000 38.000 40.000 38.000 38.000 38.000 44.000 38.000 38.000 31.000 49.000 49.000 44.000 58.000 61.000 54.000 54.000 55.000 48.000 67.000 51.000 47.000 55.000 59.000 62.000 54.000 64.000 58.000 57.000 57.000 60.000 60.000 55.000 55.000 64.000 55.000 51.000 58.000 58.000 56.000 58.000 60.000 57.000 50.000 54.000 48.000 56.000 57.000 51.000 60.000 71.000 54.000 51.000 62.000 53.000 51.000 70.000 67.000 67.000 72.000 68.000 71.000 87.000 79.000 80.000 91.000 79.000 80.000 85.000 90.000 93.000 94.000 86.000 85.000 62.000 57.000 59.000 52.000 52.000 59.000
VAdist IGKV2-31*01 35.000 45.000 39.000 35.000 23.000 13.000 13.000 11.000 13.000 13.000 9.000 0.000 10.000 13.000 18.000 19.000 18.000 14.000 0.000 25.000 13.000 13.000 18.000 16.000 8.000 13.000 18.000 32.000 13.000 29.000 22.000 13.000 23.000 30.000 15.000 10.000 8.000 18.000 38.000 35.000 38.000 40.000 38.000 36.000 38.000 44.000 38.000 38.000 33.000 52.000 52.000 47.000 56.000 59.000 52.000 52.000 57.000 50.000 69.000 53.000 49.000 55.000 62.000 62.000 52.000 64.000 58.000 57.000 57.000 60.000 60.000 58.000 58.000 64.000 55.000 51.000 58.000 60.000 56.000 56.000 60.000 57.000 53.000 54.000 48.000 56.000 57.000 54.000 60.000 71.000 51.000 54.000 62.000 56.000 48.000 70.000 67.000 67.000 72.000 68.000 71.000 87.000 79.000 80.000 91.000 79.000 80.000 85.000 90.000 93.000 94.000 86.000 85.000 64.000 59.000 61.000 52.000 54.000 61.000
VAdist IGKV2-32*01 35.000 45.000 39.000 35.000 19.000 3.000 3.000 7.000 3.000 3.000 7.000 10.000 0.000 3.000 8.000 15.000 8.000 7.000 10.000 15.000 3.000 3.000 11.000 6.000 10.000 3.000 20.000 31.000 9.000 25.000 18.000 3.000 19.000 26.000 17.000 6.000 10.000 8.000 38.000 35.000 38.000 40.000 38.000 36.000 38.000 44.000 38.000 38.000 29.000 52.000 52.000 47.000 56.000 59.000 52.000 52.000 56.000 49.000 70.000 50.000 48.000 55.000 62.000 62.000 52.000 64.000 58.000 57.000 57.000 60.000 60.000 58.000 58.000 64.000 55.000 51.000 58.000 60.000 56.000 56.000 60.000 57.000 53.000 54.000 48.000 56.000 57.000 54.000 60.000 71.000 51.000 54.000 62.000 56.000 48.000 70.000 67.000 67.000 72.000 68.000 71.000 87.000 79.000 80.000 91.000 79.000 80.000 85.000 90.000 93.000 94.000 86.000 85.000 61.000 56.000 58.000 49.000 51.000 58.000
VAdist IGKV2-36*01 38.000 45.000 39.000 38.000 19.000 0.000 0.000 7.000 0.000 0.000 4.000 13.000 3.000 0.000 8.000 15.000 6.000 4.000 13.000 15.000 0.000 0.000 9.000 3.000 10.000 0.000 20.000 31.000 12.000 25.000 18.000 0.000 19.000 26.000 17.000 3.000 10.000 11.000 38.000 35.000 38.000 40.000 38.000 38.000 38.000 44.000 38.000 38.000 29.000 49.000 49.000 44.000 58.000 61.000 54.000 54.000 56.000 49.000 70.000 50.000 48.000 55.000 59.000 62.000 54.000 64.000 58.000 57.000 57.000 60.000 60.000 55.000 55.000 64.000 55.000 51.000 58.000 58.000 56.000 58.000 60.000 57.000 50.000 54.000 48.000 56.000 57.000 51.000 60.000 71.000 54.000 51.000 62.000 53.000 51.000 70.000 67.000 67.000 72.000 68.000 71.000 87.000 79.000 80.000 91.000 79.000 80.000 85.000 90.000 93.000 94.000 86.000 85.000 61.000 56.000 58.000 51.000 51.000 58.000
VAdist IGKV2-37*01 41.000 45.000 41.000 41.000 23.000 8.000 8.000 9.000 8.000 8.000 12.000 18.000 8.000 8.000 0.000 19.000 12.000 12.000 18.000 15.000 8.000 8.000 15.000 9.000 14.000 8.000 20.000 30.000 17.000 25.000 22.000 8.000 19.000 26.000 13.000 11.000 10.000 16.000 42.000 39.000 42.000 43.000 42.000 42.000 42.000 43.000 42.000 42.000 33.000 53.000 53.000 52.000 62.000 64.000 58.000 58.000 52.000 49.000 69.000 54.000 52.000 59.000 67.000 58.000 58.000 60.000 62.000 57.000 57.000 56.000 56.000 63.000 63.000 63.000 54.000 55.000 61.000 56.000 55.000 57.000 62.000 61.000 58.000 58.000 52.000 59.000 61.000 59.000 62.000 75.000 59.000 59.000 58.000 61.000 56.000 73.000 70.000 70.000 71.000 70.000 70.000 86.000 83.000 84.000 87.000 83.000 84.000 85.000 94.000 92.000 93.000 86.000 84.000 64.000 52.000 58.000 55.000 55.000 58.000
VAdist IGKV2-38*01 43.000 49.000 43.000 43.000 4.000 15.000 15.000 12.000 15.000 15.000 13.000 19.000 15.000 15.000 19.000 0.000 19.000 16.000 19.000 26.000 15.000 15.000 22.000 17.000 15.000 15.000 22.000 32.000 24.000 32.000 22.000 15.000 26.000 30.000 22.000 18.000 15.000 23.000 42.000 39.000 42.000 44.000 42.000 42.000 42.000 48.000 42.000 42.000 36.000 57.000 57.000 52.000 58.000 61.000 54.000 54.000 60.000 50.000 69.000 51.000 52.000 59.000 64.000 63.000 58.000 64.000 59.000 58.000 58.000 64.000 64.000 60.000 60.000 64.000 59.000 55.000 62.000 64.000 60.000 62.000 61.000 57.000 55.000 58.000 52.000 57.000 57.000 56.000 61.000 75.000 56.000 56.000 62.000 58.000 56.000 70.000 67.000 67.000 72.000 68.000 71.000 87.000 80.000 80.000 91.000 80.000 81.000 89.000 90.000 93.000 94.000 87.000 85.000 61.000 60.000 59.000 52.000 55.000 59.000
VAdist IGKV2-40*01 43.000 45.000 43.000 43.000 23.000 6.000 6.000 11.000 6.000 6.000 10.000 18.000 8.000 6.000 12.000 19.000 0.000 10.000 18.000 19.000 6.000 6.000 11.000 9.000 14.000 6.000 24.000 35.000 17.000 29.000 22.000 6.000 23.000 30.000 21.000 9.000 14.000 16.000 42.000 39.000 42.000 44.000 42.000 42.000 42.000 48.000 42.000 42.000 33.000 55.000 55.000 50.000 56.000 59.000 52.000 52.000 60.000 53.000 74.000 54.000 52.000 59.000 61.000 66.000 58.000 68.000 62.000 61.000 61.000 64.000 64.000 61.000 61.000 68.000 59.000 55.000 54.000 60.000 60.000 62.000 64.000 61.000 56.000 58.000 52.000 60.000 61.000 57.000 64.000 71.000 59.000 57.000 66.000 59.000 56.000 74.000 71.000 71.000 76.000 72.000 75.000 87.000 79.000 80.000 91.000 79.000 80.000 85.000 90.000 93.000 94.000 86.000 85.000 65.000 60.000 62.000 55.000 55.000 62.000
VAdist IGKV2-44*01 38.000 45.000 39.000 38.000 20.000 4.000 4.000 8.000 4.000 4.000 5.000 14.000 7.000 4.000 12.000 16.000 10.000 0.000 14.000 19.000 4.000 4.000 13.000 7.000 11.000 4.000 21.000 27.000 16.000 29.000 22.000 4.000 23.000 30.000 18.000 7.000 11.000 15.000 38.000 35.000 38.000 40.000 38.000 38.000 38.000 44.000 38.000 38.000 33.000 49.000 49.000 44.000 58.000 61.000 54.000 54.000 56.000 49.000 70.000 50.000 48.000 55.000 59.000 62.000 54.000 64.000 58.000 57.000 57.000 60.000 60.000 55.000 55.000 64.000 55.000 51.000 58.000 58.000 56.000 58.000 60.000 57.000 50.000 54.000 48.000 56.000 57.000 51.000 60.000 71.000 54.000 51.000 62.000 53.000 51.000 70.000 67.000 67.000 72.000 68.000 71.000 87.000 79.000 80.000 91.000 79.000 80.000 85.000 90.000 93.000 94.000 86.000 85.000 61.000 56.000 58.000 51.000 51.000 58.000
VAdist IGKV2-45*01 35.000 45.000 39.000 35.000 23.000 13.000 13.000 11.000 13.000 13.000 9.000 0.000 10.000 13.000 18.000 19.000 18.000 14.000 0.000 25.000 13.000 13.000 18.000 16.000 8.000 13.000 18.000 32.000 13.000 29.000 22.000 13.000 23.000 30.000 15.000 10.000 8.000 18.000 38.000 35.000 38.000 40.000 38.000 36.000 38.000 44.000 38.000 38.000 33.000 52.000 52.000 47.000 56.000 59.000 52.000 52.000 57.000 50.000 69.000 53.000 49.000 55.000 62.000 62.000 52.000 64.000 58.000 57.000 57.000 60.000 60.000 58.000 58.000 64.000 55.000 51.000 58.000 60.000 56.000 56.000 60.000 57.000 53.000 54.000 48.000 56.000 57.000 54.000 60.000 71.000 51.000 54.000 62.000 56.000 48.000 70.000 67.000 67.000 72.000 68.000 71.000 87.000 79.000 80.000 91.000 79.000 80.000 85.000 90.000 93.000 94.000 86.000 85.000 64.000 59.000 61.000 52.000 54.000 61.000
VAdist IGKV2-49*01 46.000 52.000 46.000 46.000 26.000 15.000 15.000 16.000 15.000 15.000 19.000 25.000 15.000 15.000 15.000 26.000 19.000 19.000 25.000 0.000 15.000 15.000 22.000 18.000 21.000 15.000 24.000 31.000 21.000 25.000 25.000 15.000 19.000 26.000 24.000 18.000 17.000 20.000 39.000 42.000 39.000 44.000 39.000 39.000 39.000 48.000 39.000 39.000 33.000 56.000 56.000 51.000 55.000 58.000 51.000 51.000 56.000 50.000 69.000 49.000 48.000 52.000 63.000 59.000 54.000 64.000 58.000 53.000 53.000 60.000 60.000 59.000 59.000 64.000 58.000 52.000 57.000 60.000 59.000 58.000 57.000 57.000 58.000 54.000 55.000 59.000 57.000 59.000 57.000 67.000 58.000 59.000 62.000 57.000 55.000 62.000 69.000 65.000 74.000 70.000 73.000 83.000 76.000 77.000 88.000 76.000 77.000 85.000 87.000 93.000 91.000 83.000 85.000 61.000 55.000 55.000 54.000 48.000 55.000
VAdist IGKV2-53*01 38.000 45.000 39.000 38.000 19.000 0.000 0.000 7.000 0.000 0.000 4.000 13.000 3.000 0.000 8.000 15.000 6.000 4.000 13.000 15.000 0.000 0.000 9.000 3.000 10.000 0.000 20.000 31.000 12.000 25.000 18.000 0.000 19.000 26.000 17.000 3.000 10.000 11.000 38.000 35.000 38.000 40.000 38.000 38.000 38.000 44.000 38.000 38.000 29.000 49.000 49.000 44.000 58.000 61.000 54.000 54.000 56.000 49.000 70.000 50.000 48.000 55.000 59.000 62.000 54.000 64.000 58.000 57.000 57.000 60.000 60.000 55.000 55.000 64.000 55.000 51.000 58.000 58.000 56.000 58.000 60.000 57.000 50.000 54.000 48.000 56.000 57.000 51.000 60.000 71.000 54.000 51.000 62.000 53.000 51.000 70.000 67.000 67.000 72.000 68.000 71.000 87.000 79.000 80.000 91.000 79.000 80.000 85.000 90.000 93.000 94.000 86.000 85.000 61.000 56.000 58.000 51.000 51.000 58.000
VAdist IGKV2-55*01 38.000 45.000 39.000 38.000 19.000 0.000 0.000 7.000 0.000 0.000 4.000 13.000 3.000 0.000 8.000 15.000 6.000 4.000 13.000 15.000 0.000 0.000 9.000 3.000 10.000 0.000 20.000 31.000 12.000 25.000 18.000 0.000 19.000 26.000 17.000 3.000 10.000 11.000 38.000 35.000 38.000 40.000 38.000 38.000 38.000 44.000 38.000 38.000 29.000 49.000 49.000 44.000 58.000 61.000 54.000 54.000 56.000 49.000 70.000 50.000 48.000 55.000 59.000 62.000 54.000 64.000 58.000 57.000 57.000 60.000 60.000 55.000 55.000 64.000 55.000 51.000 58.000 58.000 56.000 58.000 60.000 57.000 50.000 54.000 48.000 56.000 57.000 51.000 60.000 71.000 54.000 51.000 62.000 53.000 51.000 70.000 67.000 67.000 72.000 68.000 71.000 87.000 79.000 80.000 91.000 79.000 80.000 85.000 90.000 93.000 94.000 86.000 85.000 61.000 56.000 58.000 51.000 51.000 58.000
VAdist IGKV2-60*01 39.000 45.000 39.000 39.000 26.000 9.000 9.000 14.000 9.000 9.000 13.000 18.000 11.000 9.000 15.000 22.000 11.000 13.000 18.000 22.000 9.000 9.000 0.000 12.000 17.000 9.000 27.000 34.000 20.000 32.000 25.000 9.000 26.000 29.000 24.000 12.000 17.000 19.000 38.000 35.000 38.000 40.000 38.000 38.000 38.000 44.000 38.000 38.000 30.000 51.000 51.000 46.000 58.000 61.000 54.000 54.000 54.000 53.000 70.000 54.000 48.000 55.000 61.000 62.000 54.000 64.000 58.000 57.000 57.000 60.000 60.000 57.000 57.000 64.000 55.000 51.000 58.000 56.000 56.000 58.000 60.000 57.000 52.000 54.000 48.000 56.000 57.000 53.000 60.000 71.000 55.000 53.000 62.000 55.000 52.000 70.000 67.000 67.000 72.000 68.000 71.000 91.000 83.000 84.000 91.000 83.000 84.000 83.000 90.000 93.000 94.000 90.000 89.000 61.000 56.000 58.000 51.000 51.000 58.000
VAdist IGKV2-61*01 40.000 45.000 41.000 40.000 21.000 3.000 3.000 10.000 3.000 3.000 7.000 16.000 6.000 3.000 9.000 17.000 9.000 7.000 16.000 18.000 3.000 3.000 12.000 0.000 13.000 3.000 21.000 34.000 15.000 27.000 20.000 3.000 21.000 28.000 18.000 6.000 13.000 14.000 40.000 37.000 40.000 43.000 40.000 40.000 40.000 43.000 40.000 40.000 31.000 49.000 49.000 46.000 60.000 64.000 56.000 56.000 56.000 49.000 69.000 52.000 50.000 57.000 61.000 62.000 56.000 64.000 60.000 59.000 59.000 60.000 60.000 57.000 57.000 63.000 54.000 53.000 60.000 58.000 55.000 58.000 58.000 59.000 52.000 56.000 50.000 59.000 59.000 53.000 58.000 73.000 56.000 53.000 62.000 55.000 53.000 72.000 69.000 69.000 72.000 71.000 71.000 87.000 81.000 82.000 91.000 81.000 82.000 86.000 92.000 92.000 93.000 86.000 84.000 64.000 56.000 58.000 53.000 53.000 58.000
VAdist IGKV2-69*01 39.000 45.000 39.000 39.000 19.000 10.000 10.000 7.000 10.000 10.000 6.000 8.000 10.000 10.000 14.000 15.000 14.000 11.000 8.000 21.000 10.000 10.000 17.000 13.000 0.000 10.000 14.000 28.000 13.000 25.000 18.000 10.000 19.000 26.000 11.000 7.000 4.000 18.000 38.000 35.000 38.000 40.000 38.000 38.000 38.000 44.000 38.000 34.000 29.000 53.000 53.000 48.000 58.000 61.000 54.000 54.000 53.000 50.000 65.000 49.000 45.000 51.000 63.000 62.000 54.000 64.000 58.000 57.000 57.000 56.000 56.000 59.000 59.000 64.000 55.000 51.000 58.000 60.000 56.000 58.000 60.000 53.000 54.000 54.000 48.000 56.000 53.000 55.000 60.000 71.000 55.000 55.000 62.000 57.000 52.000 70.000 67.000 67.000 72.000 68.000 71.000 87.000 79.000 80.000 91.000 79.000 80.000 85.000 90.000 93.000 94.000 86.000 85.000 64.000 59.000 61.000 54.000 54.000 61.000
VAdist IGKV2-7*01 38.000 45.000 39.000 38.000 19.000 0.000 0.000 7.000 0.000 0.000 4.000 13.000 3.000 0.000 8.000 15.000 6.000 4.000 13.000 15.000 0.000 0.000 9.000 3.000 10.000 0.000 20.000 31.000 12.000 25.000 18.000 0.000 19.000 26.000 17.000 3.000 10.000 11.000 38.000 35.000 38.000 40.000 38.000 38.000 38.000 44.000 38.000 38.000 29.000 49.000 49.000 44.000 58.000 61.000 54.000 54.000 56.000 49.000 70.000 50.000 48.000 55.000 59.000 62.000 54.000 64.000 58.000 57.000 57.000 60.000 60.000 55.000 55.000 64.000 55.000 51.000 58.000 58.000 56.000 58.000 60.000 57.000 50.000 54.000 48.000 56.000 57.000 51.000 60.000 71.000 54.000 51.000 62.000 53.000 51.000 70.000 67.000 67.000 72.000 68.000 71.000 87.000 79.000 80.000 91.000 79.000 80.000 85.000 90.000 93.000 94.000 86.000 85.000 61.000 56.000 58.000 51.000 51.000 58.000
VAdist IGKV2-70*01 40.000 46.000 40.000 40.000 26.000 20.000 20.000 15.000 20.000 20.000 16.000 18.000 20.000 20.000 20.000 22.000 24.000 21.000 18.000 24.000 20.000 20.000 27.000 21.000 14.000 20.000 0.000 27.000 15.000 24.000 25.000 20.000 18.000 25.000 17.000 17.000 10.000 17.000 42.000 42.000 42.000 43.000 42.000 42.000 42.000 41.000 42.000 42.000 28.000 53.000 53.000 45.000 62.000 63.000 58.000 58.000 58.000 48.000 70.000 50.000 52.000 56.000 59.000 63.000 54.000 64.000 54.000 53.000 53.000 58.000 58.000 55.000 55.000 64.000 59.000 52.000 57.000 58.000 60.000 58.000 61.000 57.000 54.000 54.000 52.000 60.000 57.000 51.000 61.000 71.000 59.000 51.000 62.000 53.000 56.000 70.000 70.000 70.000 75.000 71.000 74.000 86.000 79.000 80.000 92.000 79.000 80.000 87.000 91.000 92.000 95.000 87.000 84.000 64.000 59.000 62.000 58.000 55.000 62.000
VAdist IGKV2-74*01 47.000 48.000 47.000 43.000 32.000 31.000 31.000 29.000 31.000 31.000 30.000 32.000 31.000 31.000 30.000 32.000 35.000 27.000 32.000 31.000 31.000 31.000 34.000 34.000 28.000 31.000 27.000 0.000 30.000 22.000 17.000 31.000 16.000 5.000 30.000 28.000 24.000 35.000 35.000 39.000 35.000 30.000 35.000 35.000 35.000 39.000 35.000 39.000 25.000 51.000 51.000 47.000 55.000 53.000 51.000 51.000 60.000 52.000 72.000 55.000 48.000 60.000 65.000 63.000 54.000 64.000 60.000 51.000 51.000 63.000 63.000 61.000 61.000 64.000 62.000 60.000 56.000 63.000 62.000 61.000 63.000 54.000 52.000 53.000 60.000 59.000 54.000 53.000 63.000 75.000 60.000 53.000 58.000 55.000 60.000 71.000 71.000 71.000 75.000 70.000 74.000 91.000 82.000 86.000 92.000 82.000 87.000 89.000 92.000 93.000 91.000 88.000 89.000 62.000 62.000 63.000 56.000 55.000 59.000
VAdist IGKV2-75*01 39.000 49.000 43.000 39.000 28.000 12.000 12.000 16.000 12.000 12.000 14.000 13.000 9.000 12.000 17.000 24.000 17.000 16.000 13.000 21.000 12.000 12.000 20.000 15.000 13.000 12.000 15.000 30.000 0.000 23.000 21.000 12.000 18.000 25.000 20.000 9.000 13.000 9.000 39.000 39.000 39.000 40.000 39.000 37.000 39.000 44.000 39.000 39.000 20.000 52.000 52.000 47.000 57.000 60.000 53.000 53.000 57.000 51.000 71.000 53.000 49.000 56.000 58.000 63.000 52.000 64.000 54.000 57.000 57.000 58.000 58.000 54.000 54.000 64.000 59.000 52.000 58.000 58.000 60.000 56.000 61.000 57.000 53.000 54.000 52.000 60.000 57.000 50.000 61.000 71.000 55.000 50.000 62.000 52.000 52.000 71.000 71.000 71.000 76.000 72.000 75.000 88.000 80.000 81.000 92.000 80.000 81.000 85.000 88.000 93.000 95.000 87.000 85.000 64.000 59.000 62.000 56.000 55.000 62.000
VAdist IGKV2-77*01 46.000 48.000 46.000 42.000 32.000 25.000 25.000 26.000 25.000 25.000 27.000 29.000 25.000 25.000 25.000 32.000 29.000 29.000 29.000 25.000 25.000 25.000 32.000 27.000 25.000 25.000 24.000 22.000 23.000 0.000 17.000 25.000 6.000 17.000 24.000 22.000 21.000 29.000 34.000 38.000 34.000 35.000 34.000 34.000 34.000 43.000 34.000 38.000 23.000 50.000 50.000 45.000 55.000 55.000 51.000 51.000 57.000 51.000 70.000 53.000 44.000 56.000 63.000 62.000 55.000 64.000 58.000 54.000 54.000 60.000 60.000 59.000 59.000 64.000 56.000 56.000 57.000 60.000 59.000 59.000 60.000 58.000 54.000 54.000 56.000 59.000 58.000 55.000 60.000 71.000 58.000 55.000 59.000 57.000 56.000 69.000 69.000 69.000 75.000 70.000 73.000 87.000 79.000 80.000 92.000 79.000 81.000 88.000 91.000 92.000 95.000 87.000 84.000 62.000 58.000 61.000 53.000 50.000 58.000
VAdist IGKV2-79*01 42.000 44.000 42.000 38.000 22.000 18.000 18.000 21.000 18.000 18.000 20.000 22.000 18.000 18.000 22.000 22.000 22.000 22.000 22.000 25.000 18.000 18.000 25.000 20.000 18.000 18.000 25.000 17.000 21.000 17.000 0.000 18.000 11.000 12.000 25.000 15.000 18.000 26.000 30.000 31.000 30.000 35.000 30.000 33.000 30.000 43.000 33.000 37.000 20.000 51.000 51.000 46.000 53.000 53.000 49.000 49.000 60.000 47.000 72.000 50.000 47.000 58.000 64.000 59.000 57.000 64.000 59.000 58.000 58.000 63.000 63.000 60.000 60.000 64.000 58.000 58.000 60.000 63.000 58.000 61.000 60.000 57.000 51.000 56.000 55.000 56.000 57.000 52.000 60.000 74.000 55.000 52.000 62.000 54.000 55.000 70.000 67.000 67.000 72.000 68.000 71.000 87.000 73.000 77.000 87.000 73.000 81.000 86.000 87.000 90.000 90.000 80.000 82.000 63.000 62.000 62.000 51.000 53.000 58.000
VAdist IGKV2-8*01 38.000 45.000 39.000 38.000 19.000 0.000 0.000 7.000 0.000 0.000 4.000 13.000 3.000 0.000 8.000 15.000 6.000 4.000 13.000 15.000 0.000 0.000 9.000 3.000 10.000 0.000 20.000 31.000 12.000 25.000 18.000 0.000 19.000 26.000 17.000 3.000 10.000 11.000 38.000 35.000 38.000 40.000 38.000 38.000 38.000 44.000 38.000 38.000 29.000 49.000 49.000 44.000 58.000 61.000 54.000 54.000 56.000 49.000 70.000 50.000 48.000 55.000 59.000 62.000 54.000 64.000 58.000 57.000 57.000 60.000 60.000 55.000 55.000 64.000 55.000 51.000 58.000 58.000 56.000 58.000 60.000 57.000 50.000 54.000 48.000 56.000 57.000 51.000 60.000 71.000 54.000 51.000 62.000 53.000 51.000 70.000 67.000 67.000 72.000 68.000 71.000 87.000 79.000 80.000 91.000 79.000 80.000 85.000 90.000 93.000 94.000 86.000 85.000 61.000 56.000 58.000 51.000 51.000 58.000
VAdist IGKV2-80*01 43.000 45.000 43.000 39.000 26.000 19.000 19.000 20.000 19.000 19.000 21.000 23.000 19.000 19.000 19.000 26.000 23.000 23.000 23.000 19.000 19.000 19.000 26.000 21.000 19.000 19.000 18.000 16.000 18.000 6.000 11.000 19.000 0.000 11.000 22.000 16.000 15.000 23.000 31.000 35.000 31.000 32.000 31.000 31.000 31.000 40.000 31.000 35.000 18.000 48.000 48.000 43.000 54.000 54.000 50.000 50.000 57.000 51.000 71.000 53.000 44.000 56.000 63.000 62.000 54.000 64.000 58.000 53.000 53.000 60.000 60.000 59.000 59.000 64.000 59.000 56.000 56.000 60.000 59.000 58.000 60.000 57.000 54.000 53.000 56.000 59.000 57.000 55.000 60.000 71.000 58.000 55.000 62.000 57.000 56.000 70.000 70.000 70.000 75.000 71.000 74.000 87.000 80.000 81.000 92.000 80.000 81.000 88.000 91.000 93.000 95.000 87.000 85.000 63.000 59.000 62.000 54.000 51.000 58.000
VAdist IGKV2-82*01 46.000 48.000 46.000 42.000 30.000 26.000 26.000 27.000 26.000 26.000 28.000 30.000 26.000 26.000 26.000 30.000 30.000 30.000 30.000 26.000 26.000 26.000 29.000 28.000 26.000 26.000 25.000 5.000 25.000 17.000 12.000 26.000 11.000 0.000 29.000 23.000 22.000 30.000 34.000 38.000 34.000 31.000 34.000 34.000 34.000 39.000 34.000 38.000 20.000 51.000 51.000 46.000 54.000 54.000 50.000 50.000 60.000 52.000 72.000 54.000 47.000 59.000 64.000 63.000 53.000 64.000 59.000 50.000 50.000 63.000 63.000 60.000 60.000 64.000 62.000 59.000 55.000 63.000 62.000 61.000 61.000 53.000 51.000 52.000 59.000 60.000 53.000 52.000 61.000 74.000 59.000 52.000 58.000 54.000 59.000 70.000 70.000 70.000 75.000 71.000 74.000 91.000 81.000 85.000 92.000 81.000 86.000 89.000 91.000 93.000 91.000 88.000 89.000 63.000 62.000 63.000 55.000 54.000 59.000
VAdist IGKV2-83*01 44.000 48.000 44.000 44.000 26.000 17.000 17.000 12.000 17.000 17.000 13.000 15.000 17.000 17.000 13.000 22.000 21.000 18.000 15.000 24.000 17.000 17.000 24.000 18.000 11.000 17.000 17.000 30.000 20.000 24.000 25.000 17.000 22.000 29.000 0.000 14.000 7.000 25.000 45.000 42.000 45.000 46.000 45.000 45.000 45.000 47.000 45.000 45.000 36.000 52.000 52.000 55.000 64.000 66.000 60.000 60.000 57.000 50.000 69.000 57.000 53.000 59.000 67.000 62.000 60.000 64.000 62.000 59.000 59.000 60.000 60.000 63.000 63.000 64.000 54.000 55.000 63.000 60.000 56.000 60.000 62.000 63.000 58.000 60.000 52.000 59.000 63.000 59.000 62.000 75.000 59.000 59.000 61.000 61.000 56.000 70.000 67.000 67.000 71.000 67.000 67.000 86.000 80.000 81.000 91.000 80.000 84.000 85.000 94.000 90.000 94.000 86.000 82.000 67.000 59.000 61.000 58.000 58.000 61.000
VAdist IGKV2-84*01 38.000 45.000 39.000 38.000 22.000 3.000 3.000 10.000 3.000 3.000 5.000 10.000 6.000 3.000 11.000 18.000 9.000 7.000 10.000 18.000 3.000 3.000 12.000 6.000 7.000 3.000 17.000 28.000 9.000 22.000 15.000 3.000 16.000 23.000 14.000 0.000 7.000 14.000 38.000 35.000 38.000 40.000 38.000 38.000 38.000 44.000 38.000 38.000 26.000 49.000 49.000 44.000 58.000 61.000 54.000 54.000 57.000 50.000 71.000 53.000 49.000 55.000 59.000 62.000 54.000 64.000 58.000 57.000 57.000 60.000 60.000 55.000 55.000 64.000 55.000 51.000 58.000 58.000 56.000 58.000 60.000 57.000 50.000 54.000 48.000 56.000 57.000 51.000 60.000 71.000 54.000 51.000 62.000 53.000 51.000 70.000 67.000 67.000 72.000 68.000 71.000 87.000 79.000 80.000 91.000 79.000 80.000 85.000 90.000 93.000 94.000 86.000 85.000 64.000 59.000 61.000 54.000 54.000 61.000
VAdist IGKV2-85*01 39.000 45.000 39.000 39.000 19.000 10.000 10.000 5.000 10.000 10.000 6.000 8.000 10.000 10.000 10.000 15.000 14.000 11.000 8.000 17.000 10.000 10.000 17.000 13.000 4.000 10.000 10.000 24.000 13.000 21.000 18.000 10.000 15.000 22.000 7.000 7.000 0.000 18.000 38.000 35.000 38.000 40.000 38.000 38.000 38.000 44.000 38.000 38.000 29.000 53.000 53.000 48.000 58.000 61.000 54.000 54.000 57.000 50.000 69.000 53.000 49.000 55.000 63.000 62.000 54.000 64.000 58.000 53.000 53.000 60.000 60.000 59.000 59.000 64.000 55.000 51.000 57.000 60.000 56.000 58.000 60.000 57.000 54.000 54.000 48.000 56.000 57.000 55.000 60.000 71.000 55.000 55.000 62.000 57.000 52.000 69.000 66.000 66.000 71.000 67.000 70.000 86.000 79.000 80.000 91.000 79.000 80.000 85.000 90.000 93.000 94.000 86.000 85.000 64.000 59.000 61.000 54.000 54.000 61.000
VAdist IGKV2-9*01 40.000 50.000 44.000 40.000 27.000 11.000 11.000 15.000 11.000 11.000 15.000 18.000 8.000 11.000 16.000 23.000 16.000 15.000 18.000 20.000 11.000 11.000 19.000 14.000 18.000 11.000 17.000 35.000 9.000 29.000 26.000 11.000 23.000 30.000 25.000 14.000 18.000 0.000 43.000 43.000 43.000 44.000 43.000 41.000 43.000 45.000 43.000 43.000 29.000 50.000 52.000 48.000 61.000 61.000 57.000 57.000 57.000 51.000 71.000 51.000 52.000 56.000 58.000 63.000 52.000 64.000 54.000 57.000 57.000 58.000 58.000 54.000 54.000 64.000 59.000 52.000 58.000 58.000 60.000 56.000 61.000 57.000 53.000 54.000 52.000 60.000 57.000 50.000 61.000 71.000 55.000 50.000 62.000 52.000 52.000 71.000 71.000 71.000 76.000 72.000 75.000 88.000 80.000 81.000 92.000 80.000 81.000 85.000 91.000 93.000 95.000 87.000 85.000 61.000 56.000 59.000 53.000 52.000 59.000
VAdist IGKV3-1*01 21.000 23.000 21.000 17.000 42.000 38.000 38.000 38.000 38.000 38.000 38.000 38.000 38.000 38.000 42.000 42.000 42.000 38.000 38.000 39.000 38.000 38.000 38.000 40.000 38.000 38.000 42.000 35.000 39.000 34.000 30.000 38.000 31.000 34.000 45.000 38.000 38.000 43.000 0.000 7.000 0.000 9.000 0.000 4.000 0.000 19.000 4.000 11.000 33.000 44.000 44.000 39.000 27.000 29.000 23.000 23.000 51.000 45.000 72.000 45.000 38.000 32.000 43.000 34.000 34.000 44.000 38.000 37.000 37.000 40.000 40.000 39.000 39.000 44.000 38.000 32.000 37.000 40.000 38.000 38.000 34.000 37.000 34.000 33.000 35.000 38.000 37.000 35.000 36.000 51.000 37.000 35.000 42.000 37.000 35.000 51.000 54.000 54.000 59.000 55.000 58.000 80.000 67.000 68.000 77.000 67.000 71.000 76.000 75.000 80.000 80.000 75.000 76.000 56.000 51.000 49.000 46.000 40.000 47.000
VAdist IGKV3-15*01 14.000 24.000 14.000 18.000 39.000 35.000 35.000 35.000 35.000 35.000 35.000 35.000 35.000 35.000 39.000 39.000 39.000 35.000 35.000 42.000 35.000 35.000 35.000 37.000 35.000 35.000 42.000 39.000 39.000 38.000 31.000 35.000 35.000 38.000 42.000 35.000 35.000 43.000 7.000 0.000 7.000 13.000 7.000 11.000 7.000 23.000 11.000 18.000 37.000 49.000 49.000 44.000 34.000 36.000 30.000 30.000 47.000 44.000 73.000 42.000 38.000 35.000 43.000 37.000 34.000 44.000 38.000 37.000 37.000 40.000 40.000 39.000 39.000 44.000 35.000 35.000 37.000 40.000 35.000 38.000 37.000 37.000 34.000 33.000 32.000 35.000 37.000 35.000 39.000 51.000 34.000 35.000 42.000 37.000 32.000 54.000 51.000 51.000 56.000 52.000 55.000 83.000 70.000 71.000 80.000 70.000 74.000 76.000 78.000 80.000 83.000 78.000 76.000 52.000 48.000 48.000 39.000 39.000 46.000
VAdist IGKV3-17*01 21.000 23.000 21.000 17.000 42.000 38.000 38.000 38.000 38.000 38.000 38.000 38.000 38.000 38.000 42.000 42.000 42.000 38.000 38.000 39.000 38.000 38.000 38.000 40.000 38.000 38.000 42.000 35.000 39.000 34.000 30.000 38.000 31.000 34.000 45.000 38.000 38.000 43.000 0.000 7.000 0.000 9.000 0.000 4.000 0.000 19.000 4.000 11.000 33.000 44.000 44.000 39.000 27.000 29.000 23.000 23.000 51.000 45.000 72.000 45.000 38.000 32.000 43.000 34.000 34.000 44.000 38.000 37.000 37.000 40.000 40.000 39.000 39.000 44.000 38.000 32.000 37.000 40.000 38.000 38.000 34.000 37.000 34.000 33.000 35.000 38.000 37.000 35.000 36.000 51.000 37.000 35.000 42.000 37.000 35.000 51.000 54.000 54.000 59.000 55.000 58.000 80.000 67.000 68.000 77.000 67.000 71.000 76.000 75.000 80.000 80.000 75.000 76.000 56.000 51.000 49.000 46.000 40.000 47.000
VAdist IGKV3-21*01 23.000 20.000 19.000 19.000 44.000 40.000 40.000 40.000 40.000 40.000 40.000 40.000 40.000 40.000 43.000 44.000 44.000 40.000 40.000 44.000 40.000 40.000 40.000 43.000 40.000 40.000 43.000 30.000 40.000 35.000 35.000 40.000 32.000 31.000 46.000 40.000 40.000 44.000 9.000 13.000 9.000 0.000 9.000 9.000 9.000 11.000 5.000 16.000 36.000 45.000 45.000 41.000 32.000 32.000 28.000 28.000 51.000 41.000 73.000 47.000 39.000 37.000 44.000 42.000 31.000 44.000 39.000 34.000 34.000 40.000 40.000 40.000 40.000 44.000 38.000 36.000 34.000 40.000 38.000 38.000 42.000 34.000 35.000 26.000 36.000 38.000 34.000 36.000 42.000 51.000 39.000 36.000 34.000 38.000 37.000 56.000 56.000 56.000 60.000 55.000 59.000 84.000 76.000 77.000 84.000 76.000 78.000 80.000 84.000 84.000 87.000 83.000 80.000 55.000 51.000 55.000 48.000 44.000 51.000
VAdist IGKV3-26*01 21.000 23.000 21.000 17.000 42.000 38.000 38.000 38.000 38.000 38.000 38.000 38.000 38.000 38.000 42.000 42.000 42.000 38.000 38.000 39.000 38.000 38.000 38.000 40.000 38.000 38.000 42.000 35.000 39.000 34.000 30.000 38.000 31.000 34.000 45.000 38.000 38.000 43.000 0.000 7.000 0.000 9.000 0.000 4.000 0.000 19.000 4.000 11.000 33.000 44.000 44.000 39.000 27.000 29.000 23.000 23.000 51.000 45.000 72.000 45.000 38.000 32.000 43.000 34.000 34.000 44.000 38.000 37.000 37.000 40.000 40.000 39.000 39.000 44.000 38.000 32.000 37.000 40.000 38.000 38.000 34.000 37.000 34.000 33.000 35.000 38.000 37.000 35.000 36.000 51.000 37.000 35.000 42.000 37.000 35.000 51.000 54.000 54.000 59.000 55.000 58.000 80.000 67.000 68.000 77.000 67.000 71.000 76.000 75.000 80.000 80.000 75.000 76.000 56.000 51.000 49.000 46.000 40.000 47.000
VAdist IGKV3-34*01 19.000 23.000 21.000 15.000 42.000 38.000 38.000 38.000 38.000 38.000 38.000 36.000 36.000 38.000 42.000 42.000 42.000 38.000 36.000 39.000 38.000 38.000 38.000 40.000 38.000 38.000 42.000 35.000 37.000 34.000 33.000 38.000 31.000 34.000 45.000 38.000 38.000 41.000 4.000 11.000 4.000 9.000 4.000 0.000 4.000 19.000 4.000 11.000 35.000 44.000 44.000 39.000 23.000 25.000 19.000 19.000 51.000 45.000 72.000 45.000 38.000 32.000 43.000 38.000 30.000 43.000 38.000 37.000 37.000 40.000 40.000 39.000 39.000 44.000 38.000 32.000 37.000 40.000 38.000 34.000 36.000 37.000 34.000 33.000 35.000 37.000 37.000 35.000 35.000 51.000 35.000 35.000 42.000 37.000 33.000 51.000 54.000 54.000 59.000 55.000 58.000 80.000 71.000 72.000 80.000 71.000 73.000 80.000 79.000 84.000 83.000 79.000 80.000 55.000 51.000 51.000 42.000 40.000 47.000
VAdist IGKV3-48*01 21.000 23.000 21.000 17.000 42.000 38.000 38.000 38.000 38.000 38.000 38.000 38.000 38.000 38.000 42.000 42.000 42.000 38.000 38.000 39.000 38.000 38.000 38.000 40.000 38.000 38.000 42.000 35.000 39.000 34.000 30.000 38.000 31.000 34.000 45.000 38.000 38.000 43.000 0.000 7.000 0.000 9.000 0.000 4.000 0.000 19.000 4.000 11.000 33.000 44.000 44.000 39.000 27.000 29.000 23.000 23.000 51.000 45.000 72.000 45.000 38.000 32.000 43.000 34.000 34.000 44.000 38.000 37.000 37.000 40.000 40.000 39.000 39.000 44.000 38.000 32.000 37.000 40.000 38.000 38.000 34.000 37.000 34.000 33.000 35.000 38.000 37.000 35.000 36.000 51.000 37.000 35.000 42.000 37.000 35.000 51.000 54.000 54.000 59.000 55.000 58.000 80.000 67.000 68.000 77.000 67.000 71.000 76.000 75.000 80.000 80.000 75.000 76.000 56.000 51.000 49.000 46.000 40.000 47.000
VAdist IGKV3-51*01 20.000 16.000 16.000 16.000 49.000 44.000 44.000 44.000 44.000 44.000 44.000 44.000 44.000 44.000 43.000 48.000 48.000 44.000 44.000 48.000 44.000 44.000 44.000 43.000 44.000 44.000 41.000 39.000 44.000 43.000 43.000 44.000 40.000 39.000 47.000 44.000 44.000 45.000 19.000 23.000 19.000 11.000 19.000 19.000 19.000 0.000 15.000 19.000 44.000 47.000 47.000 43.000 40.000 39.000 36.000 36.000 51.000 38.000 70.000 47.000 48.000 40.000 47.000 41.000 34.000 43.000 42.000 37.000 37.000 39.000 39.000 43.000 43.000 40.000 34.000 38.000 38.000 39.000 34.000 38.000 41.000 37.000 35.000 30.000 38.000 42.000 37.000 39.000 41.000 54.000 42.000 39.000 30.000 38.000 40.000 59.000 59.000 59.000 60.000 59.000 59.000 83.000 77.000 78.000 83.000 77.000 80.000 78.000 87.000 78.000 83.000 82.000 74.000 60.000 50.000 55.000 54.000 50.000 54.000
VAdist IGKV3-58*01 21.000 19.000 17.000 17.000 42.000 38.000 38.000 38.000 38.000 38.000 38.000 38.000 38.000 38.000 42.000 42.000 42.000 38.000 38.000 39.000 38.000 38.000 38.000 40.000 38.000 38.000 42.000 35.000 39.000 34.000 33.000 38.000 31.000 34.000 45.000 38.000 38.000 43.000 4.000 11.000 4.000 5.000 4.000 4.000 4.000 15.000 0.000 11.000 35.000 44.000 44.000 39.000 27.000 29.000 23.000 23.000 51.000 41.000 72.000 45.000 38.000 32.000 43.000 38.000 34.000 44.000 38.000 37.000 37.000 40.000 40.000 39.000 39.000 44.000 37.000 31.000 37.000 40.000 37.000 38.000 36.000 37.000 34.000 29.000 34.000 38.000 37.000 35.000 36.000 50.000 37.000 35.000 38.000 37.000 35.000 51.000 54.000 54.000 59.000 55.000 58.000 80.000 71.000 72.000 80.000 71.000 73.000 80.000 79.000 84.000 83.000 79.000 80.000 56.000 50.000 51.000 46.000 39.000 47.000
VAdist IGKV3-67*01 24.000 26.000 24.000 20.000 43.000 38.000 38.000 38.000 38.000 38.000 38.000 38.000 38.000 38.000 42.000 42.000 42.000 38.000 38.000 39.000 38.000 38.000 38.000 40.000 34.000 38.000 42.000 39.000 39.000 38.000 37.000 38.000 35.000 38.000 45.000 38.000 38.000 43.000 11.000 18.000 11.000 16.000 11.000 11.000 11.000 19.000 11.000 0.000 39.000 49.000 49.000 44.000 32.000 35.000 28.000 28.000 47.000 45.000 67.000 41.000 37.000 28.000 43.000 38.000 34.000 44.000 38.000 37.000 37.000 36.000 36.000 39.000 39.000 44.000 38.000 31.000 38.000 40.000 38.000 38.000 36.000 33.000 30.000 34.000 34.000 38.000 33.000 34.000 36.000 51.000 37.000 35.000 39.000 33.000 35.000 51.000 54.000 54.000 59.000 55.000 58.000 80.000 74.000 75.000 80.000 74.000 73.000 83.000 79.000 87.000 83.000 79.000 83.000 53.000 50.000 50.000 48.000 42.000 50.000
VAdist IGKV4-64*01 47.000 49.000 47.000 43.000 36.000 29.000 29.000 32.000 29.000 29.000 31.000 33.000 29.000 29.000 33.000 36.000 33.000 33.000 33.000 33.000 29.000 29.000 30.000 31.000 29.000 29.000 28.000 25.000 20.000 23.000 20.000 29.000 18.000 20.000 36.000 26.000 29.000 29.000 33.000 37.000 33.000 36.000 33.000 35.000 33.000 44.000 35.000 39.000 0.000 48.000 48.000 43.000 58.000 58.000 54.000 54.000 61.000 59.000 71.000 61.000 48.000 60.000 63.000 64.000 58.000 68.000 58.000 61.000 61.000 62.000 62.000 59.000 59.000 68.000 63.000 60.000 61.000 62.000 63.000 62.000 64.000 61.000 58.000 57.000 60.000 63.000 61.000 55.000 64.000 75.000 62.000 55.000 66.000 57.000 60.000 75.000 75.000 75.000 80.000 76.000 79.000 96.000 86.000 87.000 95.000 86.000 89.000 91.000 90.000 95.000 97.000 93.000 91.000 67.000 63.000 66.000 58.000 55.000 62.000
VAdist IGKV7-18*01 50.000 51.000 51.000 46.000 57.000 49.000 49.000 53.000 49.000 49.000 49.000 52.000 52.000 49.000 53.000 57.000 55.000 49.000 52.000 56.000 49.000 49.000 51.000 49.000 53.000 49.000 53.000 51.000 52.000 50.000 51.000 49.000 48.000 51.000 52.000 49.000 53.000 50.000 44.000 49.000 44.000 45.000 44.000 44.000 44.000 47.000 44.000 49.000 48.000 0.000 7.000 15.000 61.000 61.000 57.000 57.000 62.000 62.000 64.000 64.000 61.000 63.000 67.000 65.000 62.000 68.000 66.000 65.000 65.000 64.000 64.000 63.000 63.000 68.000 63.000 63.000 66.000 62.000 63.000 60.000 65.000 65.000 59.000 62.000 64.000 66.000 65.000 57.000 65.000 79.000 65.000 59.000 67.000 62.000 63.000 77.000 78.000 78.000 79.000 78.000 80.000 93.000 90.000 91.000 90.000 90.000 88.000 90.000 92.000 96.000 96.000 92.000 92.000 67.000 59.000 63.000 65.000 61.000 65.000
VAdist IGKV7-2*01 50.000 51.000 51.000 46.000 57.000 49.000 49.000 53.000 49.000 49.000 49.000 52.000 52.000 49.000 53.000 57.000 55.000 49.000 52.000 56.000 49.000 49.000 51.000 49.000 53.000 49.000 53.000 51.000 52.000 50.000 51.000 49.000 48.000 51.000 52.000 49.000 53.000 52.000 44.000 49.000 44.000 45.000 44.000 44.000 44.000 47.000 44.000 49.000 48.000 7.000 0.000 19.000 61.000 61.000 57.000 57.000 62.000 62.000 64.000 64.000 61.000 63.000 67.000 65.000 62.000 68.000 66.000 65.000 65.000 64.000 64.000 63.000 63.000 68.000 63.000 63.000 66.000 62.000 63.000 60.000 65.000 65.000 59.000 62.000 64.000 66.000 65.000 57.000 65.000 79.000 65.000 59.000 67.000 62.000 63.000 70.000 71.000 71.000 72.000 71.000 73.000 87.000 84.000 85.000 89.000 84.000 82.000 84.000 96.000 90.000 92.000 88.000 89.000 67.000 59.000 63.000 65.000 61.000 65.000
VAdist IGKV7-65*01 44.000 47.000 45.000 40.000 52.000 44.000 44.000 48.000 44.000 44.000 44.000 47.000 47.000 44.000 52.000 52.000 50.000 44.000 47.000 51.000 44.000 44.000 46.000 46.000 48.000 44.000 45.000 47.000 47.000 45.000 46.000 44.000 43.000 46.000 55.000 44.000 48.000 48.000 39.000 44.000 39.000 41.000 39.000 39.000 39.000 43.000 39.000 44.000 43.000 15.000 19.000 0.000 56.000 58.000 52.000 52.000 62.000 58.000 64.000 56.000 56.000 59.000 63.000 65.000 58.000 68.000 62.000 61.000 61.000 64.000 64.000 59.000 59.000 68.000 63.000 59.000 62.000 62.000 63.000 60.000 63.000 61.000 55.000 58.000 60.000 63.000 61.000 53.000 63.000 75.000 61.000 55.000 67.000 58.000 59.000 74.000 75.000 75.000 80.000 76.000 81.000 92.000 85.000 86.000 92.000 85.000 83.000 89.000 88.000 95.000 96.000 92.000 91.000 64.000 59.000 63.000 61.000 57.000 65.000
VAdist IGKV8-13*01 39.000 39.000 41.000 35.000 58.000 58.000 58.000 58.000 58.000 58.000 58.000 56.000 56.000 58.000 62.000 58.000 56.000 58.000 56.000 55.000 58.000 58.000 58.000 60.000 58.000 58.000 62.000 55.000 57.000 55.000 53.000 58.000 54.000 54.000 64.000 58.000 58.000 61.000 27.000 34.000 27.000 32.000 27.000 23.000 27.000 40.000 27.000 32.000 58.000 61.000 61.000 56.000 0.000 8.000 6.000 6.000 63.000 57.000 81.000 51.000 54.000 44.000 47.000 46.000 40.000 51.000 47.000 43.000 43.000 52.000 52.000 47.000 47.000 50.000 50.000 44.000 38.000 52.000 50.000 44.000 44.000 44.000 48.000 40.000 47.000 45.000 44.000 48.000 43.000 56.000 43.000 48.000 51.000 48.000 45.000 62.000 65.000 65.000 69.000 66.000 69.000 84.000 77.000 77.000 84.000 77.000 75.000 85.000 80.000 85.000 84.000 84.000 85.000 55.000 62.000 58.000 52.000 54.000 58.000
VAdist IGKV8-46*01 40.000 39.000 42.000 36.000 61.000 61.000 61.000 61.000 61.000 61.000 61.000 59.000 59.000 61.000 64.000 61.000 59.000 61.000 59.000 58.000 61.000 61.000 61.000 64.000 61.000 61.000 63.000 53.000 60.000 55.000 53.000 61.000 54.000 54.000 66.000 61.000 61.000 61.000 29.000 36.000 29.000 32.000 29.000 25.000 29.000 39.000 29.000 35.000 58.000 61.000 61.000 58.000 8.000 0.000 14.000 14.000 60.000 58.000 78.000 53.000 55.000 45.000 48.000 46.000 41.000 51.000 48.000 44.000 44.000 52.000 52.000 48.000 48.000 52.000 50.000 45.000 42.000 52.000 50.000 44.000 46.000 45.000 48.000 44.000 48.000 44.000 45.000 49.000 45.000 57.000 44.000 49.000 50.000 48.000 46.000 63.000 66.000 66.000 69.000 65.000 69.000 84.000 77.000 77.000 84.000 77.000 76.000 84.000 81.000 84.000 84.000 84.000 84.000 53.000 62.000 58.000 50.000 52.000 55.000
VAdist IGKV8-62*01 35.000 35.000 37.000 31.000 54.000 54.000 54.000 54.000 54.000 54.000 54.000 52.000 52.000 54.000 58.000 54.000 52.000 54.000 52.000 51.000 54.000 54.000 54.000 56.000 54.000 54.000 58.000 51.000 53.000 51.000 49.000 54.000 50.000 50.000 60.000 54.000 54.000 57.000 23.000 30.000 23.000 28.000 23.000 19.000 23.000 36.000 23.000 28.000 54.000 57.000 57.000 52.000 6.000 14.000 0.000 0.000 59.000 53.000 77.000 47.000 50.000 40.000 43.000 42.000 36.000 47.000 43.000 39.000 39.000 48.000 48.000 43.000 43.000 46.000 46.000 40.000 34.000 48.000 46.000 40.000 40.000 40.000 44.000 36.000 43.000 41.000 40.000 44.000 39.000 55.000 39.000 44.000 47.000 44.000 41.000 58.000 61.000 61.000 65.000 62.000 65.000 80.000 73.000 73.000 80.000 73.000 71.000 81.000 80.000 85.000 83.000 80.000 81.000 59.000 58.000 54.000 48.000 50.000 54.000
VAdist IGKV8-86*01 35.000 35.000 37.000 31.000 54.000 54.000 54.000 54.000 54.000 54.000 54.000 52.000 52.000 54.000 58.000 54.000 52.000 54.000 52.000 51.000 54.000 54.000 54.000 56.000 54.000 54.000 58.000 51.000 53.000 51.000 49.000 54.000 50.000 50.000 60.000 54.000 54.000 57.000 23.000 30.000 23.000 28.000 23.000 19.000 23.000 36.000 23.000 28.000 54.000 57.000 57.000 52.000 6.000 14.000 0.000 0.000 59.000 53.000 77.000 47.000 50.000 40.000 43.000 42.000 36.000 47.000 43.000 39.000 39.000 48.000 48.000 43.000 43.000 46.000 46.000 40.000 34.000 48.000 46.000 40.000 40.000 40.000 44.000 36.000 43.000 41.000 40.000 44.000 39.000 55.000 39.000 44.000 47.000 44.000 41.000 58.000 61.000 61.000 65.000 62.000 65.000 80.000 73.000 73.000 80.000 73.000 71.000 81.000 80.000 85.000 83.000 80.000 81.000 59.000 58.000 54.000 48.000 50.000 54.000
VAdist IGLV1-112*01 48.000 56.000 48.000 52.000 60.000 56.000 56.000 56.000 56.000 56.000 55.000 57.000 56.000 56.000 52.000 60.000 60.000 56.000 57.000 56.000 56.000 56.000 54.000 56.000 53.000 56.000 58.000 60.000 57.000 57.000 60.000 56.000 57.000 60.000 57.000 57.000 57.000 57.000 51.000 47.000 51.000 51.000 51.000 51.000 51.000 51.000 51.000 47.000 61.000 62.000 62.000 62.000 63.000 60.000 59.000 59.000 0.000 38.000 55.000 32.000 24.000 39.000 51.000 41.000 44.000 39.000 54.000 46.000 46.000 35.000 35.000 47.000 47.000 46.000 47.000 47.000 47.000 43.000 41.000 38.000 45.000 44.000 46.000 47.000 43.000 45.000 44.000 46.000 45.000 58.000 45.000 47.000 44.000 49.000 43.000 67.000 67.000 67.000 63.000 66.000 68.000 72.000 79.000 80.000 72.000 79.000 71.000 71.000 78.000 75.000 78.000 70.000 71.000 46.000 32.000 35.000 39.000 36.000 36.000
VAdist IGLV1-116*01 41.000 41.000 37.000 41.000 50.000 49.000 49.000 49.000 49.000 49.000 48.000 50.000 49.000 49.000 49.000 50.000 53.000 49.000 50.000 50.000 49.000 49.000 53.000 49.000 50.000 49.000 48.000 52.000 51.000 51.000 47.000 49.000 51.000 52.000 50.000 50.000 50.000 51.000 45.000 44.000 45.000 41.000 45.000 45.000 45.000 38.000 41.000 45.000 59.000 62.000 62.000 58.000 57.000 58.000 53.000 53.000 38.000 0.000 62.000 28.000 37.000 48.000 51.000 49.000 49.000 49.000 44.000 49.000 49.000 48.000 48.000 47.000 47.000 49.000 49.000 47.000 53.000 45.000 46.000 45.000 49.000 44.000 45.000 44.000 47.000 48.000 44.000 41.000 49.000 62.000 48.000 42.000 47.000 42.000 47.000 54.000 54.000 53.000 50.000 54.000 55.000 70.000 74.000 78.000 79.000 74.000 68.000 71.000 76.000 86.000 79.000 67.000 78.000 55.000 45.000 43.000 46.000 45.000 48.000
VAdist IGLV1-73*01 74.000 78.000 74.000 74.000 69.000 70.000 70.000 68.000 70.000 70.000 67.000 69.000 70.000 70.000 69.000 69.000 74.000 70.000 69.000 69.000 70.000 70.000 70.000 69.000 65.000 70.000 70.000 72.000 71.000 70.000 72.000 70.000 71.000 72.000 69.000 71.000 69.000 71.000 72.000 73.000 72.000 73.000 72.000 72.000 72.000 70.000 72.000 67.000 71.000 64.000 64.000 64.000 81.000 78.000 77.000 77.000 55.000 62.000 0.000 63.000 57.000 64.000 73.000 68.000 69.000 69.000 67.000 66.000 66.000 64.000 64.000 69.000 69.000 66.000 70.000 69.000 77.000 72.000 69.000 67.000 68.000 60.000 66.000 70.000 73.000 70.000 60.000 62.000 68.000 84.000 70.000 69.000 71.000 63.000 69.000 84.000 86.000 86.000 86.000 86.000 87.000 97.000 101.000 102.000 96.000 101.000 94.000 95.000 98.000 102.000 98.000 93.000 98.000 73.000 62.000 59.000 64.000 66.000 66.000
VAdist IGLV1-79*01 41.000 51.000 41.000 45.000 51.000 50.000 50.000 50.000 50.000 50.000 51.000 53.000 50.000 50.000 54.000 51.000 54.000 50.000 53.000 49.000 50.000 50.000 54.000 52.000 49.000 50.000 50.000 55.000 53.000 53.000 50.000 50.000 53.000 54.000 57.000 53.000 53.000 51.000 45.000 42.000 45.000 47.000 45.000 45.000 45.000 47.000 45.000 41.000 61.000 64.000 64.000 56.000 51.000 53.000 47.000 47.000 32.000 28.000 63.000 0.000 37.000 37.000 48.000 45.000 41.000 47.000 47.000 41.000 41.000 42.000 42.000 44.000 44.000 47.000 51.000 41.000 44.000 46.000 45.000 40.000 43.000 38.000 43.000 40.000 42.000 43.000 38.000 39.000 43.000 61.000 42.000 40.000 48.000 42.000 42.000 58.000 59.000 59.000 63.000 59.000 64.000 70.000 66.000 70.000 75.000 66.000 65.000 78.000 78.000 83.000 82.000 67.000 75.000 43.000 38.000 34.000 35.000 33.000 43.000
VAdist IGLV1-88*01 47.000 53.000 47.000 47.000 52.000 48.000 48.000 48.000 48.000 48.000 47.000 49.000 48.000 48.000 52.000 52.000 52.000 48.000 49.000 48.000 48.000 48.000 48.000 50.000 45.000 48.000 52.000 48.000 49.000 44.000 47.000 48.000 44.000 47.000 53.000 49.000 49.000 52.000 38.000 38.000 38.000 39.000 38.000 38.000 38.000 48.000 38.000 37.000 48.000 61.000 61.000 56.000 54.000 55.000 50.000 50.000 24.000 37.000 57.000 37.000 0.000 41.000 52.000 48.000 46.000 49.000 46.000 48.000 48.000 45.000 45.000 48.000 48.000 53.000 51.000 46.000 48.000 49.000 45.000 49.000 46.000 43.000 43.000 45.000 45.000 45.000 43.000 48.000 46.000 56.000 44.000 45.000 53.000 44.000 45.000 65.000 66.000 65.000 66.000 67.000 70.000 78.000 77.000 79.000 82.000 77.000 74.000 75.000 74.000 78.000 83.000 74.000 78.000 47.000 41.000 44.000 33.000 33.000 40.000
VAdist IGLV3-1*01 33.000 39.000 33.000 33.000 59.000 55.000 55.000 55.000 55.000 55.000 55.000 55.000 55.000 55.000 59.000 59.000 59.000 55.000 55.000 52.000 55.000 55.000 55.000 57.000 51.000 55.000 56.000 60.000 56.000 56.000 58.000 55.000 56.000 59.000 59.000 55.000 55.000 56.000 32.000 35.000 32.000 37.000 32.000 32.000 32.000 40.000 32.000 28.000 60.000 63.000 63.000 59.000 44.000 45.000 40.000 40.000 39.000 48.000 64.000 37.000 41.000 0.000 25.000 15.000 21.000 16.000 29.000 25.000 25.000 8.000 8.000 22.000 22.000 19.000 23.000 12.000 30.000 19.000 15.000 28.000 13.000 25.000 29.000 27.000 15.000 15.000 25.000 29.000 13.000 31.000 14.000 25.000 31.000 28.000 7.000 55.000 58.000 58.000 61.000 58.000 62.000 75.000 67.000 68.000 76.000 67.000 70.000 82.000 78.000 76.000 82.000 73.000 72.000 57.000 46.000 46.000 45.000 39.000 42.000
VAdist IGLV3-10*01 42.000 41.000 43.000 42.000 64.000 59.000 59.000 63.000 59.000 59.000 59.000 62.000 62.000 59.000 67.000 64.000 61.000 59.000 62.000 63.000 59.000 59.000 61.000 61.000 63.000 59.000 59.000 65.000 58.000 63.000 64.000 59.000 63.000 64.000 67.000 59.000 63.000 58.000 43.000 43.000 43.000 44.000 43.000 43.000 43.000 47.000 43.000 43.000 63.000 67.000 67.000 63.000 47.000 48.000 43.000 43.000 51.000 51.000 73.000 48.000 52.000 25.000 0.000 26.000 30.000 30.000 18.000 30.000 30.000 27.000 27.000 7.000 7.000 32.000 34.000 31.000 34.000 26.000 29.000 38.000 24.000 37.000 31.000 37.000 28.000 23.000 37.000 26.000 24.000 42.000 21.000 24.000 36.000 26.000 24.000 59.000 59.000 60.000 63.000 59.000 63.000 80.000 74.000 74.000 80.000 74.000 72.000 83.000 83.000 78.000 87.000 79.000 74.000 60.000 55.000 52.000 48.000 51.000 48.000
VAdist IGLV3-11*01 37.000 41.000 37.000 37.000 63.000 62.000 62.000 62.000 62.000 62.000 62.000 62.000 62.000 62.000 58.000 63.000 66.000 62.000 62.000 59.000 62.000 62.000 62.000 62.000 62.000 62.000 63.000 63.000 63.000 62.000 59.000 62.000 62.000 63.000 62.000 62.000 62.000 63.000 34.000 37.000 34.000 42.000 34.000 38.000 34.000 41.000 38.000 38.000 64.000 65.000 65.000 65.000 46.000 46.000 42.000 42.000 41.000 49.000 68.000 45.000 48.000 15.000 26.000 0.000 32.000 16.000 30.000 30.000 30.000 15.000 15.000 23.000 23.000 22.000 25.000 23.000 37.000 18.000 13.000 32.000 6.000 37.000 38.000 38.000 22.000 11.000 37.000 38.000 8.000 42.000 11.000 34.000 29.000 37.000 18.000 58.000 61.000 62.000 60.000 60.000 61.000 75.000 68.000 68.000 69.000 68.000 69.000 78.000 78.000 71.000 78.000 70.000 67.000 58.000 44.000 40.000 45.000 45.000 38.000
VAdist IGLV3-13*01 34.000 42.000 36.000 34.000 58.000 54.000 54.000 54.000 54.000 54.000 54.000 52.000 52.000 54.000 58.000 58.000 58.000 54.000 52.000 54.000 54.000 54.000 54.000 56.000 54.000 54.000 54.000 54.000 52.000 55.000 57.000 54.000 54.000 53.000 60.000 54.000 54.000 52.000 34.000 34.000 34.000 31.000 34.000 30.000 34.000 34.000 34.000 34.000 58.000 62.000 62.000 58.000 40.000 41.000 36.000 36.000 44.000 49.000 69.000 41.000 46.000 21.000 30.000 32.000 0.000 28.000 36.000 16.000 16.000 25.000 25.000 29.000 29.000 29.000 32.000 25.000 21.000 32.000 29.000 19.000 30.000 18.000 30.000 17.000 25.000 28.000 18.000 30.000 29.000 36.000 26.000 30.000 24.000 29.000 19.000 59.000 59.000 59.000 63.000 59.000 63.000 80.000 75.000 76.000 80.000 75.000 75.000 83.000 83.000 80.000 87.000 78.000 76.000 56.000 44.000 51.000 43.000 44.000 47.000
VAdist IGLV3-14*01 40.000 44.000 40.000 40.000 64.000 64.000 64.000 64.000 64.000 64.000 64.000 64.000 64.000 64.000 60.000 64.000 68.000 64.000 64.000 64.000 64.000 64.000 64.000 64.000 64.000 64.000 64.000 64.000 64.000 64.000 64.000 64.000 64.000 64.000 64.000 64.000 64.000 64.000 44.000 44.000 44.000 44.000 44.000 43.000 44.000 43.000 44.000 44.000 68.000 68.000 68.000 68.000 51.000 51.000 47.000 47.000 39.000 49.000 69.000 47.000 49.000 16.000 30.000 16.000 28.000 0.000 34.000 30.000 30.000 12.000 12.000 27.000 27.000 14.000 26.000 23.000 38.000 19.000 18.000 30.000 19.000 29.000 30.000 35.000 23.000 16.000 29.000 34.000 16.000 34.000 20.000 30.000 27.000 33.000 16.000 63.000 63.000 63.000 62.000 62.000 63.000 75.000 76.000 72.000 72.000 76.000 78.000 78.000 82.000 67.000 81.000 78.000 63.000 52.000 46.000 50.000 50.000 50.000 47.000
VAdist IGLV3-16*01 38.000 44.000 38.000 38.000 59.000 58.000 58.000 58.000 58.000 58.000 58.000 58.000 58.000 58.000 62.000 59.000 62.000 58.000 58.000 58.000 58.000 58.000 58.000 60.000 58.000 58.000 54.000 60.000 54.000 58.000 59.000 58.000 58.000 59.000 62.000 58.000 58.000 54.000 38.000 38.000 38.000 39.000 38.000 38.000 38.000 42.000 38.000 38.000 58.000 66.000 66.000 62.000 47.000 48.000 43.000 43.000 54.000 44.000 67.000 47.000 46.000 29.000 18.000 30.000 36.000 34.000 0.000 30.000 30.000 31.000 31.000 11.000 11.000 32.000 34.000 26.000 38.000 24.000 32.000 38.000 28.000 31.000 31.000 31.000 31.000 27.000 31.000 26.000 28.000 45.000 26.000 24.000 42.000 24.000 29.000 54.000 55.000 55.000 59.000 56.000 59.000 83.000 77.000 73.000 83.000 77.000 75.000 80.000 80.000 85.000 85.000 83.000 81.000 56.000 53.000 51.000 47.000 49.000 51.000
VAdist IGLV3-17*01 39.000 45.000 39.000 39.000 58.000 57.000 57.000 55.000 57.000 57.000 57.000 57.000 57.000 57.000 57.000 58.000 61.000 57.000 57.000 53.000 57.000 57.000 57.000 59.000 57.000 57.000 53.000 51.000 57.000 54.000 58.000 57.000 53.000 50.000 59.000 57.000 53.000 57.000 37.000 37.000 37.000 34.000 37.000 37.000 37.000 37.000 37.000 37.000 61.000 65.000 65.000 61.000 43.000 44.000 39.000 39.000 46.000 49.000 66.000 41.000 48.000 25.000 30.000 30.000 16.000 30.000 30.000 0.000 0.000 29.000 29.000 23.000 23.000 30.000 36.000 29.000 18.000 36.000 33.000 21.000 28.000 17.000 28.000 17.000 29.000 27.000 17.000 28.000 28.000 44.000 26.000 27.000 28.000 27.000 25.000 57.000 57.000 58.000 61.000 57.000 61.000 79.000 76.000 76.000 80.000 76.000 72.000 83.000 83.000 80.000 87.000 79.000 76.000 56.000 51.000 48.000 44.000 47.000 44.000
VAdist IGLV3-17D*01 39.000 45.000 39.000 39.000 58.000 57.000 57.000 55.000 57.000 57.000 57.000 57.000 57.000 57.000 57.000 58.000 61.000 57.000 57.000 53.000 57.000 57.000 57.000 59.000 57.000 57.000 53.000 51.000 57.000 54.000 58.000 57.000 53.000 50.000 59.000 57.000 53.000 57.000 37.000 37.000 37.000 34.000 37.000 37.000 37.000 37.000 37.000 37.000 61.000 65.000 65.000 61.000 43.000 44.000 39.000 39.000 46.000 49.000 66.000 41.000 48.000 25.000 30.000 30.000 16.000 30.000 30.000 0.000 0.000 29.000 29.000 23.000 23.000 30.000 36.000 29.000 18.000 36.000 33.000 21.000 28.000 17.000 28.000 17.000 29.000 27.000 17.000 28.000 28.000 44.000 26.000 27.000 28.000 27.000 25.000 57.000 57.000 58.000 61.000 57.000 61.000 79.000 76.000 76.000 80.000 76.000 72.000 83.000 83.000 80.000 87.000 79.000 76.000 56.000 51.000 48.000 44.000 47.000 44.000
VAdist IGLV3-18*01 36.000 40.000 36.000 36.000 64.000 60.000 60.000 60.000 60.000 60.000 60.000 60.000 60.000 60.000 56.000 64.000 64.000 60.000 60.000 60.000 60.000 60.000 60.000 60.000 56.000 60.000 58.000 63.000 58.000 60.000 63.000 60.000 60.000 63.000 60.000 60.000 60.000 58.000 40.000 40.000 40.000 40.000 40.000 40.000 40.000 39.000 40.000 36.000 62.000 64.000 64.000 64.000 52.000 52.000 48.000 48.000 35.000 48.000 64.000 42.000 45.000 8.000 27.000 15.000 25.000 12.000 31.000 29.000 29.000 0.000 0.000 24.000 24.000 18.000 23.000 20.000 34.000 11.000 15.000 27.000 19.000 29.000 33.000 31.000 20.000 19.000 29.000 31.000 19.000 35.000 19.000 27.000 27.000 30.000 12.000 63.000 63.000 63.000 62.000 62.000 63.000 79.000 75.000 76.000 76.000 75.000 78.000 82.000 86.000 75.000 85.000 77.000 71.000 60.000 43.000 50.000 50.000 47.000 46.000
VAdist IGLV3-18D*01 36.000 40.000 36.000 36.000 64.000 60.000 60.000 60.000 60.000 60.000 60.000 60.000 60.000 60.000 56.000 64.000 64.000 60.000 60.000 60.000 60.000 60.000 60.000 60.000 56.000 60.000 58.000 63.000 58.000 60.000 63.000 60.000 60.000 63.000 60.000 60.000 60.000 58.000 40.000 40.000 40.000 40.000 40.000 40.000 40.000 39.000 40.000 36.000 62.000 64.000 64.000 64.000 52.000 52.000 48.000 48.000 35.000 48.000 64.000 42.000 45.000 8.000 27.000 15.000 25.000 12.000 31.000 29.000 29.000 0.000 0.000 24.000 24.000 18.000 23.000 20.000 34.000 11.000 15.000 27.000 19.000 29.000 33.000 31.000 20.000 19.000 29.000 31.000 19.000 35.000 19.000 27.000 27.000 30.000 12.000 63.000 63.000 63.000 62.000 62.000 63.000 79.000 75.000 76.000 76.000 75.000 78.000 82.000 86.000 75.000 85.000 77.000 71.000 60.000 43.000 50.000 50.000 47.000 46.000
VAdist IGLV3-20*01 38.000 45.000 39.000 38.000 60.000 55.000 55.000 59.000 55.000 55.000 55.000 58.000 58.000 55.000 63.000 60.000 61.000 55.000 58.000 59.000 55.000 55.000 57.000 57.000 59.000 55.000 55.000 61.000 54.000 59.000 60.000 55.000 59.000 60.000 63.000 55.000 59.000 54.000 39.000 39.000 39.000 40.000 39.000 39.000 39.000 43.000 39.000 39.000 59.000 63.000 63.000 59.000 47.000 48.000 43.000 43.000 47.000 47.000 69.000 44.000 48.000 22.000 7.000 23.000 29.000 27.000 11.000 23.000 23.000 24.000 24.000 0.000 0.000 29.000 31.000 28.000 31.000 23.000 26.000 31.000 21.000 30.000 24.000 32.000 25.000 20.000 30.000 19.000 21.000 43.000 18.000 17.000 35.000 19.000 21.000 55.000 55.000 56.000 59.000 55.000 59.000 80.000 74.000 74.000 80.000 74.000 72.000 83.000 83.000 78.000 87.000 79.000 74.000 56.000 51.000 48.000 44.000 47.000 44.000
VAdist IGLV3-20D*01 38.000 45.000 39.000 38.000 60.000 55.000 55.000 59.000 55.000 55.000 55.000 58.000 58.000 55.000 63.000 60.000 61.000 55.000 58.000 59.000 55.000 55.000 57.000 57.000 59.000 55.000 55.000 61.000 54.000 59.000 60.000 55.000 59.000 60.000 63.000 55.000 59.000 54.000 39.000 39.000 39.000 40.000 39.000 39.000 39.000 43.000 39.000 39.000 59.000 63.000 63.000 59.000 47.000 48.000 43.000 43.000 47.000 47.000 69.000 44.000 48.000 22.000 7.000 23.000 29.000 27.000 11.000 23.000 23.000 24.000 24.000 0.000 0.000 29.000 31.000 28.000 31.000 23.000 26.000 31.000 21.000 30.000 24.000 32.000 25.000 20.000 30.000 19.000 21.000 43.000 18.000 17.000 35.000 19.000 21.000 55.000 55.000 56.000 59.000 55.000 59.000 80.000 74.000 74.000 80.000 74.000 72.000 83.000 83.000 78.000 87.000 79.000 74.000 56.000 51.000 48.000 44.000 47.000 44.000
VAdist IGLV3-22*01 43.000 47.000 43.000 43.000 64.000 64.000 64.000 64.000 64.000 64.000 64.000 64.000 64.000 64.000 63.000 64.000 68.000 64.000 64.000 64.000 64.000 64.000 64.000 63.000 64.000 64.000 64.000 64.000 64.000 64.000 64.000 64.000 64.000 64.000 64.000 64.000 64.000 64.000 44.000 44.000 44.000 44.000 44.000 44.000 44.000 40.000 44.000 44.000 68.000 68.000 68.000 68.000 50.000 52.000 46.000 46.000 46.000 49.000 66.000 47.000 53.000 19.000 32.000 22.000 29.000 14.000 32.000 30.000 30.000 18.000 18.000 29.000 29.000 0.000 26.000 23.000 36.000 25.000 18.000 32.000 22.000 29.000 34.000 33.000 23.000 23.000 29.000 34.000 22.000 38.000 23.000 33.000 30.000 33.000 19.000 63.000 63.000 63.000 62.000 62.000 63.000 75.000 79.000 75.000 75.000 79.000 79.000 78.000 82.000 71.000 78.000 77.000 67.000 60.000 49.000 51.000 51.000 50.000 47.000
VAdist IGLV3-28*01 31.000 34.000 30.000 31.000 59.000 55.000 55.000 55.000 55.000 55.000 55.000 55.000 55.000 55.000 54.000 59.000 59.000 55.000 55.000 58.000 55.000 55.000 55.000 54.000 55.000 55.000 59.000 62.000 59.000 56.000 58.000 55.000 59.000 62.000 54.000 55.000 55.000 59.000 38.000 35.000 38.000 38.000 38.000 38.000 38.000 34.000 37.000 38.000 63.000 63.000 63.000 63.000 50.000 50.000 46.000 46.000 47.000 49.000 70.000 51.000 51.000 23.000 34.000 25.000 32.000 26.000 34.000 36.000 36.000 23.000 23.000 31.000 31.000 26.000 0.000 27.000 37.000 27.000 12.000 33.000 25.000 37.000 37.000 37.000 20.000 22.000 37.000 37.000 24.000 39.000 23.000 33.000 31.000 37.000 20.000 61.000 55.000 58.000 57.000 58.000 55.000 83.000 76.000 77.000 82.000 76.000 80.000 84.000 87.000 74.000 82.000 80.000 70.000 59.000 47.000 54.000 51.000 47.000 50.000
VAdist IGLV3-29*01 37.000 42.000 36.000 37.000 59.000 51.000 51.000 51.000 51.000 51.000 51.000 51.000 51.000 51.000 55.000 55.000 55.000 51.000 51.000 52.000 51.000 51.000 51.000 53.000 51.000 51.000 52.000 60.000 52.000 56.000 58.000 51.000 56.000 59.000 55.000 51.000 51.000 52.000 32.000 35.000 32.000 36.000 32.000 32.000 32.000 38.000 31.000 31.000 60.000 63.000 63.000 59.000 44.000 45.000 40.000 40.000 47.000 47.000 69.000 41.000 46.000 12.000 31.000 23.000 25.000 23.000 26.000 29.000 29.000 20.000 20.000 28.000 28.000 23.000 27.000 0.000 34.000 19.000 19.000 32.000 21.000 33.000 32.000 22.000 11.000 22.000 33.000 33.000 20.000 31.000 22.000 33.000 33.000 31.000 15.000 55.000 58.000 58.000 61.000 58.000 62.000 75.000 71.000 68.000 76.000 71.000 70.000 82.000 78.000 84.000 80.000 74.000 80.000 56.000 42.000 46.000 45.000 35.000 46.000
VAdist IGLV3-31*01 40.000 42.000 40.000 40.000 62.000 58.000 58.000 57.000 58.000 58.000 58.000 58.000 58.000 58.000 61.000 62.000 54.000 58.000 58.000 57.000 58.000 58.000 58.000 60.000 58.000 58.000 57.000 56.000 58.000 57.000 60.000 58.000 56.000 55.000 63.000 58.000 57.000 58.000 37.000 37.000 37.000 34.000 37.000 37.000 37.000 38.000 37.000 38.000 61.000 66.000 66.000 62.000 38.000 42.000 34.000 34.000 47.000 53.000 77.000 44.000 48.000 30.000 34.000 37.000 21.000 38.000 38.000 18.000 18.000 34.000 34.000 31.000 31.000 36.000 37.000 34.000 0.000 38.000 34.000 24.000 35.000 25.000 35.000 18.000 30.000 34.000 25.000 35.000 35.000 45.000 33.000 34.000 34.000 34.000 30.000 60.000 60.000 60.000 64.000 60.000 64.000 72.000 71.000 72.000 76.000 71.000 75.000 83.000 79.000 76.000 83.000 74.000 72.000 61.000 52.000 55.000 50.000 47.000 50.000
VAdist IGLV3-33*01 36.000 40.000 36.000 36.000 64.000 58.000 58.000 60.000 58.000 58.000 58.000 60.000 60.000 58.000 56.000 64.000 60.000 58.000 60.000 60.000 58.000 58.000 56.000 58.000 60.000 58.000 58.000 63.000 58.000 60.000 63.000 58.000 60.000 63.000 60.000 58.000 60.000 58.000 40.000 40.000 40.000 40.000 40.000 40.000 40.000 39.000 40.000 40.000 62.000 62.000 62.000 62.000 52.000 52.000 48.000 48.000 43.000 45.000 72.000 46.000 49.000 19.000 26.000 18.000 32.000 19.000 24.000 36.000 36.000 11.000 11.000 23.000 23.000 25.000 27.000 19.000 38.000 0.000 18.000 33.000 22.000 40.000 38.000 30.000 24.000 22.000 40.000 36.000 22.000 42.000 22.000 32.000 33.000 35.000 19.000 60.000 60.000 60.000 59.000 59.000 60.000 79.000 75.000 72.000 76.000 75.000 78.000 82.000 86.000 79.000 83.000 78.000 75.000 60.000 43.000 50.000 50.000 47.000 50.000
VAdist IGLV3-35*01 31.000 34.000 30.000 31.000 60.000 56.000 56.000 56.000 56.000 56.000 56.000 56.000 56.000 56.000 55.000 60.000 60.000 56.000 56.000 59.000 56.000 56.000 56.000 55.000 56.000 56.000 60.000 62.000 60.000 59.000 58.000 56.000 59.000 62.000 56.000 56.000 56.000 60.000 38.000 35.000 38.000 38.000 38.000 38.000 38.000 34.000 37.000 38.000 63.000 63.000 63.000 63.000 50.000 50.000 46.000 46.000 41.000 46.000 69.000 45.000 45.000 15.000 29.000 13.000 29.000 18.000 32.000 33.000 33.000 15.000 15.000 26.000 26.000 18.000 12.000 19.000 34.000 18.000 0.000 30.000 13.000 37.000 37.000 34.000 12.000 10.000 37.000 37.000 12.000 35.000 11.000 33.000 31.000 36.000 12.000 62.000 59.000 59.000 58.000 58.000 59.000 78.000 74.000 75.000 78.000 74.000 77.000 82.000 85.000 72.000 81.000 75.000 68.000 58.000 41.000 48.000 45.000 41.000 44.000
VAdist IGLV3-36*01 36.000 42.000 38.000 36.000 62.000 58.000 58.000 58.000 58.000 58.000 58.000 56.000 56.000 58.000 57.000 62.000 62.000 58.000 56.000 58.000 58.000 58.000 58.000 58.000 58.000 58.000 58.000 61.000 56.000 59.000 61.000 58.000 58.000 61.000 60.000 58.000 58.000 56.000 38.000 38.000 38.000 38.000 38.000 34.000 38.000 38.000 38.000 38.000 62.000 60.000 60.000 60.000 44.000 44.000 40.000 40.000 38.000 45.000 67.000 40.000 49.000 28.000 38.000 32.000 19.000 30.000 38.000 21.000 21.000 27.000 27.000 31.000 31.000 32.000 33.000 32.000 24.000 33.000 30.000 0.000 33.000 24.000 33.000 24.000 30.000 32.000 24.000 29.000 32.000 47.000 31.000 32.000 29.000 32.000 26.000 60.000 60.000 60.000 60.000 59.000 61.000 76.000 79.000 80.000 75.000 79.000 74.000 79.000 83.000 80.000 83.000 74.000 76.000 57.000 47.000 47.000 47.000 48.000 47.000
VAdist IGLV3-37*01 37.000 41.000 37.000 37.000 61.000 60.000 60.000 60.000 60.000 60.000 60.000 60.000 60.000 60.000 62.000 61.000 64.000 60.000 60.000 57.000 60.000 60.000 60.000 58.000 60.000 60.000 61.000 63.000 61.000 60.000 60.000 60.000 60.000 61.000 62.000 60.000 60.000 61.000 34.000 37.000 34.000 42.000 34.000 36.000 34.000 41.000 36.000 36.000 64.000 65.000 65.000 63.000 44.000 46.000 40.000 40.000 45.000 49.000 68.000 43.000 46.000 13.000 24.000 6.000 30.000 19.000 28.000 28.000 28.000 19.000 19.000 21.000 21.000 22.000 25.000 21.000 35.000 22.000 13.000 33.000 0.000 35.000 36.000 36.000 20.000 10.000 35.000 36.000 3.000 40.000 9.000 32.000 33.000 35.000 16.000 56.000 59.000 60.000 60.000 60.000 61.000 75.000 68.000 68.000 76.000 68.000 65.000 80.000 78.000 73.000 81.000 72.000 69.000 57.000 48.000 38.000 43.000 43.000 38.000
VAdist IGLV3-38*01 39.000 45.000 39.000 39.000 57.000 57.000 57.000 57.000 57.000 57.000 57.000 57.000 57.000 57.000 61.000 57.000 61.000 57.000 57.000 57.000 57.000 57.000 57.000 59.000 53.000 57.000 57.000 54.000 57.000 58.000 57.000 57.000 57.000 53.000 63.000 57.000 57.000 57.000 37.000 37.000 37.000 34.000 37.000 37.000 37.000 37.000 37.000 33.000 61.000 65.000 65.000 61.000 44.000 45.000 40.000 40.000 44.000 44.000 60.000 38.000 43.000 25.000 37.000 37.000 18.000 29.000 31.000 17.000 17.000 29.000 29.000 30.000 30.000 29.000 37.000 33.000 25.000 40.000 37.000 24.000 35.000 0.000 27.000 23.000 33.000 34.000 0.000 24.000 35.000 44.000 33.000 27.000 30.000 24.000 29.000 55.000 56.000 55.000 60.000 57.000 59.000 76.000 79.000 75.000 76.000 79.000 76.000 73.000 73.000 79.000 80.000 79.000 75.000 57.000 55.000 52.000 51.000 51.000 51.000
VAdist IGLV3-39*01 36.000 43.000 37.000 36.000 56.000 50.000 50.000 54.000 50.000 50.000 50.000 53.000 53.000 50.000 58.000 55.000 56.000 50.000 53.000 58.000 50.000 50.000 52.000 52.000 54.000 50.000 54.000 52.000 53.000 54.000 51.000 50.000 54.000 51.000 58.000 50.000 54.000 53.000 34.000 34.000 34.000 35.000 34.000 34.000 34.000 35.000 34.000 30.000 58.000 59.000 59.000 55.000 48.000 48.000 44.000 44.000 46.000 45.000 66.000 43.000 43.000 29.000 31.000 38.000 30.000 30.000 31.000 28.000 28.000 33.000 33.000 24.000 24.000 34.000 37.000 32.000 35.000 38.000 37.000 33.000 36.000 27.000 0.000 33.000 32.000 35.000 27.000 9.000 36.000 40.000 33.000 12.000 33.000 7.000 28.000 59.000 59.000 59.000 63.000 60.000 63.000 84.000 76.000 80.000 84.000 76.000 80.000 83.000 83.000 80.000 87.000 79.000 76.000 52.000 51.000 52.000 47.000 46.000 51.000
VAdist IGLV3-4*01 36.000 38.000 32.000 36.000 58.000 54.000 54.000 54.000 54.000 54.000 54.000 54.000 54.000 54.000 58.000 58.000 58.000 54.000 54.000 54.000 54.000 54.000 54.000 56.000 54.000 54.000 54.000 53.000 54.000 54.000 56.000 54.000 53.000 52.000 60.000 54.000 54.000 54.000 33.000 33.000 33.000 26.000 33.000 33.000 33.000 30.000 29.000 34.000 57.000 62.000 62.000 58.000 40.000 44.000 36.000 36.000 47.000 44.000 70.000 40.000 45.000 27.000 37.000 38.000 17.000 35.000 31.000 17.000 17.000 31.000 31.000 32.000 32.000 33.000 37.000 22.000 18.000 30.000 34.000 24.000 36.000 23.000 33.000 0.000 30.000 35.000 23.000 33.000 36.000 45.000 34.000 32.000 28.000 32.000 27.000 59.000 59.000 59.000 63.000 59.000 63.000 80.000 75.000 72.000 80.000 75.000 75.000 83.000 83.000 84.000 85.000 79.000 80.000 57.000 47.000 51.000 46.000 42.000 50.000
VAdist IGLV3-41*01 34.000 39.000 33.000 34.000 56.000 48.000 48.000 48.000 48.000 48.000 48.000 48.000 48.000 48.000 52.000 52.000 52.000 48.000 48.000 55.000 48.000 48.000 48.000 50.000 48.000 48.000 52.000 60.000 52.000 56.000 55.000 48.000 56.000 59.000 52.000 48.000 48.000 52.000 35.000 32.000 35.000 36.000 35.000 35.000 35.000 38.000 34.000 34.000 60.000 64.000 64.000 60.000 47.000 48.000 43.000 43.000 43.000 47.000 73.000 42.000 45.000 15.000 28.000 22.000 25.000 23.000 31.000 29.000 29.000 20.000 20.000 25.000 25.000 23.000 20.000 11.000 30.000 24.000 12.000 30.000 20.000 33.000 32.000 30.000 0.000 15.000 33.000 33.000 19.000 31.000 15.000 33.000 31.000 31.000 12.000 59.000 56.000 56.000 59.000 56.000 60.000 78.000 74.000 75.000 79.000 74.000 73.000 82.000 81.000 80.000 85.000 76.000 76.000 56.000 43.000 49.000 42.000 38.000 45.000
VAdist IGLV3-45*01 33.000 38.000 33.000 33.000 57.000 56.000 56.000 56.000 56.000 56.000 56.000 56.000 56.000 56.000 59.000 57.000 60.000 56.000 56.000 59.000 56.000 56.000 56.000 59.000 56.000 56.000 60.000 59.000 60.000 59.000 56.000 56.000 59.000 60.000 59.000 56.000 56.000 60.000 38.000 35.000 38.000 38.000 38.000 37.000 38.000 42.000 38.000 38.000 63.000 66.000 66.000 63.000 45.000 44.000 41.000 41.000 45.000 48.000 70.000 43.000 45.000 15.000 23.000 11.000 28.000 16.000 27.000 27.000 27.000 19.000 19.000 20.000 20.000 23.000 22.000 22.000 34.000 22.000 10.000 32.000 10.000 34.000 35.000 35.000 15.000 0.000 34.000 35.000 7.000 38.000 5.000 31.000 33.000 34.000 12.000 58.000 55.000 56.000 57.000 53.000 58.000 78.000 72.000 72.000 79.000 72.000 70.000 82.000 82.000 76.000 85.000 77.000 72.000 50.000 48.000 44.000 38.000 44.000 41.000
VAdist IGLV3-46*01 39.000 45.000 39.000 39.000 57.000 57.000 57.000 57.000 57.000 57.000 57.000 57.000 57.000 57.000 61.000 57.000 61.000 57.000 57.000 57.000 57.000 57.000 57.000 59.000 53.000 57.000 57.000 54.000 57.000 58.000 57.000 57.000 57.000 53.000 63.000 57.000 57.000 57.000 37.000 37.000 37.000 34.000 37.000 37.000 37.000 37.000 37.000 33.000 61.000 65.000 65.000 61.000 44.000 45.000 40.000 40.000 44.000 44.000 60.000 38.000 43.000 25.000 37.000 37.000 18.000 29.000 31.000 17.000 17.000 29.000 29.000 30.000 30.000 29.000 37.000 33.000 25.000 40.000 37.000 24.000 35.000 0.000 27.000 23.000 33.000 34.000 0.000 24.000 35.000 44.000 33.000 27.000 30.000 24.000 29.000 55.000 56.000 55.000 60.000 57.000 59.000 76.000 79.000 75.000 76.000 79.000 76.000 73.000 73.000 79.000 80.000 79.000 75.000 57.000 55.000 52.000 51.000 51.000 51.000
VAdist IGLV3-47*01 36.000 43.000 37.000 36.000 56.000 51.000 51.000 55.000 51.000 51.000 51.000 54.000 54.000 51.000 59.000 56.000 57.000 51.000 54.000 59.000 51.000 51.000 53.000 53.000 55.000 51.000 51.000 53.000 50.000 55.000 52.000 51.000 55.000 52.000 59.000 51.000 55.000 50.000 35.000 35.000 35.000 36.000 35.000 35.000 35.000 39.000 35.000 34.000 55.000 57.000 57.000 53.000 48.000 49.000 44.000 44.000 46.000 41.000 62.000 39.000 48.000 29.000 26.000 38.000 30.000 34.000 26.000 28.000 28.000 31.000 31.000 19.000 19.000 34.000 37.000 33.000 35.000 36.000 37.000 29.000 36.000 24.000 9.000 33.000 33.000 35.000 24.000 0.000 36.000 44.000 33.000 7.000 37.000 8.000 28.000 55.000 55.000 55.000 59.000 56.000 60.000 80.000 76.000 80.000 80.000 76.000 76.000 79.000 79.000 84.000 83.000 75.000 80.000 54.000 51.000 48.000 48.000 47.000 52.000
VAdist IGLV3-49*01 37.000 41.000 37.000 37.000 61.000 60.000 60.000 60.000 60.000 60.000 60.000 60.000 60.000 60.000 62.000 61.000 64.000 60.000 60.000 57.000 60.000 60.000 60.000 58.000 60.000 60.000 61.000 63.000 61.000 60.000 60.000 60.000 60.000 61.000 62.000 60.000 60.000 61.000 36.000 39.000 36.000 42.000 36.000 35.000 36.000 41.000 36.000 36.000 64.000 65.000 65.000 63.000 43.000 45.000 39.000 39.000 45.000 49.000 68.000 43.000 46.000 13.000 24.000 8.000 29.000 16.000 28.000 28.000 28.000 19.000 19.000 21.000 21.000 22.000 24.000 20.000 35.000 22.000 12.000 32.000 3.000 35.000 36.000 36.000 19.000 7.000 35.000 36.000 0.000 39.000 9.000 32.000 33.000 35.000 16.000 56.000 59.000 60.000 60.000 60.000 61.000 75.000 70.000 70.000 76.000 70.000 68.000 82.000 80.000 75.000 81.000 74.000 71.000 54.000 47.000 41.000 42.000 42.000 38.000
VAdist IGLV3-50*01 53.000 54.000 52.000 53.000 75.000 71.000 71.000 71.000 71.000 71.000 71.000 71.000 71.000 71.000 75.000 75.000 71.000 71.000 71.000 67.000 71.000 71.000 71.000 73.000 71.000 71.000 71.000 75.000 71.000 71.000 74.000 71.000 71.000 74.000 75.000 71.000 71.000 71.000 51.000 51.000 51.000 51.000 51.000 51.000 51.000 54.000 50.000 51.000 75.000 79.000 79.000 75.000 56.000 57.000 55.000 55.000 58.000 62.000 84.000 61.000 56.000 31.000 42.000 42.000 36.000 34.000 45.000 44.000 44.000 35.000 35.000 43.000 43.000 38.000 39.000 31.000 45.000 42.000 35.000 47.000 40.000 44.000 40.000 45.000 31.000 38.000 44.000 44.000 39.000 0.000 38.000 44.000 49.000 43.000 31.000 70.000 74.000 70.000 77.000 75.000 78.000 86.000 82.000 83.000 87.000 82.000 81.000 85.000 82.000 80.000 83.000 84.000 79.000 64.000 58.000 69.000 65.000 58.000 65.000
VAdist IGLV3-56*01 28.000 38.000 32.000 28.000 56.000 54.000 54.000 55.000 54.000 54.000 54.000 51.000 51.000 54.000 59.000 56.000 59.000 54.000 51.000 58.000 54.000 54.000 55.000 56.000 55.000 54.000 59.000 60.000 55.000 58.000 55.000 54.000 58.000 59.000 59.000 54.000 55.000 55.000 37.000 34.000 37.000 39.000 37.000 35.000 37.000 42.000 37.000 37.000 62.000 65.000 65.000 61.000 43.000 44.000 39.000 39.000 45.000 48.000 70.000 42.000 44.000 14.000 21.000 11.000 26.000 20.000 26.000 26.000 26.000 19.000 19.000 18.000 18.000 23.000 23.000 22.000 33.000 22.000 11.000 31.000 9.000 33.000 33.000 34.000 15.000 5.000 33.000 33.000 9.000 38.000 0.000 29.000 33.000 32.000 7.000 57.000 54.000 55.000 57.000 54.000 58.000 78.000 71.000 71.000 79.000 71.000 70.000 82.000 81.000 76.000 85.000 77.000 72.000 55.000 49.000 45.000 36.000 44.000 41.000
VAdist IGLV3-57*01 32.000 39.000 33.000 32.000 56.000 51.000 51.000 55.000 51.000 51.000 51.000 54.000 54.000 51.000 59.000 56.000 57.000 51.000 54.000 59.000 51.000 51.000 53.000 53.000 55.000 51.000 51.000 53.000 50.000 55.000 52.000 51.000 55.000 52.000 59.000 51.000 55.000 50.000 35.000 35.000 35.000 36.000 35.000 35.000 35.000 39.000 35.000 35.000 55.000 59.000 59.000 55.000 48.000 49.000 44.000 44.000 47.000 42.000 69.000 40.000 45.000 25.000 24.000 34.000 30.000 30.000 24.000 27.000 27.000 27.000 27.000 17.000 17.000 33.000 33.000 33.000 34.000 32.000 33.000 32.000 32.000 27.000 12.000 32.000 33.000 31.000 27.000 7.000 32.000 44.000 29.000 0.000 37.000 11.000 24.000 58.000 58.000 58.000 62.000 59.000 62.000 84.000 72.000 76.000 84.000 72.000 80.000 83.000 83.000 80.000 87.000 79.000 76.000 57.000 54.000 55.000 51.000 50.000 52.000
VAdist IGLV3-6*01 43.000 43.000 39.000 43.000 63.000 62.000 62.000 62.000 62.000 62.000 62.000 62.000 62.000 62.000 58.000 62.000 66.000 62.000 62.000 62.000 62.000 62.000 62.000 62.000 62.000 62.000 62.000 58.000 62.000 59.000 62.000 62.000 62.000 58.000 61.000 62.000 62.000 62.000 42.000 42.000 42.000 34.000 42.000 42.000 42.000 30.000 38.000 39.000 66.000 67.000 67.000 67.000 51.000 50.000 47.000 47.000 44.000 47.000 71.000 48.000 53.000 31.000 36.000 29.000 24.000 27.000 42.000 28.000 28.000 27.000 27.000 35.000 35.000 30.000 31.000 33.000 34.000 33.000 31.000 29.000 33.000 30.000 33.000 28.000 31.000 33.000 30.000 37.000 33.000 49.000 33.000 37.000 0.000 32.000 31.000 62.000 62.000 62.000 64.000 61.000 62.000 80.000 78.000 78.000 76.000 78.000 79.000 83.000 87.000 77.000 86.000 79.000 73.000 60.000 47.000 52.000 51.000 50.000 47.000
VAdist IGLV3-60*01 39.000 46.000 40.000 39.000 59.000 53.000 53.000 57.000 53.000 53.000 53.000 56.000 56.000 53.000 61.000 58.000 59.000 53.000 56.000 57.000 53.000 53.000 55.000 55.000 57.000 53.000 53.000 55.000 52.000 57.000 54.000 53.000 57.000 54.000 61.000 53.000 57.000 52.000 37.000 37.000 37.000 38.000 37.000 37.000 37.000 38.000 37.000 33.000 57.000 62.000 62.000 58.000 48.000 48.000 44.000 44.000 49.000 42.000 63.000 42.000 44.000 28.000 26.000 37.000 29.000 33.000 24.000 27.000 27.000 30.000 30.000 19.000 19.000 33.000 37.000 31.000 34.000 35.000 36.000 32.000 35.000 24.000 7.000 32.000 31.000 34.000 24.000 8.000 35.000 43.000 32.000 11.000 32.000 0.000 27.000 58.000 59.000 58.000 63.000 60.000 63.000 83.000 75.000 79.000 83.000 75.000 79.000 80.000 80.000 83.000 87.000 78.000 79.000 56.000 50.000 51.000 46.000 45.000 50.000
VAdist IGLV3-8*01 26.000 36.000 30.000 26.000 56.000 51.000 51.000 52.000 51.000 51.000 51.000 48.000 48.000 51.000 56.000 56.000 56.000 51.000 48.000 55.000 51.000 51.000 52.000 53.000 52.000 51.000 56.000 60.000 52.000 56.000 55.000 51.000 56.000 59.000 56.000 51.000 52.000 52.000 35.000 32.000 35.000 37.000 35.000 33.000 35.000 40.000 35.000 35.000 60.000 63.000 63.000 59.000 45.000 46.000 41.000 41.000 43.000 47.000 69.000 42.000 45.000 7.000 24.000 18.000 19.000 16.000 29.000 25.000 25.000 12.000 12.000 21.000 21.000 19.000 20.000 15.000 30.000 19.000 12.000 26.000 16.000 29.000 28.000 27.000 12.000 12.000 29.000 28.000 16.000 31.000 7.000 24.000 31.000 27.000 0.000 58.000 55.000 55.000 58.000 55.000 59.000 78.000 70.000 71.000 79.000 70.000 73.000 82.000 81.000 76.000 85.000 76.000 72.000 57.000 47.000 49.000 40.000 42.000 45.000
VAdist IGLV4-23*01 56.000 62.000 56.000 56.000 70.000 70.000 70.000 69.000 70.000 70.000 70.000 70.000 70.000 70.000 73.000 70.000 74.000 70.000 70.000 62.000 70.000 70.000 70.000 72.000 70.000 70.000 70.000 71.000 71.000 69.000 70.000 70.000 70.000 70.000 70.000 70.000 69.000 71.000 51.000 54.000 51.000 56.000 51.000 51.000 51.000 59.000 51.000 51.000 75.000 77.000 70.000 74.000 62.000 63.000 58.000 58.000 67.000 54.000 84.000 58.000 65.000 55.000 59.000 58.000 59.000 63.000 54.000 57.000 57.000 63.000 63.000 55.000 55.000 63.000 61.000 55.000 60.000 60.000 62.000 60.000 56.000 55.000 59.000 59.000 59.000 58.000 55.000 55.000 56.000 70.000 57.000 58.000 62.000 58.000 58.000 0.000 7.000 5.000 19.000 15.000 12.000 61.000 57.000 61.000 65.000 54.000 55.000 67.000 71.000 70.000 67.000 60.000 69.000 67.000 71.000 63.000 66.000 64.000 67.000
VAdist IGLV4-26*01 53.000 59.000 53.000 53.000 67.000 67.000 67.000 66.000 67.000 67.000 67.000 67.000 67.000 67.000 70.000 67.000 71.000 67.000 67.000 69.000 67.000 67.000 67.000 69.000 67.000 67.000 70.000 71.000 71.000 69.000 67.000 67.000 70.000 70.000 67.000 67.000 66.000 71.000 54.000 51.000 54.000 56.000 54.000 54.000 54.000 59.000 54.000 54.000 75.000 78.000 71.000 75.000 65.000 66.000 61.000 61.000 67.000 54.000 86.000 59.000 66.000 58.000 59.000 61.000 59.000 63.000 55.000 57.000 57.000 63.000 63.000 55.000 55.000 63.000 55.000 58.000 60.000 60.000 59.000 60.000 59.000 56.000 59.000 59.000 56.000 55.000 56.000 55.000 59.000 74.000 54.000 58.000 62.000 59.000 55.000 7.000 0.000 6.000 12.000 12.000 5.000 64.000 60.000 64.000 68.000 57.000 58.000 68.000 75.000 70.000 70.000 63.000 69.000 67.000 72.000 66.000 63.000 67.000 70.000
VAdist IGLV4-5*01 53.000 59.000 53.000 53.000 67.000 67.000 67.000 66.000 67.000 67.000 67.000 67.000 67.000 67.000 70.000 67.000 71.000 67.000 67.000 65.000 67.000 67.000 67.000 69.000 67.000 67.000 70.000 71.000 71.000 69.000 67.000 67.000 70.000 70.000 67.000 67.000 66.000 71.000 54.000 51.000 54.000 56.000 54.000 54.000 54.000 59.000 54.000 54.000 75.000 78.000 71.000 75.000 65.000 66.000 61.000 61.000 67.000 53.000 86.000 59.000 65.000 58.000 60.000 62.000 59.000 63.000 55.000 58.000 58.000 63.000 63.000 56.000 56.000 63.000 58.000 58.000 60.000 60.000 59.000 60.000 60.000 55.000 59.000 59.000 56.000 56.000 55.000 55.000 60.000 70.000 55.000 58.000 62.000 58.000 55.000 5.000 6.000 0.000 18.000 14.000 11.000 64.000 60.000 64.000 68.000 57.000 59.000 67.000 74.000 70.000 70.000 63.000 69.000 69.000 72.000 67.000 64.000 67.000 71.000
VAdist IGLV4-54*01 56.000 60.000 56.000 56.000 72.000 72.000 72.000 71.000 72.000 72.000 72.000 72.000 72.000 72.000 71.000 72.000 76.000 72.000 72.000 74.000 72.000 72.000 72.000 72.000 72.000 72.000 75.000 75.000 76.000 75.000 72.000 72.000 75.000 75.000 71.000 72.000 71.000 76.000 59.000 56.000 59.000 60.000 59.000 59.000 59.000 60.000 59.000 59.000 80.000 79.000 72.000 80.000 69.000 69.000 65.000 65.000 63.000 50.000 86.000 63.000 66.000 61.000 63.000 60.000 63.000 62.000 59.000 61.000 61.000 62.000 62.000 59.000 59.000 62.000 57.000 61.000 64.000 59.000 58.000 60.000 60.000 60.000 63.000 63.000 59.000 57.000 60.000 59.000 60.000 77.000 57.000 62.000 64.000 63.000 58.000 19.000 12.000 18.000 0.000 20.000 12.000 64.000 72.000 73.000 72.000 69.000 62.000 65.000 75.000 78.000 70.000 63.000 77.000 70.000 68.000 62.000 63.000 67.000 66.000
VAdist IGLV4-62*01 54.000 59.000 54.000 54.000 68.000 68.000 68.000 67.000 68.000 68.000 68.000 68.000 68.000 68.000 70.000 68.000 72.000 68.000 68.000 70.000 68.000 68.000 68.000 71.000 68.000 68.000 71.000 70.000 72.000 70.000 68.000 68.000 71.000 71.000 67.000 68.000 67.000 72.000 55.000 52.000 55.000 55.000 55.000 55.000 55.000 59.000 55.000 55.000 76.000 78.000 71.000 76.000 66.000 65.000 62.000 62.000 66.000 54.000 86.000 59.000 67.000 58.000 59.000 60.000 59.000 62.000 56.000 57.000 57.000 62.000 62.000 55.000 55.000 62.000 58.000 58.000 60.000 59.000 58.000 59.000 60.000 57.000 60.000 59.000 56.000 53.000 57.000 56.000 60.000 75.000 54.000 59.000 61.000 60.000 55.000 15.000 12.000 14.000 20.000 0.000 16.000 66.000 63.000 65.000 70.000 60.000 61.000 69.000 76.000 72.000 73.000 65.000 71.000 66.000 71.000 65.000 63.000 67.000 69.000
VAdist IGLV4-63*01 55.000 59.000 55.000 55.000 71.000 71.000 71.000 70.000 71.000 71.000 71.000 71.000 71.000 71.000 70.000 71.000 75.000 71.000 71.000 73.000 71.000 71.000 71.000 71.000 71.000 71.000 74.000 74.000 75.000 73.000 71.000 71.000 74.000 74.000 67.000 71.000 70.000 75.000 58.000 55.000 58.000 59.000 58.000 58.000 58.000 59.000 58.000 58.000 79.000 80.000 73.000 81.000 69.000 69.000 65.000 65.000 68.000 55.000 87.000 64.000 70.000 62.000 63.000 61.000 63.000 63.000 59.000 61.000 61.000 63.000 63.000 59.000 59.000 63.000 55.000 62.000 64.000 60.000 59.000 61.000 61.000 59.000 63.000 63.000 60.000 58.000 59.000 60.000 61.000 78.000 58.000 62.000 62.000 63.000 59.000 12.000 5.000 11.000 12.000 16.000 0.000 65.000 64.000 68.000 69.000 61.000 63.000 69.000 80.000 70.000 71.000 64.000 69.000 72.000 72.000 67.000 67.000 71.000 70.000
VAdist IGLV5-101*01 82.000 82.000 82.000 82.000 87.000 87.000 87.000 86.000 87.000 87.000 87.000 87.000 87.000 87.000 86.000 87.000 87.000 87.000 87.000 83.000 87.000 87.000 91.000 87.000 87.000 87.000 86.000 91.000 88.000 87.000 87.000 87.000 87.000 91.000 86.000 87.000 86.000 88.000 80.000 83.000 80.000 84.000 80.000 80.000 80.000 83.000 80.000 80.000 96.000 93.000 87.000 92.000 84.000 84.000 80.000 80.000 72.000 70.000 97.000 70.000 78.000 75.000 80.000 75.000 80.000 75.000 83.000 79.000 79.000 79.000 79.000 80.000 80.000 75.000 83.000 75.000 72.000 79.000 78.000 76.000 75.000 76.000 84.000 80.000 78.000 78.000 76.000 80.000 75.000 86.000 78.000 84.000 80.000 83.000 78.000 61.000 64.000 64.000 64.000 66.000 65.000 0.000 32.000 46.000 39.000 35.000 39.000 42.000 54.000 51.000 42.000 38.000 46.000 86.000 75.000 68.000 75.000 72.000 72.000
VAdist IGLV5-109*01 70.000 72.000 70.000 70.000 80.000 79.000 79.000 79.000 79.000 79.000 79.000 79.000 79.000 79.000 83.000 80.000 79.000 79.000 79.000 76.000 79.000 79.000 83.000 81.000 79.000 79.000 79.000 82.000 80.000 79.000 73.000 79.000 80.000 81.000 80.000 79.000 79.000 80.000 67.000 70.000 67.000 76.000 67.000 71.000 67.000 77.000 71.000 74.000 86.000 90.000 84.000 85.000 77.000 77.000 73.000 73.000 79.000 74.000 101.000 66.000 77.000 67.000 74.000 68.000 75.000 76.000 77.000 76.000 76.000 75.000 75.000 74.000 74.000 79.000 76.000 71.000 71.000 75.000 74.000 79.000 68.000 79.000 76.000 75.000 74.000 72.000 79.000 76.000 70.000 82.000 71.000 72.000 78.000 75.000 70.000 57.000 60.000 60.000 72.000 63.000 64.000 32.000 0.000 22.000 39.000 3.000 40.000 38.000 54.000 31.000 47.000 34.000 26.000 85.000 78.000 74.000 75.000 71.000 76.000
VAdist IGLV5-114*01 71.000 73.000 71.000 71.000 80.000 80.000 80.000 80.000 80.000 80.000 80.000 80.000 80.000 80.000 84.000 80.000 80.000 80.000 80.000 77.000 80.000 80.000 84.000 82.000 80.000 80.000 80.000 86.000 81.000 80.000 77.000 80.000 81.000 85.000 81.000 80.000 80.000 81.000 68.000 71.000 68.000 77.000 68.000 72.000 68.000 78.000 72.000 75.000 87.000 91.000 85.000 86.000 77.000 77.000 73.000 73.000 80.000 78.000 102.000 70.000 79.000 68.000 74.000 68.000 76.000 72.000 73.000 76.000 76.000 76.000 76.000 74.000 74.000 75.000 77.000 68.000 72.000 72.000 75.000 80.000 68.000 75.000 80.000 72.000 75.000 72.000 75.000 80.000 70.000 83.000 71.000 76.000 78.000 79.000 71.000 61.000 64.000 64.000 73.000 65.000 68.000 46.000 22.000 0.000 39.000 23.000 32.000 38.000 55.000 27.000 41.000 35.000 22.000 85.000 79.000 74.000 75.000 72.000 76.000
VAdist IGLV5-124*01 83.000 83.000 83.000 83.000 91.000 91.000 91.000 91.000 91.000 91.000 91.000 91.000 91.000 91.000 87.000 91.000 91.000 91.000 91.000 88.000 91.000 91.000 91.000 91.000 91.000 91.000 92.000 92.000 92.000 92.000 87.000 91.000 92.000 92.000 91.000 91.000 91.000 92.000 77.000 80.000 77.000 84.000 77.000 80.000 77.000 83.000 80.000 80.000 95.000 90.000 89.000 92.000 84.000 84.000 80.000 80.000 72.000 79.000 96.000 75.000 82.000 76.000 80.000 69.000 80.000 72.000 83.000 80.000 80.000 76.000 76.000 80.000 80.000 75.000 82.000 76.000 76.000 76.000 78.000 75.000 76.000 76.000 84.000 80.000 79.000 79.000 76.000 80.000 76.000 87.000 79.000 84.000 76.000 83.000 79.000 65.000 68.000 68.000 72.000 70.000 69.000 39.000 39.000 39.000 0.000 40.000 43.000 41.000 41.000 47.000 26.000 32.000 40.000 82.000 71.000 68.000 75.000 72.000 72.000
VAdist IGLV5-130*01 70.000 72.000 70.000 70.000 80.000 79.000 79.000 79.000 79.000 79.000 79.000 79.000 79.000 79.000 83.000 80.000 79.000 79.000 79.000 76.000 79.000 79.000 83.000 81.000 79.000 79.000 79.000 82.000 80.000 79.000 73.000 79.000 80.000 81.000 80.000 79.000 79.000 80.000 67.000 70.000 67.000 76.000 67.000 71.000 67.000 77.000 71.000 74.000 86.000 90.000 84.000 85.000 77.000 77.000 73.000 73.000 79.000 74.000 101.000 66.000 77.000 67.000 74.000 68.000 75.000 76.000 77.000 76.000 76.000 75.000 75.000 74.000 74.000 79.000 76.000 71.000 71.000 75.000 74.000 79.000 68.000 79.000 76.000 75.000 74.000 72.000 79.000 76.000 70.000 82.000 71.000 72.000 78.000 75.000 70.000 54.000 57.000 57.000 69.000 60.000 61.000 35.000 3.000 23.000 40.000 0.000 41.000 41.000 55.000 32.000 48.000 31.000 27.000 85.000 78.000 74.000 75.000 71.000 76.000
VAdist IGLV5-70*01 77.000 79.000 77.000 77.000 81.000 80.000 80.000 80.000 80.000 80.000 80.000 80.000 80.000 80.000 84.000 81.000 80.000 80.000 80.000 77.000 80.000 80.000 84.000 82.000 80.000 80.000 80.000 87.000 81.000 81.000 81.000 80.000 81.000 86.000 84.000 80.000 80.000 81.000 71.000 74.000 71.000 78.000 71.000 73.000 71.000 80.000 73.000 73.000 89.000 88.000 82.000 83.000 75.000 76.000 71.000 71.000 71.000 68.000 94.000 65.000 74.000 70.000 72.000 69.000 75.000 78.000 75.000 72.000 72.000 78.000 78.000 72.000 72.000 79.000 80.000 70.000 75.000 78.000 77.000 74.000 65.000 76.000 80.000 75.000 73.000 70.000 76.000 76.000 68.000 81.000 70.000 80.000 79.000 79.000 73.000 55.000 58.000 59.000 62.000 61.000 63.000 39.000 40.000 32.000 43.000 41.000 0.000 46.000 56.000 49.000 42.000 29.000 44.000 80.000 73.000 59.000 66.000 66.000 68.000
VAdist IGLV5-71*01 78.000 78.000 78.000 78.000 89.000 85.000 85.000 85.000 85.000 85.000 85.000 85.000 85.000 85.000 85.000 89.000 85.000 85.000 85.000 85.000 85.000 85.000 83.000 86.000 85.000 85.000 87.000 89.000 85.000 88.000 86.000 85.000 88.000 89.000 85.000 85.000 85.000 85.000 76.000 76.000 76.000 80.000 76.000 80.000 76.000 78.000 80.000 83.000 91.000 90.000 84.000 89.000 85.000 84.000 81.000 81.000 71.000 71.000 95.000 78.000 75.000 82.000 83.000 78.000 83.000 78.000 80.000 83.000 83.000 82.000 82.000 83.000 83.000 78.000 84.000 82.000 83.000 82.000 82.000 79.000 80.000 73.000 83.000 83.000 82.000 82.000 73.000 79.000 82.000 85.000 82.000 83.000 83.000 80.000 82.000 67.000 68.000 67.000 65.000 69.000 69.000 42.000 38.000 38.000 41.000 41.000 46.000 0.000 50.000 49.000 42.000 44.000 48.000 85.000 79.000 73.000 79.000 79.000 79.000
VAdist IGLV5-76*01 84.000 86.000 84.000 84.000 90.000 90.000 90.000 90.000 90.000 90.000 90.000 90.000 90.000 90.000 94.000 90.000 90.000 90.000 90.000 87.000 90.000 90.000 90.000 92.000 90.000 90.000 91.000 92.000 88.000 91.000 87.000 90.000 91.000 91.000 94.000 90.000 90.000 91.000 75.000 78.000 75.000 84.000 75.000 79.000 75.000 87.000 79.000 79.000 90.000 92.000 96.000 88.000 80.000 81.000 80.000 80.000 78.000 76.000 98.000 78.000 74.000 78.000 83.000 78.000 83.000 82.000 80.000 83.000 83.000 86.000 86.000 83.000 83.000 82.000 87.000 78.000 79.000 86.000 85.000 83.000 78.000 73.000 83.000 83.000 81.000 82.000 73.000 79.000 80.000 82.000 81.000 83.000 87.000 80.000 81.000 71.000 75.000 74.000 75.000 76.000 80.000 54.000 54.000 55.000 41.000 55.000 56.000 50.000 0.000 58.000 41.000 50.000 63.000 75.000 78.000 69.000 73.000 71.000 75.000
VAdist IGLV5-81*01 78.000 78.000 78.000 78.000 93.000 93.000 93.000 93.000 93.000 93.000 93.000 93.000 93.000 93.000 92.000 93.000 93.000 93.000 93.000 93.000 93.000 93.000 93.000 92.000 93.000 93.000 92.000 93.000 93.000 92.000 90.000 93.000 93.000 93.000 90.000 93.000 93.000 93.000 80.000 80.000 80.000 84.000 80.000 84.000 80.000 78.000 84.000 87.000 95.000 96.000 90.000 95.000 85.000 84.000 85.000 85.000 75.000 86.000 102.000 83.000 78.000 76.000 78.000 71.000 80.000 67.000 85.000 80.000 80.000 75.000 75.000 78.000 78.000 71.000 74.000 84.000 76.000 79.000 72.000 80.000 73.000 79.000 80.000 84.000 80.000 76.000 79.000 84.000 75.000 80.000 76.000 80.000 77.000 83.000 76.000 70.000 70.000 70.000 78.000 72.000 70.000 51.000 31.000 27.000 47.000 32.000 49.000 49.000 58.000 0.000 45.000 46.000 11.000 83.000 82.000 81.000 80.000 83.000 79.000
VAdist IGLV5-91*01 86.000 86.000 86.000 86.000 94.000 94.000 94.000 94.000 94.000 94.000 94.000 94.000 94.000 94.000 93.000 94.000 94.000 94.000 94.000 91.000 94.000 94.000 94.000 93.000 94.000 94.000 95.000 91.000 95.000 95.000 90.000 94.000 95.000 91.000 94.000 94.000 94.000 95.000 80.000 83.000 80.000 87.000 80.000 83.000 80.000 83.000 83.000 83.000 97.000 96.000 92.000 96.000 84.000 84.000 83.000 83.000 78.000 79.000 98.000 82.000 83.000 82.000 87.000 78.000 87.000 81.000 85.000 87.000 87.000 85.000 85.000 87.000 87.000 78.000 82.000 80.000 83.000 83.000 81.000 83.000 81.000 80.000 87.000 85.000 85.000 85.000 80.000 83.000 81.000 83.000 85.000 87.000 86.000 87.000 85.000 67.000 70.000 70.000 70.000 73.000 71.000 42.000 47.000 41.000 26.000 48.000 42.000 42.000 41.000 45.000 0.000 31.000 47.000 78.000 77.000 71.000 78.000 75.000 75.000
VAdist IGLV5-92*01 82.000 82.000 82.000 82.000 87.000 86.000 86.000 86.000 86.000 86.000 86.000 86.000 86.000 86.000 86.000 87.000 86.000 86.000 86.000 83.000 86.000 86.000 90.000 86.000 86.000 86.000 87.000 88.000 87.000 87.000 80.000 86.000 87.000 88.000 86.000 86.000 86.000 87.000 75.000 78.000 75.000 83.000 75.000 79.000 75.000 82.000 79.000 79.000 93.000 92.000 88.000 92.000 84.000 84.000 80.000 80.000 70.000 67.000 93.000 67.000 74.000 73.000 79.000 70.000 78.000 78.000 83.000 79.000 79.000 77.000 77.000 79.000 79.000 77.000 80.000 74.000 74.000 78.000 75.000 74.000 72.000 79.000 79.000 79.000 76.000 77.000 79.000 75.000 74.000 84.000 77.000 79.000 79.000 78.000 76.000 60.000 63.000 63.000 63.000 65.000 64.000 38.000 34.000 35.000 32.000 31.000 29.000 44.000 50.000 46.000 31.000 0.000 41.000 82.000 70.000 62.000 71.000 67.000 67.000
VAdist IGLV5-98*01 74.000 74.000 74.000 74.000 85.000 85.000 85.000 85.000 85.000 85.000 85.000 85.000 85.000 85.000 84.000 85.000 85.000 85.000 85.000 85.000 85.000 85.000 89.000 84.000 85.000 85.000 84.000 89.000 85.000 84.000 82.000 85.000 85.000 89.000 82.000 85.000 85.000 85.000 76.000 76.000 76.000 80.000 76.000 80.000 76.000 74.000 80.000 83.000 91.000 92.000 89.000 91.000 85.000 84.000 81.000 81.000 71.000 78.000 98.000 75.000 78.000 72.000 74.000 67.000 76.000 63.000 81.000 76.000 76.000 71.000 71.000 74.000 74.000 67.000 70.000 80.000 72.000 75.000 68.000 76.000 69.000 75.000 76.000 80.000 76.000 72.000 75.000 80.000 71.000 79.000 72.000 76.000 73.000 79.000 72.000 69.000 69.000 69.000 77.000 71.000 69.000 46.000 26.000 22.000 40.000 27.000 44.000 48.000 63.000 11.000 47.000 41.000 0.000 84.000 79.000 78.000 80.000 80.000 76.000
VAdist IGLV7-69*01 55.000 64.000 55.000 59.000 61.000 61.000 61.000 61.000 61.000 61.000 62.000 64.000 61.000 61.000 64.000 61.000 65.000 61.000 64.000 61.000 61.000 61.000 61.000 64.000 64.000 61.000 64.000 62.000 64.000 62.000 63.000 61.000 63.000 63.000 67.000 64.000 64.000 61.000 56.000 52.000 56.000 55.000 56.000 55.000 56.000 60.000 56.000 53.000 67.000 67.000 67.000 64.000 55.000 53.000 59.000 59.000 46.000 55.000 73.000 43.000 47.000 57.000 60.000 58.000 56.000 52.000 56.000 56.000 56.000 60.000 60.000 56.000 56.000 60.000 59.000 56.000 61.000 60.000 58.000 57.000 57.000 57.000 52.000 57.000 56.000 50.000 57.000 54.000 54.000 64.000 55.000 57.000 60.000 56.000 57.000 67.000 67.000 69.000 70.000 66.000 72.000 86.000 85.000 85.000 82.000 85.000 80.000 85.000 75.000 83.000 78.000 82.000 84.000 0.000 38.000 35.000 32.000 34.000 46.000
VAdist IGLV8-108*01 48.000 55.000 47.000 52.000 60.000 56.000 56.000 56.000 56.000 56.000 57.000 59.000 56.000 56.000 52.000 60.000 60.000 56.000 59.000 55.000 56.000 56.000 56.000 56.000 59.000 56.000 59.000 62.000 59.000 58.000 62.000 56.000 59.000 62.000 59.000 59.000 59.000 56.000 51.000 48.000 51.000 51.000 51.000 51.000 51.000 50.000 50.000 50.000 63.000 59.000 59.000 59.000 62.000 62.000 58.000 58.000 32.000 45.000 62.000 38.000 41.000 46.000 55.000 44.000 44.000 46.000 53.000 51.000 51.000 43.000 43.000 51.000 51.000 49.000 47.000 42.000 52.000 43.000 41.000 47.000 48.000 55.000 51.000 47.000 43.000 48.000 55.000 51.000 47.000 58.000 49.000 54.000 47.000 50.000 47.000 71.000 72.000 72.000 68.000 71.000 72.000 75.000 78.000 79.000 71.000 78.000 73.000 79.000 78.000 82.000 77.000 70.000 79.000 38.000 0.000 22.000 22.000 15.000 34.000
VAdist IGLV8-119*01 50.000 54.000 50.000 54.000 59.000 58.000 58.000 58.000 58.000 58.000 59.000 61.000 58.000 58.000 58.000 59.000 62.000 58.000 61.000 55.000 58.000 58.000 58.000 58.000 61.000 58.000 62.000 63.000 62.000 61.000 62.000 58.000 62.000 63.000 61.000 61.000 61.000 59.000 49.000 48.000 49.000 55.000 49.000 51.000 49.000 55.000 51.000 50.000 66.000 63.000 63.000 63.000 58.000 58.000 54.000 54.000 35.000 43.000 59.000 34.000 44.000 46.000 52.000 40.000 51.000 50.000 51.000 48.000 48.000 50.000 50.000 48.000 48.000 51.000 54.000 46.000 55.000 50.000 48.000 47.000 38.000 52.000 52.000 51.000 49.000 44.000 52.000 48.000 41.000 69.000 45.000 55.000 52.000 51.000 49.000 63.000 66.000 67.000 62.000 65.000 67.000 68.000 74.000 74.000 68.000 74.000 59.000 73.000 69.000 81.000 71.000 62.000 78.000 35.000 22.000 0.000 18.000 15.000 20.000
VAdist IGLV8-77*01 43.000 55.000 45.000 47.000 52.000 51.000 51.000 51.000 51.000 51.000 52.000 52.000 49.000 51.000 55.000 52.000 55.000 51.000 52.000 54.000 51.000 51.000 51.000 53.000 54.000 51.000 58.000 56.000 56.000 53.000 51.000 51.000 54.000 55.000 58.000 54.000 54.000 53.000 46.000 39.000 46.000 48.000 46.000 42.000 46.000 54.000 46.000 48.000 58.000 65.000 65.000 61.000 52.000 50.000 48.000 48.000 39.000 46.000 64.000 35.000 33.000 45.000 48.000 45.000 43.000 50.000 47.000 44.000 44.000 50.000 50.000 44.000 44.000 51.000 51.000 45.000 50.000 50.000 45.000 47.000 43.000 51.000 47.000 46.000 42.000 38.000 51.000 48.000 42.000 65.000 36.000 51.000 51.000 46.000 40.000 66.000 63.000 64.000 63.000 63.000 67.000 75.000 75.000 75.000 75.000 75.000 66.000 79.000 73.000 80.000 78.000 71.000 80.000 32.000 22.000 18.000 0.000 13.000 26.000
VAdist IGLV8-84*01 45.000 54.000 44.000 49.000 55.000 51.000 51.000 51.000 51.000 51.000 52.000 54.000 51.000 51.000 55.000 55.000 55.000 51.000 54.000 48.000 51.000 51.000 51.000 53.000 54.000 51.000 55.000 55.000 55.000 50.000 53.000 51.000 51.000 54.000 58.000 54.000 54.000 52.000 40.000 39.000 40.000 44.000 40.000 40.000 40.000 50.000 39.000 42.000 55.000 61.000 61.000 57.000 54.000 52.000 50.000 50.000 36.000 45.000 66.000 33.000 33.000 39.000 51.000 45.000 44.000 50.000 49.000 47.000 47.000 47.000 47.000 47.000 47.000 50.000 47.000 35.000 47.000 47.000 41.000 48.000 43.000 51.000 46.000 42.000 38.000 44.000 51.000 47.000 42.000 58.000 44.000 50.000 50.000 45.000 42.000 64.000 67.000 67.000 67.000 67.000 71.000 72.000 71.000 72.000 72.000 71.000 66.000 79.000 71.000 83.000 75.000 67.000 80.000 34.000 15.000 15.000 13.000 0.000 23.000
VAdist IGLV8-90*01 50.000 54.000 50.000 54.000 59.000 58.000 58.000 58.000 58.000 58.000 59.000 61.000 58.000 58.000 58.000 59.000 62.000 58.000 61.000 55.000 58.000 58.000 58.000 58.000 61.000 58.000 62.000 59.000 62.000 58.000 58.000 58.000 58.000 59.000 61.000 61.000 61.000 59.000 47.000 46.000 47.000 51.000 47.000 47.000 47.000 54.000 47.000 50.000 62.000 65.000 65.000 65.000 58.000 55.000 54.000 54.000 36.000 48.000 66.000 43.000 40.000 42.000 48.000 38.000 47.000 47.000 51.000 44.000 44.000 46.000 46.000 44.000 44.000 47.000 50.000 46.000 50.000 50.000 44.000 47.000 38.000 51.000 51.000 50.000 45.000 41.000 51.000 52.000 38.000 65.000 41.000 52.000 47.000 50.000 45.000 67.000 70.000 71.000 66.000 69.000 70.000 72.000 76.000 76.000 72.000 76.000 68.000 79.000 75.000 79.000 75.000 67.000 76.000 46.000 34.000 20.000 26.000 23.000 0.000
num_VB_genes 58
VBdist IGHV1-38*01 0.000 7.000 10.000 48.000 49.000 46.000 48.000 45.000 44.000 47.000 43.000 50.000 48.000 44.000 53.000 51.000 54.000 52.000 44.000 48.000 50.000 45.000 45.000 49.000 43.000 53.000 57.000 51.000 51.000 44.000 44.000 44.000 43.000 49.000 52.000 43.000 10.000 4.000 41.000 47.000 44.000 45.000 48.000 55.000 52.000 54.000 52.000 51.000 49.000 41.000 49.000 60.000 35.000 35.000 35.000 36.000 39.000 43.000
VBdist IGHV1-55*01 7.000 0.000 3.000 45.000 50.000 47.000 49.000 46.000 45.000 48.000 44.000 51.000 41.000 45.000 54.000 52.000 47.000 45.000 45.000 49.000 51.000 46.000 46.000 50.000 44.000 54.000 58.000 44.000 52.000 45.000 45.000 45.000 44.000 42.000 53.000 44.000 3.000 11.000 42.000 48.000 45.000 46.000 49.000 48.000 54.000 49.000 45.000 52.000 50.000 42.000 50.000 57.000 42.000 42.000 42.000 43.000 46.000 50.000
VBdist IGHV1-59*01 10.000 3.000 0.000 44.000 49.000 46.000 48.000 43.000 42.000 47.000 41.000 48.000 40.000 42.000 53.000 51.000 44.000 45.000 44.000 48.000 48.000 43.000 43.000 49.000 41.000 53.000 57.000 41.000 51.000 42.000 44.000 42.000 41.000 39.000 52.000 41.000 0.000 14.000 42.000 45.000 44.000 43.000 48.000 47.000 53.000 46.000 44.000 51.000 49.000 42.000 47.000 56.000 41.000 41.000 41.000 42.000 45.000 49.000
VBdist IGHV3-10*01 48.000 45.000 44.000 0.000 22.000 20.000 28.000 24.000 23.000 21.000 30.000 35.000 4.000 23.000 31.000 24.000 29.000 29.000 22.000 28.000 27.000 26.000 21.000 27.000 29.000 26.000 38.000 26.000 31.000 23.000 24.000 27.000 21.000 21.000 28.000 29.000 44.000 52.000 27.000 26.000 24.000 21.000 24.000 24.000 34.000 22.000 25.000 28.000 22.000 27.000 31.000 47.000 49.000 49.000 49.000 54.000 53.000 57.000
VBdist IGHV3-11*01 49.000 50.000 49.000 22.000 0.000 15.000 22.000 18.000 7.000 15.000 22.000 33.000 22.000 7.000 19.000 15.000 25.000 26.000 15.000 16.000 25.000 20.000 14.000 19.000 22.000 22.000 31.000 22.000 23.000 7.000 18.000 15.000 17.000 18.000 22.000 22.000 49.000 53.000 23.000 18.000 20.000 14.000 15.000 19.000 30.000 16.000 22.000 19.000 18.000 23.000 36.000 55.000 43.000 43.000 43.000 46.000 47.000 54.000
VBdist IGHV3-13*01 46.000 47.000 46.000 20.000 15.000 0.000 16.000 13.000 16.000 17.000 19.000 31.000 20.000 16.000 16.000 16.000 22.000 18.000 2.000 8.000 23.000 15.000 13.000 12.000 13.000 15.000 38.000 15.000 16.000 16.000 12.000 16.000 9.000 17.000 19.000 13.000 46.000 50.000 28.000 15.000 12.000 13.000 4.000 20.000 23.000 22.000 14.000 16.000 11.000 28.000 39.000 52.000 49.000 49.000 49.000 50.000 53.000 56.000
VBdist IGHV3-16*01 48.000 49.000 48.000 28.000 22.000 16.000 0.000 22.000 25.000 8.000 26.000 23.000 28.000 25.000 15.000 20.000 29.000 26.000 16.000 20.000 23.000 24.000 23.000 15.000 19.000 26.000 34.000 22.000 23.000 25.000 4.000 25.000 15.000 27.000 23.000 19.000 48.000 52.000 26.000 22.000 24.000 23.000 12.000 24.000 30.000 26.000 22.000 20.000 22.000 26.000 35.000 49.000 48.000 48.000 48.000 49.000 52.000 52.000
VBdist IGHV3-17*01 45.000 46.000 43.000 24.000 18.000 13.000 22.000 0.000 11.000 19.000 6.000 27.000 24.000 11.000 23.000 19.000 11.000 16.000 11.000 19.000 18.000 2.000 7.000 15.000 12.000 12.000 41.000 12.000 17.000 11.000 18.000 3.000 7.000 12.000 25.000 12.000 43.000 49.000 28.000 2.000 23.000 7.000 15.000 23.000 24.000 18.000 15.000 22.000 8.000 28.000 35.000 53.000 53.000 53.000 53.000 54.000 57.000 60.000
VBdist IGHV3-20*01 44.000 45.000 42.000 23.000 7.000 16.000 25.000 11.000 0.000 18.000 17.000 30.000 23.000 0.000 22.000 18.000 22.000 23.000 14.000 19.000 22.000 13.000 7.000 22.000 15.000 23.000 34.000 19.000 24.000 0.000 21.000 8.000 10.000 11.000 25.000 15.000 42.000 48.000 23.000 13.000 23.000 7.000 18.000 22.000 31.000 17.000 22.000 22.000 19.000 23.000 35.000 54.000 46.000 46.000 46.000 49.000 50.000 57.000
VBdist IGHV3-28*01 47.000 48.000 47.000 21.000 15.000 17.000 8.000 19.000 18.000 0.000 23.000 20.000 21.000 18.000 19.000 13.000 26.000 27.000 17.000 21.000 20.000 21.000 16.000 16.000 20.000 23.000 30.000 23.000 24.000 18.000 5.000 22.000 16.000 20.000 24.000 20.000 47.000 51.000 19.000 19.000 25.000 16.000 13.000 17.000 31.000 19.000 23.000 21.000 19.000 19.000 32.000 50.000 46.000 46.000 46.000 47.000 50.000 53.000
VBdist IGHV3-29*01 43.000 44.000 41.000 30.000 22.000 19.000 26.000 6.000 17.000 23.000 0.000 31.000 30.000 17.000 27.000 23.000 15.000 23.000 17.000 23.000 22.000 6.000 13.000 19.000 18.000 18.000 45.000 16.000 19.000 17.000 22.000 9.000 13.000 18.000 29.000 18.000 41.000 47.000 32.000 4.000 27.000 13.000 19.000 27.000 26.000 22.000 22.000 26.000 14.000 32.000 39.000 59.000 53.000 53.000 53.000 54.000 57.000 60.000
VBdist IGHV3-3*01 50.000 51.000 48.000 35.000 33.000 31.000 23.000 27.000 30.000 20.000 31.000 0.000 35.000 30.000 30.000 23.000 31.000 38.000 31.000 35.000 12.000 29.000 28.000 26.000 28.000 30.000 45.000 31.000 34.000 30.000 19.000 30.000 24.000 32.000 38.000 28.000 48.000 50.000 34.000 27.000 39.000 28.000 27.000 27.000 45.000 31.000 37.000 35.000 30.000 34.000 36.000 57.000 51.000 51.000 51.000 52.000 55.000 56.000
VBdist IGHV3-31*01 48.000 41.000 40.000 4.000 22.000 20.000 28.000 24.000 23.000 21.000 30.000 35.000 0.000 23.000 31.000 24.000 25.000 25.000 22.000 28.000 27.000 26.000 21.000 27.000 29.000 26.000 38.000 22.000 31.000 23.000 24.000 27.000 21.000 17.000 28.000 29.000 40.000 52.000 27.000 26.000 24.000 21.000 24.000 20.000 33.000 18.000 21.000 28.000 22.000 27.000 31.000 48.000 49.000 49.000 49.000 54.000 53.000 57.000
VBdist IGHV3-32*01 44.000 45.000 42.000 23.000 7.000 16.000 25.000 11.000 0.000 18.000 17.000 30.000 23.000 0.000 22.000 18.000 22.000 23.000 14.000 19.000 22.000 13.000 7.000 22.000 15.000 23.000 34.000 19.000 24.000 0.000 21.000 8.000 10.000 11.000 25.000 15.000 42.000 48.000 23.000 13.000 23.000 7.000 18.000 22.000 31.000 17.000 22.000 22.000 19.000 23.000 35.000 54.000 46.000 46.000 46.000 49.000 50.000 57.000
VBdist IGHV3-34*01 53.000 54.000 53.000 31.000 19.000 16.000 15.000 23.000 22.000 19.000 27.000 30.000 31.000 22.000 0.000 16.000 27.000 27.000 16.000 20.000 22.000 25.000 23.000 8.000 23.000 24.000 41.000 23.000 20.000 22.000 15.000 26.000 18.000 27.000 26.000 23.000 53.000 57.000 32.000 23.000 24.000 23.000 12.000 20.000 31.000 29.000 23.000 23.000 20.000 32.000 46.000 58.000 49.000 49.000 49.000 50.000 53.000 56.000
VBdist IGHV3-35*01 51.000 52.000 51.000 24.000 15.000 16.000 20.000 19.000 18.000 13.000 23.000 23.000 24.000 18.000 16.000 0.000 23.000 27.000 16.000 20.000 15.000 21.000 15.000 12.000 21.000 20.000 37.000 23.000 20.000 18.000 16.000 22.000 19.000 19.000 27.000 21.000 51.000 55.000 24.000 19.000 24.000 15.000 12.000 4.000 31.000 22.000 23.000 24.000 16.000 24.000 43.000 58.000 50.000 50.000 50.000 51.000 54.000 58.000
VBdist IGHV3-36*01 54.000 47.000 44.000 29.000 25.000 22.000 29.000 11.000 22.000 26.000 15.000 31.000 25.000 22.000 27.000 23.000 0.000 18.000 22.000 25.000 22.000 13.000 18.000 19.000 23.000 15.000 44.000 7.000 23.000 22.000 25.000 14.000 18.000 15.000 31.000 23.000 44.000 58.000 35.000 11.000 29.000 18.000 22.000 19.000 28.000 17.000 17.000 25.000 11.000 35.000 42.000 60.000 53.000 53.000 53.000 54.000 57.000 57.000
VBdist IGHV3-37*01 52.000 45.000 45.000 29.000 26.000 18.000 26.000 16.000 23.000 27.000 23.000 38.000 25.000 23.000 27.000 27.000 18.000 0.000 16.000 23.000 30.000 18.000 19.000 19.000 20.000 25.000 49.000 11.000 23.000 23.000 22.000 19.000 15.000 16.000 29.000 20.000 45.000 56.000 35.000 19.000 27.000 19.000 19.000 23.000 25.000 21.000 4.000 26.000 21.000 35.000 46.000 58.000 60.000 60.000 60.000 61.000 64.000 67.000
VBdist IGHV3-39*01 44.000 45.000 44.000 22.000 15.000 2.000 16.000 11.000 14.000 17.000 17.000 31.000 22.000 14.000 16.000 16.000 22.000 16.000 0.000 8.000 23.000 13.000 11.000 12.000 11.000 17.000 38.000 15.000 14.000 14.000 12.000 14.000 7.000 15.000 19.000 11.000 44.000 48.000 28.000 13.000 12.000 11.000 4.000 20.000 21.000 22.000 12.000 16.000 13.000 28.000 39.000 50.000 49.000 49.000 49.000 50.000 53.000 56.000
VBdist IGHV3-4*01 48.000 49.000 48.000 28.000 16.000 8.000 20.000 19.000 19.000 21.000 23.000 35.000 28.000 19.000 20.000 20.000 25.000 23.000 8.000 0.000 27.000 21.000 19.000 16.000 19.000 23.000 38.000 18.000 20.000 19.000 16.000 19.000 15.000 23.000 11.000 19.000 48.000 52.000 28.000 19.000 4.000 19.000 8.000 24.000 27.000 26.000 19.000 15.000 19.000 28.000 37.000 55.000 49.000 49.000 49.000 49.000 53.000 56.000
VBdist IGHV3-40*01 50.000 51.000 48.000 27.000 25.000 23.000 23.000 18.000 22.000 20.000 22.000 12.000 27.000 22.000 22.000 15.000 22.000 30.000 23.000 27.000 0.000 20.000 20.000 18.000 24.000 25.000 45.000 23.000 26.000 22.000 19.000 21.000 16.000 24.000 30.000 24.000 48.000 54.000 31.000 18.000 31.000 20.000 19.000 19.000 37.000 23.000 29.000 27.000 21.000 31.000 36.000 61.000 50.000 50.000 50.000 51.000 54.000 59.000
VBdist IGHV3-42*01 45.000 46.000 43.000 26.000 20.000 15.000 24.000 2.000 13.000 21.000 6.000 29.000 26.000 13.000 25.000 21.000 13.000 18.000 13.000 21.000 20.000 0.000 9.000 17.000 14.000 14.000 43.000 14.000 19.000 13.000 20.000 5.000 9.000 14.000 27.000 14.000 43.000 49.000 30.000 4.000 25.000 9.000 17.000 25.000 26.000 20.000 17.000 24.000 10.000 30.000 37.000 55.000 53.000 53.000 53.000 54.000 57.000 60.000
VBdist IGHV3-43*01 45.000 46.000 43.000 21.000 14.000 13.000 23.000 7.000 7.000 16.000 13.000 28.000 21.000 7.000 23.000 15.000 18.000 19.000 11.000 19.000 20.000 9.000 0.000 18.000 12.000 19.000 35.000 15.000 20.000 7.000 19.000 10.000 8.000 8.000 26.000 12.000 43.000 49.000 24.000 9.000 23.000 0.000 15.000 19.000 27.000 15.000 18.000 23.000 15.000 24.000 36.000 53.000 53.000 53.000 53.000 54.000 57.000 60.000
VBdist IGHV3-48*01 49.000 50.000 49.000 27.000 19.000 12.000 15.000 15.000 22.000 16.000 19.000 26.000 27.000 22.000 8.000 12.000 19.000 19.000 12.000 16.000 18.000 17.000 18.000 0.000 19.000 16.000 42.000 15.000 12.000 22.000 11.000 18.000 14.000 23.000 22.000 19.000 49.000 53.000 28.000 15.000 20.000 18.000 8.000 16.000 23.000 25.000 15.000 19.000 12.000 28.000 42.000 58.000 49.000 49.000 49.000 50.000 53.000 57.000
VBdist IGHV3-51*01 43.000 44.000 41.000 29.000 22.000 13.000 19.000 12.000 15.000 20.000 18.000 28.000 29.000 15.000 23.000 21.000 23.000 20.000 11.000 19.000 24.000 14.000 12.000 19.000 0.000 24.000 41.000 16.000 21.000 15.000 15.000 15.000 8.000 16.000 26.000 0.000 41.000 47.000 28.000 14.000 23.000 12.000 15.000 25.000 28.000 23.000 19.000 23.000 20.000 28.000 36.000 53.000 52.000 52.000 52.000 53.000 56.000 59.000
VBdist IGHV3-52*01 53.000 54.000 53.000 26.000 22.000 15.000 26.000 12.000 23.000 23.000 18.000 30.000 26.000 23.000 24.000 20.000 15.000 25.000 17.000 23.000 25.000 14.000 19.000 16.000 24.000 0.000 45.000 22.000 20.000 23.000 22.000 15.000 19.000 24.000 29.000 24.000 53.000 53.000 35.000 14.000 27.000 19.000 19.000 24.000 30.000 28.000 21.000 26.000 4.000 35.000 45.000 56.000 54.000 54.000 54.000 55.000 58.000 50.000
VBdist IGHV3-53*01 57.000 58.000 57.000 38.000 31.000 38.000 34.000 41.000 34.000 30.000 45.000 45.000 38.000 34.000 41.000 37.000 44.000 49.000 38.000 38.000 45.000 43.000 35.000 42.000 41.000 45.000 0.000 41.000 46.000 34.000 34.000 38.000 41.000 41.000 45.000 41.000 57.000 61.000 41.000 41.000 42.000 35.000 38.000 41.000 53.000 44.000 45.000 39.000 41.000 41.000 38.000 55.000 51.000 51.000 51.000 54.000 47.000 50.000
VBdist IGHV3-58*01 51.000 44.000 41.000 26.000 22.000 15.000 22.000 12.000 19.000 23.000 16.000 31.000 22.000 19.000 23.000 23.000 7.000 11.000 15.000 18.000 23.000 14.000 15.000 15.000 16.000 22.000 41.000 0.000 19.000 19.000 18.000 15.000 11.000 12.000 24.000 16.000 41.000 55.000 32.000 12.000 22.000 15.000 15.000 19.000 21.000 14.000 10.000 18.000 18.000 32.000 39.000 57.000 52.000 52.000 52.000 53.000 56.000 59.000
VBdist IGHV3-60*01 51.000 52.000 51.000 31.000 23.000 16.000 23.000 17.000 24.000 24.000 19.000 34.000 31.000 24.000 20.000 20.000 23.000 23.000 14.000 20.000 26.000 19.000 20.000 12.000 21.000 20.000 46.000 19.000 0.000 24.000 19.000 20.000 16.000 25.000 22.000 21.000 51.000 55.000 36.000 15.000 24.000 20.000 16.000 24.000 15.000 29.000 19.000 23.000 16.000 36.000 46.000 60.000 49.000 49.000 49.000 50.000 53.000 57.000
VBdist IGHV3-62*01 44.000 45.000 42.000 23.000 7.000 16.000 25.000 11.000 0.000 18.000 17.000 30.000 23.000 0.000 22.000 18.000 22.000 23.000 14.000 19.000 22.000 13.000 7.000 22.000 15.000 23.000 34.000 19.000 24.000 0.000 21.000 8.000 10.000 11.000 25.000 15.000 42.000 48.000 23.000 13.000 23.000 7.000 18.000 22.000 31.000 17.000 22.000 22.000 19.000 23.000 35.000 54.000 46.000 46.000 46.000 49.000 50.000 57.000
VBdist IGHV3-7*01 44.000 45.000 44.000 24.000 18.000 12.000 4.000 18.000 21.000 5.000 22.000 19.000 24.000 21.000 15.000 16.000 25.000 22.000 12.000 16.000 19.000 20.000 19.000 11.000 15.000 22.000 34.000 18.000 19.000 21.000 0.000 21.000 11.000 23.000 19.000 15.000 44.000 48.000 22.000 18.000 20.000 19.000 8.000 20.000 26.000 22.000 18.000 16.000 18.000 22.000 31.000 50.000 44.000 44.000 44.000 45.000 48.000 52.000
VBdist IGHV3-8*01 44.000 45.000 42.000 27.000 15.000 16.000 25.000 3.000 8.000 22.000 9.000 30.000 27.000 8.000 26.000 22.000 14.000 19.000 14.000 19.000 21.000 5.000 10.000 18.000 15.000 15.000 38.000 15.000 20.000 8.000 21.000 0.000 10.000 15.000 25.000 15.000 42.000 48.000 27.000 5.000 23.000 10.000 18.000 26.000 27.000 21.000 18.000 22.000 11.000 27.000 35.000 54.000 50.000 50.000 50.000 53.000 54.000 57.000
VBdist IGHV3S1*01 43.000 44.000 41.000 21.000 17.000 9.000 15.000 7.000 10.000 16.000 13.000 24.000 21.000 10.000 18.000 19.000 18.000 15.000 7.000 15.000 16.000 9.000 8.000 14.000 8.000 19.000 41.000 11.000 16.000 10.000 11.000 10.000 0.000 12.000 18.000 8.000 41.000 47.000 27.000 9.000 19.000 8.000 11.000 23.000 23.000 15.000 14.000 15.000 15.000 27.000 32.000 53.000 51.000 51.000 51.000 52.000 55.000 59.000
VBdist IGHV3S10*01 49.000 42.000 39.000 21.000 18.000 17.000 27.000 12.000 11.000 20.000 18.000 32.000 17.000 11.000 27.000 19.000 15.000 16.000 15.000 23.000 24.000 14.000 8.000 23.000 16.000 24.000 41.000 12.000 25.000 11.000 23.000 15.000 12.000 0.000 30.000 16.000 39.000 53.000 28.000 14.000 27.000 8.000 19.000 15.000 27.000 11.000 15.000 27.000 20.000 28.000 40.000 49.000 57.000 57.000 57.000 58.000 61.000 64.000
VBdist IGHV3S11*01 52.000 53.000 52.000 28.000 22.000 19.000 23.000 25.000 25.000 24.000 29.000 38.000 28.000 25.000 26.000 27.000 31.000 29.000 19.000 11.000 30.000 27.000 26.000 22.000 26.000 29.000 45.000 24.000 22.000 25.000 19.000 25.000 18.000 30.000 0.000 26.000 52.000 56.000 31.000 25.000 12.000 26.000 19.000 31.000 29.000 29.000 25.000 18.000 25.000 31.000 37.000 59.000 48.000 48.000 48.000 46.000 52.000 56.000
VBdist IGHV3S13*01 43.000 44.000 41.000 29.000 22.000 13.000 19.000 12.000 15.000 20.000 18.000 28.000 29.000 15.000 23.000 21.000 23.000 20.000 11.000 19.000 24.000 14.000 12.000 19.000 0.000 24.000 41.000 16.000 21.000 15.000 15.000 15.000 8.000 16.000 26.000 0.000 41.000 47.000 28.000 14.000 23.000 12.000 15.000 25.000 28.000 23.000 19.000 23.000 20.000 28.000 36.000 53.000 52.000 52.000 52.000 53.000 56.000 59.000
VBdist IGHV3S14*01 10.000 3.000 0.000 44.000 49.000 46.000 48.000 43.000 42.000 47.000 41.000 48.000 40.000 42.000 53.000 51.000 44.000 45.000 44.000 48.000 48.000 43.000 43.000 49.000 41.000 53.000 57.000 41.000 51.000 42.000 44.000 42.000 41.000 39.000 52.000 41.000 0.000 14.000 42.000 45.000 44.000 43.000 48.000 47.000 53.000 46.000 44.000 51.000 49.000 42.000 47.000 56.000 41.000 41.000 41.000 42.000 45.000 49.000
VBdist IGHV3S15*01 4.000 11.000 14.000 52.000 53.000 50.000 52.000 49.000 48.000 51.000 47.000 50.000 52.000 48.000 57.000 55.000 58.000 56.000 48.000 52.000 54.000 49.000 49.000 53.000 47.000 53.000 61.000 55.000 55.000 48.000 48.000 48.000 47.000 53.000 56.000 47.000 14.000 0.000 45.000 51.000 48.000 49.000 52.000 59.000 56.000 58.000 56.000 55.000 53.000 45.000 53.000 61.000 39.000 39.000 39.000 40.000 43.000 43.000
VBdist IGHV3S16*01 41.000 42.000 42.000 27.000 23.000 28.000 26.000 28.000 23.000 19.000 32.000 34.000 27.000 23.000 32.000 24.000 35.000 35.000 28.000 28.000 31.000 30.000 24.000 28.000 28.000 35.000 41.000 32.000 36.000 23.000 22.000 27.000 27.000 28.000 31.000 28.000 42.000 45.000 0.000 28.000 24.000 24.000 24.000 28.000 43.000 30.000 35.000 31.000 31.000 0.000 34.000 58.000 49.000 49.000 49.000 50.000 53.000 56.000
VBdist IGHV3S17*01 47.000 48.000 45.000 26.000 18.000 15.000 22.000 2.000 13.000 19.000 4.000 27.000 26.000 13.000 23.000 19.000 11.000 19.000 13.000 19.000 18.000 4.000 9.000 15.000 14.000 14.000 41.000 12.000 15.000 13.000 18.000 5.000 9.000 14.000 25.000 14.000 45.000 51.000 28.000 0.000 23.000 9.000 15.000 23.000 22.000 18.000 18.000 22.000 10.000 28.000 35.000 55.000 53.000 53.000 53.000 54.000 57.000 60.000
VBdist IGHV3S18*01 44.000 45.000 44.000 24.000 20.000 12.000 24.000 23.000 23.000 25.000 27.000 39.000 24.000 23.000 24.000 24.000 29.000 27.000 12.000 4.000 31.000 25.000 23.000 20.000 23.000 27.000 42.000 22.000 24.000 23.000 20.000 23.000 19.000 27.000 12.000 23.000 44.000 48.000 24.000 23.000 0.000 23.000 12.000 28.000 31.000 30.000 23.000 19.000 23.000 24.000 33.000 55.000 45.000 45.000 45.000 49.000 49.000 52.000
VBdist IGHV3S2*01 45.000 46.000 43.000 21.000 14.000 13.000 23.000 7.000 7.000 16.000 13.000 28.000 21.000 7.000 23.000 15.000 18.000 19.000 11.000 19.000 20.000 9.000 0.000 18.000 12.000 19.000 35.000 15.000 20.000 7.000 19.000 10.000 8.000 8.000 26.000 12.000 43.000 49.000 24.000 9.000 23.000 0.000 15.000 19.000 27.000 15.000 18.000 23.000 15.000 24.000 36.000 53.000 53.000 53.000 53.000 54.000 57.000 60.000
VBdist IGHV3S27*01 48.000 49.000 48.000 24.000 15.000 4.000 12.000 15.000 18.000 13.000 19.000 27.000 24.000 18.000 12.000 12.000 22.000 19.000 4.000 8.000 19.000 17.000 15.000 8.000 15.000 19.000 38.000 15.000 16.000 18.000 8.000 18.000 11.000 19.000 19.000 15.000 48.000 52.000 24.000 15.000 12.000 15.000 0.000 16.000 23.000 22.000 15.000 16.000 15.000 24.000 39.000 54.000 49.000 49.000 49.000 50.000 53.000 56.000
VBdist IGHV3S3*01 55.000 48.000 47.000 24.000 19.000 20.000 24.000 23.000 22.000 17.000 27.000 27.000 20.000 22.000 20.000 4.000 19.000 23.000 20.000 24.000 19.000 25.000 19.000 16.000 25.000 24.000 41.000 19.000 24.000 22.000 20.000 26.000 23.000 15.000 31.000 25.000 47.000 59.000 28.000 23.000 28.000 19.000 16.000 0.000 30.000 18.000 19.000 28.000 20.000 28.000 47.000 58.000 54.000 54.000 54.000 55.000 58.000 62.000
VBdist IGHV3S30*01 52.000 54.000 53.000 34.000 30.000 23.000 30.000 24.000 31.000 31.000 26.000 45.000 33.000 31.000 31.000 31.000 28.000 25.000 21.000 27.000 37.000 26.000 27.000 23.000 28.000 30.000 53.000 21.000 15.000 31.000 26.000 27.000 23.000 27.000 29.000 28.000 53.000 56.000 43.000 22.000 31.000 27.000 23.000 30.000 0.000 29.000 21.000 30.000 26.000 43.000 53.000 63.000 51.000 51.000 51.000 52.000 55.000 58.000
VBdist IGHV3S32*01 54.000 49.000 46.000 22.000 16.000 22.000 26.000 18.000 17.000 19.000 22.000 31.000 18.000 17.000 29.000 22.000 17.000 21.000 22.000 26.000 23.000 20.000 15.000 25.000 23.000 28.000 44.000 14.000 29.000 17.000 22.000 21.000 15.000 11.000 29.000 23.000 46.000 58.000 30.000 18.000 30.000 15.000 22.000 18.000 29.000 0.000 20.000 26.000 24.000 30.000 37.000 60.000 57.000 57.000 57.000 58.000 61.000 65.000
VBdist IGHV3S33*01 52.000 45.000 44.000 25.000 22.000 14.000 22.000 15.000 22.000 23.000 22.000 37.000 21.000 22.000 23.000 23.000 17.000 4.000 12.000 19.000 29.000 17.000 18.000 15.000 19.000 21.000 45.000 10.000 19.000 22.000 18.000 18.000 14.000 15.000 25.000 19.000 44.000 56.000 35.000 18.000 23.000 18.000 15.000 19.000 21.000 20.000 0.000 22.000 17.000 35.000 45.000 54.000 56.000 56.000 56.000 57.000 60.000 63.000
VBdist IGHV3S34*01 51.000 52.000 51.000 28.000 19.000 16.000 20.000 22.000 22.000 21.000 26.000 35.000 28.000 22.000 23.000 24.000 25.000 26.000 16.000 15.000 27.000 24.000 23.000 19.000 23.000 26.000 39.000 18.000 23.000 22.000 16.000 22.000 15.000 27.000 18.000 23.000 51.000 55.000 31.000 22.000 19.000 23.000 16.000 28.000 30.000 26.000 22.000 0.000 22.000 31.000 39.000 55.000 48.000 48.000 48.000 48.000 52.000 56.000
VBdist IGHV3S5*01 49.000 50.000 49.000 22.000 18.000 11.000 22.000 8.000 19.000 19.000 14.000 30.000 22.000 19.000 20.000 16.000 11.000 21.000 13.000 19.000 21.000 10.000 15.000 12.000 20.000 4.000 41.000 18.000 16.000 19.000 18.000 11.000 15.000 20.000 25.000 20.000 49.000 53.000 31.000 10.000 23.000 15.000 15.000 20.000 26.000 24.000 17.000 22.000 0.000 31.000 41.000 55.000 50.000 50.000 50.000 51.000 54.000 54.000
VBdist IGHV3S7*01 41.000 42.000 42.000 27.000 23.000 28.000 26.000 28.000 23.000 19.000 32.000 34.000 27.000 23.000 32.000 24.000 35.000 35.000 28.000 28.000 31.000 30.000 24.000 28.000 28.000 35.000 41.000 32.000 36.000 23.000 22.000 27.000 27.000 28.000 31.000 28.000 42.000 45.000 0.000 28.000 24.000 24.000 24.000 28.000 43.000 30.000 35.000 31.000 31.000 0.000 34.000 58.000 49.000 49.000 49.000 50.000 53.000 56.000
VBdist IGHV3S9*01 49.000 50.000 47.000 31.000 36.000 39.000 35.000 35.000 35.000 32.000 39.000 36.000 31.000 35.000 46.000 43.000 42.000 46.000 39.000 37.000 36.000 37.000 36.000 42.000 36.000 45.000 38.000 39.000 46.000 35.000 31.000 35.000 32.000 40.000 37.000 36.000 47.000 53.000 34.000 35.000 33.000 36.000 39.000 47.000 53.000 37.000 45.000 39.000 41.000 34.000 0.000 51.000 53.000 53.000 53.000 57.000 49.000 61.000
VBdist IGHV4-2*01 60.000 57.000 56.000 47.000 55.000 52.000 49.000 53.000 54.000 50.000 59.000 57.000 48.000 54.000 58.000 58.000 60.000 58.000 50.000 55.000 61.000 55.000 53.000 58.000 53.000 56.000 55.000 57.000 60.000 54.000 50.000 54.000 53.000 49.000 59.000 53.000 56.000 61.000 58.000 55.000 55.000 53.000 54.000 58.000 63.000 60.000 54.000 55.000 55.000 58.000 51.000 0.000 65.000 65.000 65.000 65.000 69.000 65.000
VBdist IGHV7-14*01 35.000 42.000 41.000 49.000 43.000 49.000 48.000 53.000 46.000 46.000 53.000 51.000 49.000 46.000 49.000 50.000 53.000 60.000 49.000 49.000 50.000 53.000 53.000 49.000 52.000 54.000 51.000 52.000 49.000 46.000 44.000 50.000 51.000 57.000 48.000 52.000 41.000 39.000 49.000 53.000 45.000 53.000 49.000 54.000 51.000 57.000 56.000 48.000 50.000 49.000 53.000 65.000 0.000 0.000 0.000 11.000 4.000 16.000
VBdist IGHV7-26*01 35.000 42.000 41.000 49.000 43.000 49.000 48.000 53.000 46.000 46.000 53.000 51.000 49.000 46.000 49.000 50.000 53.000 60.000 49.000 49.000 50.000 53.000 53.000 49.000 52.000 54.000 51.000 52.000 49.000 46.000 44.000 50.000 51.000 57.000 48.000 52.000 41.000 39.000 49.000 53.000 45.000 53.000 49.000 54.000 51.000 57.000 56.000 48.000 50.000 49.000 53.000 65.000 0.000 0.000 0.000 11.000 4.000 16.000
VBdist IGHV7-44*01 35.000 42.000 41.000 49.000 43.000 49.000 48.000 53.000 46.000 46.000 53.000 51.000 49.000 46.000 49.000 50.000 53.000 60.000 49.000 49.000 50.000 53.000 53.000 49.000 52.000 54.000 51.000 52.000 49.000 46.000 44.000 50.000 51.000 57.000 48.000 52.000 41.000 39.000 49.000 53.000 45.000 53.000 49.000 54.000 51.000 57.000 56.000 48.000 50.000 49.000 53.000 65.000 0.000 0.000 0.000 11.000 4.000 16.000
VBdist IGHV7-49*01 36.000 43.000 42.000 54.000 46.000 50.000 49.000 54.000 49.000 47.000 54.000 52.000 54.000 49.000 50.000 51.000 54.000 61.000 50.000 49.000 51.000 54.000 54.000 50.000 53.000 55.000 54.000 53.000 50.000 49.000 45.000 53.000 52.000 58.000 46.000 53.000 42.000 40.000 50.000 54.000 49.000 54.000 50.000 55.000 52.000 58.000 57.000 48.000 51.000 50.000 57.000 65.000 11.000 11.000 11.000 0.000 15.000 27.000
VBdist IGHV7-5*01 39.000 46.000 45.000 53.000 47.000 53.000 52.000 57.000 50.000 50.000 57.000 55.000 53.000 50.000 53.000 54.000 57.000 64.000 53.000 53.000 54.000 57.000 57.000 53.000 56.000 58.000 47.000 56.000 53.000 50.000 48.000 54.000 55.000 61.000 52.000 56.000 45.000 43.000 53.000 57.000 49.000 57.000 53.000 58.000 55.000 61.000 60.000 52.000 54.000 53.000 49.000 69.000 4.000 4.000 4.000 15.000 0.000 20.000
VBdist IGHV7S1*01 43.000 50.000 49.000 57.000 54.000 56.000 52.000 60.000 57.000 53.000 60.000 56.000 57.000 57.000 56.000 58.000 57.000 67.000 56.000 56.000 59.000 60.000 60.000 57.000 59.000 50.000 50.000 59.000 57.000 57.000 52.000 57.000 59.000 64.000 56.000 59.000 49.000 43.000 56.000 60.000 52.000 60.000 56.000 62.000 58.000 65.000 63.000 56.000 54.000 56.000 61.000 65.000 16.000 16.000 16.000 27.000 20.000 0.000
