AAdist A 0.000 4.000 4.000 4.000 4.000 4.000 4.000 4.000 4.000 4.000 4.000 4.000 4.000 4.000 4.000 3.000 4.000 4.000 4.000 4.000
AAdist C 4.000 0.000 4.000 4.000 4.000 4.000 4.000 4.000 4.000 4.000 4.000 4.000 4.000 4.000 4.000 4.000 4.000 4.000 4.000 4.000
AAdist D 4.000 4.000 0.000 2.000 4.000 4.000 4.000 4.000 4.000 4.000 4.000 3.000 4.000 4.000 4.000 4.000 4.000 4.000 4.000 4.000
AAdist E 4.000 4.000 2.000 0.000 4.000 4.000 4.000 4.000 3.000 4.000 4.000 4.000 4.000 2.000 4.000 4.000 4.000 4.000 4.000 4.000
AAdist F 4.000 4.000 4.000 4.000 0.000 4.000 4.000 4.000 4.000 4.000 4.000 4.000 4.000 4.000 4.000 4.000 4.000 4.000 3.000 1.000
AAdist G 4.000 4.000 4.000 4.000 4.000 0.000 4.000 4.000 4.000 4.000 4.000 4.000 4.000 4.000 4.000 4.000 4.000 4.000 4.000 4.000
AAdist H 4.000 4.000 4.000 4.000 4.000 4.000 0.000 4.000 4.000 4.000 4.000 3.000 4.000 4.000 4.000 4.000 4.000 4.000 4.000 2.000
AAdist I 4.000 4.000 4.000 4.000 4.000 4.000 4.000 0.000 4.000 2.000 3.000 4.000 4.000 4.000 4.000 4.000 4.000 1.000 4.000 4.000
AAdist K 4.000 4.000 4.000 3.000 4.000 4.000 4.000 4.000 0.000 4.000 4.000 4.000 4.000 3.000 2.000 4.000 4.000 4.000 4.000 4.000
AAdist L 4.000 4.000 4.000 4.000 4.000 4.000 4.000 2.000 4.000 0.000 2.000 4.000 4.000 4.000 4.000 4.000 4.000 3.000 4.000 4.000
AAdist M 4.000 4.000 4.000 4.000 4.000 4.000 4.000 3.000 4.000 2.000 0.000 4.000 4.000 4.000 4.000 4.000 4.000 3.000 4.000 4.000
AAdist N 4.000 4.000 3.000 4.000 4.000 4.000 3.000 4.000 4.000 4.000 4.000 0.000 4.000 4.000 4.000 3.000 4.000 4.000 4.000 4.000
AAdist P 4.000 4.000 4.000 4.000 4.000 4.000 4.000 4.000 4.000 4.000 4.000 4.000 0.000 4.000 4.000 4.000 4.000 4.000 4.000 4.000
AAdist Q 4.000 4.000 4.000 2.000 4.000 4.000 4.000 4.000 3.000 4.000 4.000 4.000 4.000 0.000 3.000 4.000 4.000 4.000 4.000 4.000
AAdist R 4.000 4.000 4.000 4.000 4.000 4.000 4.000 4.000 2.000 4.000 4.000 4.000 4.000 3.000 0.000 4.000 4.000 4.000 4.000 4.000
AAdist S 3.000 4.000 4.000 4.000 4.000 4.000 4.000 4.000 4.000 4.000 4.000 3.000 4.000 4.000 4.000 0.000 3.000 4.000 4.000 4.000
AAdist T 4.000 4.000 4.000 4.000 4.000 4.000 4.000 4.000 4.000 4.000 4.000 4.000 4.000 4.000 4.000 3.000 0.000 4.000 4.000 4.000
AAdist V 4.000 4.000 4.000 4.000 4.000 4.000 4.000 1.000 4.000 3.000 3.000 4.000 4.000 4.000 4.000 4.000 4.000 0.000 4.000 4.000
AAdist W 4.000 4.000 4.000 4.000 3.000 4.000 4.000 4.000 4.000 4.000 4.000 4.000 4.000 4.000 4.000 4.000 4.000 4.000 0.000 2.000
AAdist Y 4.000 4.000 4.000 4.000 1.000 4.000 2.000 4.000 4.000 4.000 4.000 4.000 4.000 4.000 4.000 4.000 4.000 4.000 2.000 0.000
num_VA_genes 0
num_VB_genes 157
VBdist IGHV1-10*01 0.000 62.000 56.000 56.000 64.000 61.000 61.000 39.000 42.000 51.000 62.000 65.000 65.000 65.000 56.000 52.000 35.000 35.000 54.000 61.000 61.000 62.000 62.000 62.000 62.000 62.000 60.000 60.000 56.000 65.000 60.000 85.000 85.000 85.000 85.000 85.000 72.000 73.000 64.000 64.000 68.000 62.000 68.000 68.000 62.000 56.000 53.000 58.000 57.000 57.000 54.000 57.000 57.000 60.000 60.000 60.000 63.000 67.000 61.000 48.000 66.000 47.000 50.000 20.000 58.000 51.000 28.000 67.000 67.000 47.000 47.000 51.000 28.000 28.000 39.000 44.000 16.000 16.000 66.000 66.000 67.000 67.000 70.000 72.000 68.000 68.000 66.000 68.000 68.000 68.000 68.000 75.000 75.000 76.000 65.000 64.000 64.000 68.000 62.000 58.000 61.000 69.000 61.000 69.000 61.000 61.000 69.000 69.000 68.000 59.000 68.000 68.000 69.000 69.000 73.000 64.000 67.000 68.000 68.000 75.000 67.000 64.000 64.000 80.000 80.000 80.000 80.000 80.000 79.000 80.000 78.000 66.000 66.000 67.000 67.000 62.000 62.000 62.000 62.000 66.000 71.000 71.000 67.000 67.000 71.000 69.000 53.000 53.000 51.000 49.000 46.000 57.000 57.000 49.000 49.000 55.000 55.000
VBdist IGHV1-13*01 62.000 0.000 31.000 31.000 22.000 21.000 21.000 53.000 50.000 35.000 12.000 12.000 12.000 12.000 38.000 34.000 64.000 64.000 38.000 48.000 48.000 32.000 32.000 32.000 32.000 33.000 56.000 56.000 52.000 55.000 56.000 68.000 68.000 68.000 68.000 70.000 56.000 60.000 51.000 51.000 59.000 59.000 59.000 59.000 59.000 38.000 35.000 37.000 38.000 40.000 33.000 38.000 38.000 50.000 50.000 50.000 50.000 43.000 64.000 45.000 64.000 53.000 74.000 60.000 66.000 31.000 56.000 65.000 65.000 57.000 53.000 31.000 56.000 56.000 69.000 70.000 64.000 64.000 40.000 40.000 35.000 35.000 41.000 42.000 45.000 45.000 43.000 44.000 44.000 44.000 41.000 59.000 59.000 52.000 46.000 42.000 64.000 63.000 58.000 61.000 55.000 45.000 62.000 45.000 61.000 62.000 45.000 45.000 63.000 55.000 51.000 51.000 50.000 50.000 55.000 54.000 47.000 54.000 58.000 62.000 47.000 54.000 54.000 70.000 74.000 74.000 74.000 74.000 73.000 74.000 73.000 43.000 43.000 46.000 46.000 43.000 43.000 43.000 43.000 43.000 51.000 50.000 50.000 50.000 48.000 52.000 48.000 48.000 58.000 47.000 43.000 53.000 53.000 44.000 44.000 61.000 61.000
VBdist IGHV1-18*01 56.000 31.000 0.000 0.000 34.000 33.000 33.000 48.000 45.000 27.000 33.000 35.000 35.000 35.000 28.000 24.000 60.000 60.000 30.000 48.000 48.000 42.000 42.000 42.000 42.000 46.000 51.000 51.000 50.000 54.000 51.000 68.000 68.000 68.000 68.000 70.000 51.000 55.000 42.000 42.000 50.000 53.000 50.000 50.000 53.000 37.000 36.000 36.000 40.000 44.000 35.000 40.000 40.000 47.000 47.000 47.000 54.000 58.000 61.000 42.000 70.000 61.000 62.000 58.000 63.000 27.000 53.000 70.000 70.000 65.000 61.000 27.000 53.000 53.000 57.000 63.000 57.000 57.000 51.000 51.000 46.000 46.000 52.000 50.000 57.000 55.000 54.000 52.000 52.000 52.000 49.000 61.000 61.000 55.000 45.000 41.000 56.000 55.000 50.000 48.000 47.000 54.000 50.000 54.000 46.000 49.000 54.000 54.000 55.000 56.000 63.000 63.000 59.000 59.000 65.000 68.000 59.000 60.000 62.000 73.000 59.000 68.000 68.000 72.000 76.000 76.000 76.000 76.000 76.000 76.000 75.000 48.000 48.000 49.000 49.000 48.000 48.000 48.000 48.000 48.000 56.000 54.000 54.000 54.000 50.000 54.000 47.000 45.000 64.000 45.000 49.000 54.000 54.000 50.000 50.000 62.000 62.000
VBdist IGHV1-18*02 56.000 31.000 0.000 0.000 34.000 33.000 33.000 48.000 45.000 27.000 33.000 35.000 35.000 35.000 28.000 24.000 60.000 60.000 30.000 48.000 48.000 42.000 42.000 42.000 42.000 46.000 51.000 51.000 50.000 54.000 51.000 68.000 68.000 68.000 68.000 70.000 51.000 55.000 42.000 42.000 50.000 53.000 50.000 50.000 53.000 37.000 36.000 36.000 40.000 44.000 35.000 40.000 40.000 47.000 47.000 47.000 54.000 58.000 61.000 42.000 70.000 61.000 62.000 58.000 63.000 27.000 53.000 70.000 70.000 65.000 61.000 27.000 53.000 53.000 57.000 63.000 57.000 57.000 51.000 51.000 46.000 46.000 52.000 50.000 57.000 55.000 54.000 52.000 52.000 52.000 49.000 61.000 61.000 55.000 45.000 41.000 56.000 55.000 50.000 48.000 47.000 54.000 50.000 54.000 46.000 49.000 54.000 54.000 55.000 56.000 63.000 63.000 59.000 59.000 65.000 68.000 59.000 60.000 62.000 73.000 59.000 68.000 68.000 72.000 76.000 76.000 76.000 76.000 76.000 76.000 75.000 48.000 48.000 49.000 49.000 48.000 48.000 48.000 48.000 48.000 56.000 54.000 54.000 54.000 50.000 54.000 47.000 45.000 64.000 45.000 49.000 54.000 54.000 50.000 50.000 62.000 62.000
VBdist IGHV1-2*01 64.000 22.000 34.000 34.000 0.000 3.000 3.000 49.000 50.000 40.000 28.000 30.000 30.000 30.000 43.000 39.000 60.000 60.000 43.000 55.000 55.000 45.000 45.000 45.000 45.000 46.000 47.000 47.000 51.000 51.000 47.000 67.000 67.000 67.000 67.000 69.000 55.000 55.000 52.000 52.000 60.000 57.000 60.000 60.000 57.000 45.000 45.000 43.000 46.000 50.000 43.000 46.000 46.000 59.000 59.000 59.000 60.000 56.000 61.000 54.000 64.000 49.000 72.000 58.000 63.000 36.000 48.000 64.000 64.000 53.000 49.000 36.000 48.000 48.000 67.000 67.000 56.000 56.000 48.000 48.000 47.000 47.000 49.000 54.000 53.000 51.000 52.000 53.000 53.000 53.000 53.000 59.000 59.000 56.000 47.000 47.000 65.000 64.000 56.000 59.000 61.000 47.000 57.000 47.000 56.000 56.000 47.000 47.000 64.000 57.000 52.000 52.000 55.000 55.000 58.000 53.000 52.000 53.000 55.000 66.000 52.000 53.000 53.000 72.000 76.000 76.000 76.000 76.000 76.000 76.000 75.000 57.000 57.000 58.000 58.000 57.000 57.000 57.000 57.000 57.000 61.000 62.000 62.000 62.000 58.000 62.000 45.000 47.000 54.000 46.000 44.000 47.000 47.000 45.000 45.000 51.000 51.000
VBdist IGHV1-2*02 61.000 21.000 33.000 33.000 3.000 0.000 0.000 46.000 49.000 39.000 27.000 29.000 29.000 29.000 42.000 38.000 57.000 57.000 42.000 54.000 54.000 44.000 44.000 44.000 44.000 45.000 50.000 50.000 54.000 51.000 50.000 67.000 67.000 67.000 67.000 69.000 54.000 55.000 51.000 51.000 59.000 54.000 59.000 59.000 54.000 44.000 44.000 42.000 45.000 49.000 42.000 45.000 45.000 58.000 58.000 58.000 59.000 55.000 60.000 53.000 64.000 48.000 69.000 55.000 62.000 35.000 45.000 64.000 64.000 52.000 48.000 35.000 45.000 45.000 66.000 64.000 53.000 53.000 47.000 47.000 46.000 46.000 48.000 53.000 52.000 50.000 51.000 52.000 52.000 52.000 52.000 58.000 58.000 55.000 47.000 46.000 65.000 64.000 59.000 56.000 60.000 47.000 60.000 47.000 59.000 59.000 47.000 47.000 64.000 56.000 52.000 52.000 54.000 54.000 57.000 50.000 51.000 52.000 54.000 66.000 51.000 50.000 50.000 71.000 75.000 75.000 75.000 75.000 75.000 75.000 74.000 56.000 56.000 57.000 57.000 56.000 56.000 56.000 56.000 56.000 61.000 61.000 61.000 61.000 57.000 61.000 44.000 46.000 54.000 45.000 43.000 46.000 46.000 44.000 44.000 51.000 51.000
VBdist IGHV1-2*03 61.000 21.000 33.000 33.000 3.000 0.000 0.000 46.000 49.000 39.000 27.000 29.000 29.000 29.000 42.000 38.000 57.000 57.000 42.000 54.000 54.000 44.000 44.000 44.000 44.000 45.000 50.000 50.000 54.000 51.000 50.000 67.000 67.000 67.000 67.000 69.000 54.000 55.000 51.000 51.000 59.000 54.000 59.000 59.000 54.000 44.000 44.000 42.000 45.000 49.000 42.000 45.000 45.000 58.000 58.000 58.000 59.000 55.000 60.000 53.000 64.000 48.000 69.000 55.000 62.000 35.000 45.000 64.000 64.000 52.000 48.000 35.000 45.000 45.000 66.000 64.000 53.000 53.000 47.000 47.000 46.000 46.000 48.000 53.000 52.000 50.000 51.000 52.000 52.000 52.000 52.000 58.000 58.000 55.000 47.000 46.000 65.000 64.000 59.000 56.000 60.000 47.000 60.000 47.000 59.000 59.000 47.000 47.000 64.000 56.000 52.000 52.000 54.000 54.000 57.000 50.000 51.000 52.000 54.000 66.000 51.000 50.000 50.000 71.000 75.000 75.000 75.000 75.000 75.000 75.000 74.000 56.000 56.000 57.000 57.000 56.000 56.000 56.000 56.000 56.000 61.000 61.000 61.000 61.000 57.000 61.000 44.000 46.000 54.000 45.000 43.000 46.000 46.000 44.000 44.000 51.000 51.000
VBdist IGHV1-21*01 39.000 53.000 48.000 48.000 49.000 46.000 46.000 0.000 3.000 41.000 49.000 54.000 54.000 54.000 44.000 40.000 48.000 48.000 44.000 66.000 66.000 60.000 60.000 60.000 60.000 60.000 59.000 59.000 59.000 60.000 59.000 71.000 75.000 71.000 75.000 73.000 70.000 71.000 52.000 52.000 60.000 43.000 60.000 60.000 43.000 41.000 41.000 36.000 42.000 46.000 40.000 42.000 42.000 55.000 55.000 55.000 56.000 65.000 50.000 40.000 58.000 54.000 48.000 42.000 49.000 41.000 40.000 58.000 58.000 54.000 54.000 41.000 40.000 40.000 53.000 51.000 31.000 31.000 57.000 57.000 52.000 52.000 61.000 62.000 62.000 60.000 60.000 61.000 61.000 61.000 58.000 69.000 69.000 62.000 61.000 60.000 63.000 67.000 64.000 60.000 64.000 62.000 65.000 62.000 63.000 63.000 62.000 62.000 67.000 69.000 68.000 68.000 72.000 72.000 70.000 66.000 67.000 65.000 65.000 79.000 67.000 66.000 66.000 73.000 70.000 70.000 70.000 70.000 70.000 70.000 73.000 60.000 60.000 60.000 60.000 62.000 62.000 62.000 62.000 60.000 65.000 62.000 64.000 64.000 63.000 61.000 50.000 52.000 60.000 48.000 45.000 55.000 55.000 48.000 48.000 61.000 61.000
VBdist IGHV1-21*02 42.000 50.000 45.000 45.000 50.000 49.000 49.000 3.000 0.000 38.000 46.000 51.000 51.000 51.000 41.000 37.000 51.000 51.000 41.000 63.000 63.000 57.000 57.000 57.000 57.000 57.000 60.000 60.000 60.000 59.000 60.000 71.000 75.000 71.000 75.000 73.000 67.000 71.000 49.000 49.000 57.000 46.000 57.000 57.000 46.000 38.000 38.000 33.000 39.000 43.000 37.000 39.000 39.000 52.000 52.000 52.000 53.000 62.000 47.000 37.000 58.000 55.000 51.000 45.000 46.000 38.000 43.000 58.000 58.000 55.000 55.000 38.000 43.000 43.000 50.000 54.000 34.000 34.000 54.000 54.000 49.000 49.000 58.000 59.000 59.000 57.000 57.000 58.000 58.000 58.000 55.000 66.000 66.000 59.000 61.000 57.000 63.000 67.000 65.000 63.000 61.000 62.000 66.000 62.000 64.000 64.000 62.000 62.000 67.000 66.000 68.000 68.000 69.000 69.000 67.000 69.000 64.000 62.000 62.000 79.000 64.000 69.000 69.000 70.000 67.000 67.000 67.000 67.000 67.000 67.000 70.000 57.000 57.000 57.000 57.000 59.000 59.000 59.000 59.000 57.000 65.000 59.000 61.000 61.000 60.000 58.000 47.000 49.000 60.000 45.000 42.000 52.000 52.000 45.000 45.000 61.000 61.000
VBdist IGHV1-28-2*01 51.000 35.000 27.000 27.000 40.000 39.000 39.000 41.000 38.000 0.000 39.000 39.000 39.000 39.000 15.000 11.000 67.000 67.000 3.000 55.000 55.000 49.000 49.000 49.000 49.000 49.000 55.000 55.000 54.000 54.000 55.000 74.000 74.000 74.000 74.000 76.000 59.000 63.000 42.000 42.000 50.000 52.000 50.000 50.000 52.000 40.000 39.000 40.000 40.000 44.000 39.000 40.000 40.000 53.000 53.000 53.000 54.000 58.000 60.000 46.000 69.000 65.000 67.000 56.000 66.000 12.000 57.000 69.000 69.000 69.000 65.000 12.000 57.000 57.000 60.000 64.000 48.000 48.000 52.000 52.000 47.000 47.000 53.000 54.000 57.000 57.000 55.000 56.000 56.000 56.000 53.000 58.000 58.000 56.000 52.000 48.000 62.000 61.000 59.000 57.000 53.000 55.000 56.000 55.000 56.000 58.000 55.000 55.000 61.000 58.000 67.000 67.000 63.000 63.000 68.000 70.000 63.000 63.000 63.000 73.000 63.000 70.000 70.000 68.000 72.000 72.000 72.000 72.000 72.000 72.000 71.000 54.000 54.000 57.000 57.000 54.000 54.000 54.000 54.000 54.000 62.000 61.000 61.000 61.000 58.000 62.000 53.000 53.000 69.000 52.000 54.000 61.000 61.000 55.000 55.000 69.000 69.000
VBdist IGHV1-36*01 62.000 12.000 33.000 33.000 28.000 27.000 27.000 49.000 46.000 39.000 0.000 20.000 20.000 20.000 42.000 38.000 60.000 60.000 42.000 52.000 52.000 36.000 36.000 36.000 36.000 37.000 60.000 60.000 56.000 59.000 60.000 72.000 72.000 72.000 72.000 74.000 60.000 64.000 47.000 47.000 55.000 58.000 55.000 55.000 58.000 39.000 36.000 38.000 39.000 41.000 34.000 39.000 39.000 49.000 49.000 49.000 51.000 44.000 62.000 43.000 62.000 49.000 70.000 54.000 62.000 35.000 52.000 63.000 63.000 53.000 49.000 35.000 52.000 52.000 69.000 72.000 60.000 60.000 41.000 41.000 36.000 36.000 42.000 41.000 46.000 42.000 44.000 43.000 43.000 43.000 40.000 63.000 63.000 56.000 43.000 39.000 59.000 61.000 52.000 54.000 58.000 44.000 56.000 44.000 58.000 55.000 44.000 44.000 61.000 55.000 51.000 51.000 50.000 50.000 53.000 56.000 47.000 53.000 57.000 66.000 47.000 56.000 56.000 74.000 74.000 74.000 74.000 74.000 73.000 74.000 77.000 47.000 47.000 46.000 46.000 47.000 47.000 47.000 47.000 47.000 55.000 50.000 50.000 50.000 52.000 48.000 48.000 46.000 54.000 41.000 39.000 47.000 47.000 40.000 40.000 55.000 55.000
VBdist IGHV1-39*01 65.000 12.000 35.000 35.000 30.000 29.000 29.000 54.000 51.000 39.000 20.000 0.000 0.000 0.000 42.000 38.000 69.000 69.000 42.000 48.000 48.000 36.000 36.000 36.000 36.000 37.000 52.000 52.000 48.000 51.000 52.000 64.000 64.000 64.000 64.000 66.000 56.000 60.000 43.000 43.000 51.000 56.000 51.000 51.000 56.000 43.000 40.000 38.000 43.000 45.000 34.000 43.000 43.000 55.000 55.000 55.000 55.000 48.000 69.000 46.000 65.000 58.000 75.000 65.000 71.000 35.000 61.000 66.000 66.000 62.000 58.000 35.000 61.000 61.000 72.000 71.000 65.000 65.000 41.000 41.000 36.000 36.000 41.000 42.000 46.000 46.000 44.000 45.000 45.000 45.000 42.000 59.000 59.000 56.000 42.000 38.000 64.000 63.000 58.000 61.000 57.000 49.000 62.000 49.000 61.000 62.000 49.000 49.000 63.000 59.000 55.000 55.000 54.000 54.000 59.000 58.000 51.000 58.000 62.000 66.000 51.000 58.000 58.000 70.000 74.000 74.000 74.000 74.000 73.000 74.000 73.000 43.000 43.000 46.000 46.000 43.000 43.000 43.000 43.000 43.000 51.000 50.000 50.000 50.000 48.000 52.000 44.000 44.000 62.000 52.000 48.000 57.000 57.000 48.000 48.000 61.000 61.000
VBdist IGHV1-39*02 65.000 12.000 35.000 35.000 30.000 29.000 29.000 54.000 51.000 39.000 20.000 0.000 0.000 0.000 42.000 38.000 69.000 69.000 42.000 48.000 48.000 36.000 36.000 36.000 36.000 37.000 52.000 52.000 48.000 51.000 52.000 64.000 64.000 64.000 64.000 66.000 56.000 60.000 43.000 43.000 51.000 56.000 51.000 51.000 56.000 43.000 40.000 38.000 43.000 45.000 34.000 43.000 43.000 55.000 55.000 55.000 55.000 48.000 69.000 46.000 65.000 58.000 75.000 65.000 71.000 35.000 61.000 66.000 66.000 62.000 58.000 35.000 61.000 61.000 72.000 71.000 65.000 65.000 41.000 41.000 36.000 36.000 41.000 42.000 46.000 46.000 44.000 45.000 45.000 45.000 42.000 59.000 59.000 56.000 42.000 38.000 64.000 63.000 58.000 61.000 57.000 49.000 62.000 49.000 61.000 62.000 49.000 49.000 63.000 59.000 55.000 55.000 54.000 54.000 59.000 58.000 51.000 58.000 62.000 66.000 51.000 58.000 58.000 70.000 74.000 74.000 74.000 74.000 73.000 74.000 73.000 43.000 43.000 46.000 46.000 43.000 43.000 43.000 43.000 43.000 51.000 50.000 50.000 50.000 48.000 52.000 44.000 44.000 62.000 52.000 48.000 57.000 57.000 48.000 48.000 61.000 61.000
VBdist IGHV1-39-5*01 65.000 12.000 35.000 35.000 30.000 29.000 29.000 54.000 51.000 39.000 20.000 0.000 0.000 0.000 42.000 38.000 69.000 69.000 42.000 48.000 48.000 36.000 36.000 36.000 36.000 37.000 52.000 52.000 48.000 51.000 52.000 64.000 64.000 64.000 64.000 66.000 56.000 60.000 43.000 43.000 51.000 56.000 51.000 51.000 56.000 43.000 40.000 38.000 43.000 45.000 34.000 43.000 43.000 55.000 55.000 55.000 55.000 48.000 69.000 46.000 65.000 58.000 75.000 65.000 71.000 35.000 61.000 66.000 66.000 62.000 58.000 35.000 61.000 61.000 72.000 71.000 65.000 65.000 41.000 41.000 36.000 36.000 41.000 42.000 46.000 46.000 44.000 45.000 45.000 45.000 42.000 59.000 59.000 56.000 42.000 38.000 64.000 63.000 58.000 61.000 57.000 49.000 62.000 49.000 61.000 62.000 49.000 49.000 63.000 59.000 55.000 55.000 54.000 54.000 59.000 58.000 51.000 58.000 62.000 66.000 51.000 58.000 58.000 70.000 74.000 74.000 74.000 74.000 73.000 74.000 73.000 43.000 43.000 46.000 46.000 43.000 43.000 43.000 43.000 43.000 51.000 50.000 50.000 50.000 48.000 52.000 44.000 44.000 62.000 52.000 48.000 57.000 57.000 48.000 48.000 61.000 61.000
VBdist IGHV1-41*01 56.000 38.000 28.000 28.000 43.000 42.000 42.000 44.000 41.000 15.000 42.000 42.000 42.000 42.000 0.000 4.000 68.000 68.000 18.000 52.000 52.000 50.000 50.000 50.000 50.000 50.000 59.000 59.000 58.000 54.000 59.000 78.000 78.000 78.000 78.000 80.000 63.000 67.000 46.000 46.000 54.000 56.000 54.000 54.000 56.000 41.000 40.000 41.000 44.000 48.000 40.000 44.000 44.000 50.000 50.000 50.000 54.000 59.000 58.000 42.000 69.000 65.000 74.000 64.000 64.000 18.000 65.000 69.000 69.000 65.000 65.000 18.000 65.000 65.000 65.000 69.000 49.000 49.000 52.000 52.000 47.000 47.000 53.000 54.000 57.000 57.000 55.000 56.000 56.000 56.000 53.000 58.000 58.000 59.000 60.000 56.000 59.000 58.000 64.000 63.000 57.000 59.000 64.000 59.000 63.000 64.000 59.000 59.000 58.000 62.000 67.000 67.000 63.000 63.000 68.000 70.000 63.000 63.000 63.000 69.000 63.000 70.000 70.000 71.000 76.000 76.000 76.000 76.000 76.000 76.000 75.000 55.000 55.000 58.000 58.000 55.000 55.000 55.000 55.000 55.000 55.000 62.000 62.000 62.000 62.000 66.000 56.000 56.000 72.000 55.000 57.000 64.000 64.000 58.000 58.000 72.000 72.000
VBdist IGHV1-41*02 52.000 34.000 24.000 24.000 39.000 38.000 38.000 40.000 37.000 11.000 38.000 38.000 38.000 38.000 4.000 0.000 64.000 64.000 14.000 48.000 48.000 46.000 46.000 46.000 46.000 46.000 55.000 55.000 54.000 50.000 55.000 74.000 74.000 74.000 74.000 76.000 59.000 63.000 42.000 42.000 50.000 52.000 50.000 50.000 52.000 37.000 36.000 37.000 40.000 44.000 36.000 40.000 40.000 50.000 50.000 50.000 54.000 59.000 60.000 46.000 69.000 61.000 70.000 60.000 66.000 14.000 61.000 69.000 69.000 65.000 61.000 14.000 61.000 61.000 61.000 65.000 45.000 45.000 48.000 48.000 43.000 43.000 49.000 50.000 53.000 53.000 51.000 52.000 52.000 52.000 49.000 54.000 54.000 55.000 56.000 52.000 63.000 62.000 60.000 59.000 53.000 59.000 60.000 59.000 59.000 60.000 59.000 59.000 62.000 62.000 67.000 67.000 63.000 63.000 68.000 70.000 63.000 63.000 63.000 69.000 63.000 70.000 70.000 67.000 72.000 72.000 72.000 72.000 72.000 72.000 71.000 51.000 51.000 54.000 54.000 51.000 51.000 51.000 51.000 51.000 59.000 58.000 58.000 58.000 58.000 62.000 52.000 52.000 68.000 51.000 53.000 60.000 60.000 54.000 54.000 68.000 68.000
VBdist IGHV1-42*01 35.000 64.000 60.000 60.000 60.000 57.000 57.000 48.000 51.000 67.000 60.000 69.000 69.000 69.000 68.000 64.000 0.000 0.000 70.000 60.000 60.000 62.000 62.000 62.000 62.000 66.000 64.000 64.000 60.000 61.000 64.000 80.000 80.000 80.000 80.000 79.000 72.000 73.000 64.000 64.000 67.000 62.000 67.000 67.000 62.000 62.000 59.000 63.000 55.000 55.000 59.000 55.000 55.000 65.000 65.000 65.000 61.000 69.000 53.000 35.000 69.000 34.000 50.000 21.000 45.000 66.000 23.000 70.000 70.000 34.000 34.000 66.000 23.000 23.000 45.000 49.000 31.000 31.000 66.000 66.000 68.000 68.000 70.000 71.000 67.000 65.000 66.000 67.000 67.000 67.000 67.000 74.000 74.000 70.000 65.000 64.000 68.000 72.000 65.000 61.000 70.000 63.000 65.000 63.000 61.000 64.000 63.000 63.000 72.000 60.000 62.000 62.000 63.000 63.000 64.000 56.000 61.000 59.000 59.000 67.000 61.000 56.000 56.000 83.000 84.000 84.000 84.000 84.000 83.000 84.000 84.000 75.000 75.000 71.000 71.000 75.000 75.000 75.000 75.000 75.000 80.000 76.000 76.000 76.000 67.000 69.000 57.000 59.000 51.000 52.000 47.000 60.000 60.000 50.000 50.000 57.000 57.000
VBdist IGHV1-42*02 35.000 64.000 60.000 60.000 60.000 57.000 57.000 48.000 51.000 67.000 60.000 69.000 69.000 69.000 68.000 64.000 0.000 0.000 70.000 60.000 60.000 62.000 62.000 62.000 62.000 66.000 64.000 64.000 60.000 61.000 64.000 80.000 80.000 80.000 80.000 79.000 72.000 73.000 64.000 64.000 67.000 62.000 67.000 67.000 62.000 62.000 59.000 63.000 55.000 55.000 59.000 55.000 55.000 65.000 65.000 65.000 61.000 69.000 53.000 35.000 69.000 34.000 50.000 21.000 45.000 66.000 23.000 70.000 70.000 34.000 34.000 66.000 23.000 23.000 45.000 49.000 31.000 31.000 66.000 66.000 68.000 68.000 70.000 71.000 67.000 65.000 66.000 67.000 67.000 67.000 67.000 74.000 74.000 70.000 65.000 64.000 68.000 72.000 65.000 61.000 70.000 63.000 65.000 63.000 61.000 64.000 63.000 63.000 72.000 60.000 62.000 62.000 63.000 63.000 64.000 56.000 61.000 59.000 59.000 67.000 61.000 56.000 56.000 83.000 84.000 84.000 84.000 84.000 83.000 84.000 84.000 75.000 75.000 71.000 71.000 75.000 75.000 75.000 75.000 75.000 80.000 76.000 76.000 76.000 67.000 69.000 57.000 59.000 51.000 52.000 47.000 60.000 60.000 50.000 50.000 57.000 57.000
VBdist IGHV1-47-4*01 54.000 38.000 30.000 30.000 43.000 42.000 42.000 44.000 41.000 3.000 42.000 42.000 42.000 42.000 18.000 14.000 70.000 70.000 0.000 58.000 58.000 52.000 52.000 52.000 52.000 52.000 58.000 58.000 57.000 57.000 58.000 77.000 77.000 77.000 77.000 79.000 62.000 66.000 45.000 45.000 50.000 49.000 50.000 50.000 49.000 43.000 42.000 43.000 43.000 47.000 42.000 43.000 43.000 56.000 56.000 56.000 57.000 61.000 63.000 49.000 72.000 68.000 70.000 59.000 69.000 15.000 60.000 72.000 72.000 72.000 68.000 15.000 60.000 60.000 63.000 67.000 51.000 51.000 55.000 55.000 50.000 50.000 56.000 57.000 60.000 60.000 58.000 59.000 59.000 59.000 56.000 61.000 61.000 59.000 55.000 51.000 65.000 64.000 62.000 60.000 56.000 58.000 59.000 58.000 59.000 61.000 58.000 58.000 64.000 61.000 70.000 70.000 66.000 66.000 71.000 73.000 66.000 66.000 66.000 76.000 66.000 73.000 73.000 71.000 75.000 75.000 75.000 75.000 75.000 75.000 74.000 54.000 54.000 57.000 57.000 54.000 54.000 54.000 54.000 54.000 62.000 61.000 61.000 61.000 58.000 62.000 56.000 56.000 72.000 55.000 57.000 61.000 61.000 58.000 58.000 72.000 72.000
VBdist IGHV10-47*01 61.000 48.000 48.000 48.000 55.000 54.000 54.000 66.000 63.000 55.000 52.000 48.000 48.000 48.000 52.000 48.000 60.000 60.000 58.000 0.000 0.000 20.000 20.000 20.000 20.000 24.000 52.000 52.000 47.000 46.000 52.000 59.000 59.000 59.000 59.000 59.000 49.000 53.000 49.000 49.000 52.000 65.000 52.000 52.000 65.000 53.000 50.000 54.000 54.000 54.000 50.000 54.000 54.000 55.000 55.000 55.000 60.000 58.000 66.000 56.000 70.000 53.000 70.000 60.000 67.000 54.000 60.000 71.000 71.000 57.000 53.000 54.000 60.000 60.000 60.000 66.000 61.000 61.000 58.000 58.000 56.000 56.000 58.000 52.000 53.000 53.000 58.000 53.000 53.000 53.000 52.000 35.000 35.000 40.000 43.000 39.000 66.000 65.000 56.000 55.000 50.000 46.000 55.000 46.000 52.000 56.000 46.000 46.000 65.000 55.000 61.000 61.000 57.000 57.000 65.000 52.000 50.000 62.000 58.000 52.000 50.000 56.000 52.000 62.000 67.000 67.000 67.000 67.000 66.000 67.000 63.000 46.000 46.000 51.000 51.000 46.000 46.000 46.000 46.000 46.000 54.000 55.000 55.000 55.000 49.000 53.000 52.000 52.000 62.000 53.000 50.000 55.000 55.000 47.000 47.000 62.000 62.000
VBdist IGHV10-47*02 61.000 48.000 48.000 48.000 55.000 54.000 54.000 66.000 63.000 55.000 52.000 48.000 48.000 48.000 52.000 48.000 60.000 60.000 58.000 0.000 0.000 20.000 20.000 20.000 20.000 24.000 52.000 52.000 47.000 46.000 52.000 59.000 59.000 59.000 59.000 59.000 49.000 53.000 49.000 49.000 52.000 65.000 52.000 52.000 65.000 53.000 50.000 54.000 54.000 54.000 50.000 54.000 54.000 55.000 55.000 55.000 60.000 58.000 66.000 56.000 70.000 53.000 70.000 60.000 67.000 54.000 60.000 71.000 71.000 57.000 53.000 54.000 60.000 60.000 60.000 66.000 61.000 61.000 58.000 58.000 56.000 56.000 58.000 52.000 53.000 53.000 58.000 53.000 53.000 53.000 52.000 35.000 35.000 40.000 43.000 39.000 66.000 65.000 56.000 55.000 50.000 46.000 55.000 46.000 52.000 56.000 46.000 46.000 65.000 55.000 61.000 61.000 57.000 57.000 65.000 52.000 50.000 62.000 58.000 52.000 50.000 56.000 52.000 62.000 67.000 67.000 67.000 67.000 66.000 67.000 63.000 46.000 46.000 51.000 51.000 46.000 46.000 46.000 46.000 46.000 54.000 55.000 55.000 55.000 49.000 53.000 52.000 52.000 62.000 53.000 50.000 55.000 55.000 47.000 47.000 62.000 62.000
VBdist IGHV10D-26*01 62.000 32.000 42.000 42.000 45.000 44.000 44.000 60.000 57.000 49.000 36.000 36.000 36.000 36.000 50.000 46.000 62.000 62.000 52.000 20.000 20.000 0.000 0.000 0.000 0.000 4.000 53.000 53.000 48.000 51.000 53.000 59.000 59.000 59.000 59.000 61.000 46.000 50.000 53.000 53.000 61.000 66.000 61.000 61.000 66.000 44.000 41.000 45.000 45.000 45.000 41.000 45.000 45.000 47.000 47.000 47.000 55.000 47.000 61.000 50.000 64.000 47.000 71.000 58.000 64.000 49.000 54.000 65.000 65.000 51.000 47.000 49.000 54.000 54.000 63.000 68.000 62.000 62.000 50.000 50.000 45.000 45.000 50.000 44.000 48.000 48.000 49.000 47.000 47.000 47.000 44.000 40.000 40.000 33.000 40.000 36.000 62.000 61.000 56.000 55.000 52.000 33.000 55.000 33.000 52.000 56.000 33.000 33.000 61.000 50.000 51.000 51.000 46.000 46.000 54.000 50.000 39.000 53.000 49.000 49.000 39.000 50.000 50.000 64.000 68.000 68.000 68.000 68.000 67.000 68.000 67.000 45.000 45.000 47.000 47.000 45.000 45.000 45.000 45.000 45.000 53.000 52.000 52.000 52.000 48.000 52.000 50.000 50.000 62.000 47.000 43.000 49.000 49.000 40.000 40.000 62.000 62.000
VBdist IGHV10D-7*01 62.000 32.000 42.000 42.000 45.000 44.000 44.000 60.000 57.000 49.000 36.000 36.000 36.000 36.000 50.000 46.000 62.000 62.000 52.000 20.000 20.000 0.000 0.000 0.000 0.000 4.000 53.000 53.000 48.000 51.000 53.000 59.000 59.000 59.000 59.000 61.000 46.000 50.000 53.000 53.000 61.000 66.000 61.000 61.000 66.000 44.000 41.000 45.000 45.000 45.000 41.000 45.000 45.000 47.000 47.000 47.000 55.000 47.000 61.000 50.000 64.000 47.000 71.000 58.000 64.000 49.000 54.000 65.000 65.000 51.000 47.000 49.000 54.000 54.000 63.000 68.000 62.000 62.000 50.000 50.000 45.000 45.000 50.000 44.000 48.000 48.000 49.000 47.000 47.000 47.000 44.000 40.000 40.000 33.000 40.000 36.000 62.000 61.000 56.000 55.000 52.000 33.000 55.000 33.000 52.000 56.000 33.000 33.000 61.000 50.000 51.000 51.000 46.000 46.000 54.000 50.000 39.000 53.000 49.000 49.000 39.000 50.000 50.000 64.000 68.000 68.000 68.000 68.000 67.000 68.000 67.000 45.000 45.000 47.000 47.000 45.000 45.000 45.000 45.000 45.000 53.000 52.000 52.000 52.000 48.000 52.000 50.000 50.000 62.000 47.000 43.000 49.000 49.000 40.000 40.000 62.000 62.000
VBdist IGHV10D-7*02 62.000 32.000 42.000 42.000 45.000 44.000 44.000 60.000 57.000 49.000 36.000 36.000 36.000 36.000 50.000 46.000 62.000 62.000 52.000 20.000 20.000 0.000 0.000 0.000 0.000 4.000 53.000 53.000 48.000 51.000 53.000 59.000 59.000 59.000 59.000 61.000 46.000 50.000 53.000 53.000 61.000 66.000 61.000 61.000 66.000 44.000 41.000 45.000 45.000 45.000 41.000 45.000 45.000 47.000 47.000 47.000 55.000 47.000 61.000 50.000 64.000 47.000 71.000 58.000 64.000 49.000 54.000 65.000 65.000 51.000 47.000 49.000 54.000 54.000 63.000 68.000 62.000 62.000 50.000 50.000 45.000 45.000 50.000 44.000 48.000 48.000 49.000 47.000 47.000 47.000 44.000 40.000 40.000 33.000 40.000 36.000 62.000 61.000 56.000 55.000 52.000 33.000 55.000 33.000 52.000 56.000 33.000 33.000 61.000 50.000 51.000 51.000 46.000 46.000 54.000 50.000 39.000 53.000 49.000 49.000 39.000 50.000 50.000 64.000 68.000 68.000 68.000 68.000 67.000 68.000 67.000 45.000 45.000 47.000 47.000 45.000 45.000 45.000 45.000 45.000 53.000 52.000 52.000 52.000 48.000 52.000 50.000 50.000 62.000 47.000 43.000 49.000 49.000 40.000 40.000 62.000 62.000
VBdist IGHV10D-9*01 62.000 32.000 42.000 42.000 45.000 44.000 44.000 60.000 57.000 49.000 36.000 36.000 36.000 36.000 50.000 46.000 62.000 62.000 52.000 20.000 20.000 0.000 0.000 0.000 0.000 4.000 53.000 53.000 48.000 51.000 53.000 59.000 59.000 59.000 59.000 61.000 46.000 50.000 53.000 53.000 61.000 66.000 61.000 61.000 66.000 44.000 41.000 45.000 45.000 45.000 41.000 45.000 45.000 47.000 47.000 47.000 55.000 47.000 61.000 50.000 64.000 47.000 71.000 58.000 64.000 49.000 54.000 65.000 65.000 51.000 47.000 49.000 54.000 54.000 63.000 68.000 62.000 62.000 50.000 50.000 45.000 45.000 50.000 44.000 48.000 48.000 49.000 47.000 47.000 47.000 44.000 40.000 40.000 33.000 40.000 36.000 62.000 61.000 56.000 55.000 52.000 33.000 55.000 33.000 52.000 56.000 33.000 33.000 61.000 50.000 51.000 51.000 46.000 46.000 54.000 50.000 39.000 53.000 49.000 49.000 39.000 50.000 50.000 64.000 68.000 68.000 68.000 68.000 67.000 68.000 67.000 45.000 45.000 47.000 47.000 45.000 45.000 45.000 45.000 45.000 53.000 52.000 52.000 52.000 48.000 52.000 50.000 50.000 62.000 47.000 43.000 49.000 49.000 40.000 40.000 62.000 62.000
VBdist IGHV10D-9*02 62.000 33.000 46.000 46.000 46.000 45.000 45.000 60.000 57.000 49.000 37.000 37.000 37.000 37.000 50.000 46.000 66.000 66.000 52.000 24.000 24.000 4.000 4.000 4.000 4.000 0.000 57.000 57.000 52.000 55.000 57.000 63.000 63.000 63.000 63.000 65.000 50.000 54.000 54.000 54.000 62.000 66.000 62.000 62.000 66.000 44.000 41.000 43.000 45.000 45.000 39.000 45.000 45.000 47.000 47.000 47.000 55.000 47.000 65.000 54.000 65.000 51.000 71.000 62.000 68.000 49.000 58.000 66.000 66.000 55.000 51.000 49.000 58.000 58.000 67.000 69.000 62.000 62.000 50.000 50.000 45.000 45.000 50.000 44.000 48.000 48.000 49.000 47.000 47.000 47.000 44.000 41.000 41.000 34.000 44.000 40.000 62.000 61.000 57.000 56.000 52.000 37.000 56.000 37.000 56.000 57.000 37.000 37.000 61.000 50.000 51.000 51.000 46.000 46.000 55.000 50.000 39.000 54.000 50.000 49.000 39.000 50.000 50.000 64.000 68.000 68.000 68.000 68.000 67.000 68.000 67.000 45.000 45.000 48.000 48.000 45.000 45.000 45.000 45.000 45.000 53.000 52.000 52.000 52.000 52.000 56.000 51.000 51.000 62.000 47.000 43.000 49.000 49.000 40.000 40.000 62.000 62.000
VBdist IGHV11-25*01 60.000 56.000 51.000 51.000 47.000 50.000 50.000 59.000 60.000 55.000 60.000 52.000 52.000 52.000 59.000 55.000 64.000 64.000 58.000 52.000 52.000 53.000 53.000 53.000 53.000 57.000 0.000 0.000 8.000 12.000 0.000 50.000 50.000 50.000 50.000 52.000 39.000 39.000 49.000 49.000 57.000 63.000 57.000 57.000 63.000 57.000 57.000 52.000 57.000 53.000 52.000 57.000 57.000 62.000 62.000 62.000 61.000 69.000 66.000 57.000 63.000 57.000 75.000 60.000 70.000 55.000 48.000 63.000 63.000 61.000 57.000 55.000 48.000 48.000 64.000 71.000 60.000 60.000 60.000 60.000 56.000 56.000 60.000 57.000 58.000 58.000 60.000 58.000 58.000 58.000 57.000 45.000 45.000 53.000 53.000 53.000 68.000 67.000 50.000 55.000 56.000 59.000 52.000 59.000 49.000 52.000 59.000 59.000 67.000 48.000 47.000 47.000 54.000 54.000 61.000 54.000 49.000 53.000 55.000 63.000 49.000 54.000 54.000 56.000 60.000 60.000 60.000 60.000 60.000 60.000 59.000 57.000 57.000 57.000 57.000 57.000 57.000 57.000 57.000 57.000 61.000 61.000 61.000 61.000 52.000 60.000 50.000 50.000 60.000 51.000 51.000 51.000 51.000 51.000 51.000 56.000 56.000
VBdist IGHV11-25*02 60.000 56.000 51.000 51.000 47.000 50.000 50.000 59.000 60.000 55.000 60.000 52.000 52.000 52.000 59.000 55.000 64.000 64.000 58.000 52.000 52.000 53.000 53.000 53.000 53.000 57.000 0.000 0.000 8.000 12.000 0.000 50.000 50.000 50.000 50.000 52.000 39.000 39.000 49.000 49.000 57.000 63.000 57.000 57.000 63.000 57.000 57.000 52.000 57.000 53.000 52.000 57.000 57.000 62.000 62.000 62.000 61.000 69.000 66.000 57.000 63.000 57.000 75.000 60.000 70.000 55.000 48.000 63.000 63.000 61.000 57.000 55.000 48.000 48.000 64.000 71.000 60.000 60.000 60.000 60.000 56.000 56.000 60.000 57.000 58.000 58.000 60.000 58.000 58.000 58.000 57.000 45.000 45.000 53.000 53.000 53.000 68.000 67.000 50.000 55.000 56.000 59.000 52.000 59.000 49.000 52.000 59.000 59.000 67.000 48.000 47.000 47.000 54.000 54.000 61.000 54.000 49.000 53.000 55.000 63.000 49.000 54.000 54.000 56.000 60.000 60.000 60.000 60.000 60.000 60.000 59.000 57.000 57.000 57.000 57.000 57.000 57.000 57.000 57.000 57.000 61.000 61.000 61.000 61.000 52.000 60.000 50.000 50.000 60.000 51.000 51.000 51.000 51.000 51.000 51.000 56.000 56.000
VBdist IGHV11-28-3*01 56.000 52.000 50.000 50.000 51.000 54.000 54.000 59.000 60.000 54.000 56.000 48.000 48.000 48.000 58.000 54.000 60.000 60.000 57.000 47.000 47.000 48.000 48.000 48.000 48.000 52.000 8.000 8.000 0.000 12.000 8.000 49.000 49.000 49.000 49.000 51.000 42.000 42.000 48.000 48.000 56.000 62.000 56.000 56.000 62.000 56.000 53.000 52.000 53.000 49.000 48.000 53.000 53.000 61.000 61.000 61.000 57.000 65.000 66.000 53.000 62.000 52.000 73.000 56.000 70.000 54.000 48.000 63.000 63.000 56.000 52.000 54.000 48.000 48.000 67.000 69.000 60.000 60.000 60.000 60.000 56.000 56.000 60.000 57.000 58.000 58.000 60.000 58.000 58.000 58.000 57.000 48.000 48.000 52.000 49.000 49.000 64.000 63.000 46.000 51.000 54.000 54.000 48.000 54.000 45.000 48.000 54.000 54.000 63.000 48.000 47.000 47.000 57.000 57.000 64.000 54.000 49.000 56.000 58.000 59.000 49.000 54.000 54.000 55.000 59.000 59.000 59.000 59.000 58.000 59.000 58.000 53.000 53.000 53.000 53.000 53.000 53.000 53.000 53.000 53.000 57.000 57.000 57.000 57.000 48.000 56.000 48.000 48.000 56.000 49.000 46.000 54.000 54.000 46.000 46.000 59.000 59.000
VBdist IGHV11-47-2*01 65.000 55.000 54.000 54.000 51.000 51.000 51.000 60.000 59.000 54.000 59.000 51.000 51.000 51.000 54.000 50.000 61.000 61.000 57.000 46.000 46.000 51.000 51.000 51.000 51.000 55.000 12.000 12.000 12.000 0.000 12.000 49.000 49.000 49.000 49.000 51.000 41.000 42.000 47.000 47.000 55.000 64.000 55.000 55.000 64.000 56.000 56.000 51.000 56.000 52.000 51.000 56.000 56.000 64.000 64.000 64.000 60.000 68.000 64.000 52.000 63.000 56.000 75.000 61.000 68.000 53.000 53.000 63.000 63.000 60.000 56.000 53.000 53.000 53.000 62.000 71.000 57.000 57.000 59.000 59.000 55.000 55.000 59.000 56.000 57.000 57.000 59.000 57.000 57.000 57.000 56.000 39.000 39.000 50.000 53.000 52.000 72.000 71.000 58.000 60.000 58.000 58.000 60.000 58.000 57.000 60.000 58.000 58.000 71.000 55.000 51.000 51.000 57.000 57.000 64.000 59.000 52.000 56.000 58.000 59.000 52.000 59.000 59.000 53.000 58.000 58.000 58.000 58.000 58.000 58.000 57.000 56.000 56.000 56.000 56.000 56.000 56.000 56.000 56.000 56.000 61.000 60.000 60.000 60.000 51.000 59.000 52.000 52.000 64.000 53.000 53.000 53.000 53.000 53.000 53.000 59.000 59.000
VBdist IGHV11-47-5*01 60.000 56.000 51.000 51.000 47.000 50.000 50.000 59.000 60.000 55.000 60.000 52.000 52.000 52.000 59.000 55.000 64.000 64.000 58.000 52.000 52.000 53.000 53.000 53.000 53.000 57.000 0.000 0.000 8.000 12.000 0.000 50.000 50.000 50.000 50.000 52.000 39.000 39.000 49.000 49.000 57.000 63.000 57.000 57.000 63.000 57.000 57.000 52.000 57.000 53.000 52.000 57.000 57.000 62.000 62.000 62.000 61.000 69.000 66.000 57.000 63.000 57.000 75.000 60.000 70.000 55.000 48.000 63.000 63.000 61.000 57.000 55.000 48.000 48.000 64.000 71.000 60.000 60.000 60.000 60.000 56.000 56.000 60.000 57.000 58.000 58.000 60.000 58.000 58.000 58.000 57.000 45.000 45.000 53.000 53.000 53.000 68.000 67.000 50.000 55.000 56.000 59.000 52.000 59.000 49.000 52.000 59.000 59.000 67.000 48.000 47.000 47.000 54.000 54.000 61.000 54.000 49.000 53.000 55.000 63.000 49.000 54.000 54.000 56.000 60.000 60.000 60.000 60.000 60.000 60.000 59.000 57.000 57.000 57.000 57.000 57.000 57.000 57.000 57.000 57.000 61.000 61.000 61.000 61.000 52.000 60.000 50.000 50.000 60.000 51.000 51.000 51.000 51.000 51.000 51.000 56.000 56.000
VBdist IGHV12D-36*01 85.000 68.000 68.000 68.000 67.000 67.000 67.000 71.000 71.000 74.000 72.000 64.000 64.000 64.000 78.000 74.000 80.000 80.000 77.000 59.000 59.000 59.000 59.000 59.000 59.000 63.000 50.000 50.000 49.000 49.000 50.000 0.000 4.000 0.000 4.000 2.000 41.000 38.000 66.000 66.000 74.000 75.000 74.000 74.000 75.000 70.000 70.000 60.000 68.000 66.000 64.000 68.000 68.000 77.000 77.000 77.000 76.000 86.000 74.000 71.000 77.000 68.000 84.000 76.000 78.000 74.000 68.000 77.000 77.000 72.000 68.000 74.000 68.000 68.000 84.000 86.000 81.000 81.000 75.000 75.000 72.000 72.000 71.000 69.000 73.000 73.000 72.000 70.000 70.000 70.000 73.000 45.000 45.000 35.000 68.000 68.000 83.000 82.000 72.000 76.000 75.000 66.000 76.000 66.000 73.000 76.000 66.000 66.000 82.000 63.000 67.000 67.000 66.000 66.000 77.000 67.000 61.000 72.000 76.000 70.000 61.000 67.000 67.000 43.000 44.000 44.000 44.000 44.000 44.000 44.000 43.000 70.000 70.000 70.000 70.000 70.000 70.000 70.000 70.000 70.000 74.000 74.000 74.000 74.000 65.000 73.000 61.000 61.000 78.000 65.000 66.000 69.000 69.000 65.000 65.000 74.000 74.000
VBdist IGHV12D-36*02 85.000 68.000 68.000 68.000 67.000 67.000 67.000 75.000 75.000 74.000 72.000 64.000 64.000 64.000 78.000 74.000 80.000 80.000 77.000 59.000 59.000 59.000 59.000 59.000 59.000 63.000 50.000 50.000 49.000 49.000 50.000 4.000 0.000 4.000 0.000 6.000 41.000 38.000 67.000 67.000 75.000 79.000 75.000 75.000 79.000 74.000 74.000 64.000 72.000 70.000 68.000 72.000 72.000 81.000 81.000 81.000 80.000 86.000 75.000 71.000 74.000 68.000 84.000 76.000 79.000 74.000 68.000 74.000 74.000 72.000 68.000 74.000 68.000 68.000 84.000 86.000 81.000 81.000 75.000 75.000 72.000 72.000 71.000 69.000 73.000 73.000 72.000 70.000 70.000 70.000 73.000 45.000 45.000 36.000 68.000 68.000 83.000 82.000 72.000 76.000 75.000 66.000 76.000 66.000 73.000 76.000 66.000 66.000 82.000 63.000 67.000 67.000 66.000 66.000 77.000 67.000 61.000 72.000 76.000 70.000 61.000 67.000 67.000 44.000 48.000 48.000 48.000 48.000 48.000 48.000 47.000 74.000 74.000 74.000 74.000 74.000 74.000 74.000 74.000 74.000 78.000 78.000 78.000 78.000 69.000 77.000 61.000 61.000 78.000 65.000 66.000 69.000 69.000 65.000 65.000 74.000 74.000
VBdist IGHV12D-56*01 85.000 68.000 68.000 68.000 67.000 67.000 67.000 71.000 71.000 74.000 72.000 64.000 64.000 64.000 78.000 74.000 80.000 80.000 77.000 59.000 59.000 59.000 59.000 59.000 59.000 63.000 50.000 50.000 49.000 49.000 50.000 0.000 4.000 0.000 4.000 2.000 41.000 38.000 66.000 66.000 74.000 75.000 74.000 74.000 75.000 70.000 70.000 60.000 68.000 66.000 64.000 68.000 68.000 77.000 77.000 77.000 76.000 86.000 74.000 71.000 77.000 68.000 84.000 76.000 78.000 74.000 68.000 77.000 77.000 72.000 68.000 74.000 68.000 68.000 84.000 86.000 81.000 81.000 75.000 75.000 72.000 72.000 71.000 69.000 73.000 73.000 72.000 70.000 70.000 70.000 73.000 45.000 45.000 35.000 68.000 68.000 83.000 82.000 72.000 76.000 75.000 66.000 76.000 66.000 73.000 76.000 66.000 66.000 82.000 63.000 67.000 67.000 66.000 66.000 77.000 67.000 61.000 72.000 76.000 70.000 61.000 67.000 67.000 43.000 44.000 44.000 44.000 44.000 44.000 44.000 43.000 70.000 70.000 70.000 70.000 70.000 70.000 70.000 70.000 70.000 74.000 74.000 74.000 74.000 65.000 73.000 61.000 61.000 78.000 65.000 66.000 69.000 69.000 65.000 65.000 74.000 74.000
VBdist IGHV12D-71*01 85.000 68.000 68.000 68.000 67.000 67.000 67.000 75.000 75.000 74.000 72.000 64.000 64.000 64.000 78.000 74.000 80.000 80.000 77.000 59.000 59.000 59.000 59.000 59.000 59.000 63.000 50.000 50.000 49.000 49.000 50.000 4.000 0.000 4.000 0.000 6.000 41.000 38.000 67.000 67.000 75.000 79.000 75.000 75.000 79.000 74.000 74.000 64.000 72.000 70.000 68.000 72.000 72.000 81.000 81.000 81.000 80.000 86.000 75.000 71.000 74.000 68.000 84.000 76.000 79.000 74.000 68.000 74.000 74.000 72.000 68.000 74.000 68.000 68.000 84.000 86.000 81.000 81.000 75.000 75.000 72.000 72.000 71.000 69.000 73.000 73.000 72.000 70.000 70.000 70.000 73.000 45.000 45.000 36.000 68.000 68.000 83.000 82.000 72.000 76.000 75.000 66.000 76.000 66.000 73.000 76.000 66.000 66.000 82.000 63.000 67.000 67.000 66.000 66.000 77.000 67.000 61.000 72.000 76.000 70.000 61.000 67.000 67.000 44.000 48.000 48.000 48.000 48.000 48.000 48.000 47.000 74.000 74.000 74.000 74.000 74.000 74.000 74.000 74.000 74.000 78.000 78.000 78.000 78.000 69.000 77.000 61.000 61.000 78.000 65.000 66.000 69.000 69.000 65.000 65.000 74.000 74.000
VBdist IGHV12D-71*02 85.000 70.000 70.000 70.000 69.000 69.000 69.000 73.000 73.000 76.000 74.000 66.000 66.000 66.000 80.000 76.000 79.000 79.000 79.000 59.000 59.000 61.000 61.000 61.000 61.000 65.000 52.000 52.000 51.000 51.000 52.000 2.000 6.000 2.000 6.000 0.000 43.000 40.000 68.000 68.000 74.000 73.000 74.000 74.000 73.000 72.000 72.000 62.000 70.000 68.000 66.000 70.000 70.000 79.000 79.000 79.000 76.000 86.000 76.000 73.000 79.000 68.000 84.000 76.000 76.000 76.000 70.000 79.000 79.000 72.000 68.000 76.000 70.000 70.000 84.000 86.000 83.000 83.000 73.000 73.000 74.000 74.000 69.000 67.000 71.000 71.000 70.000 68.000 68.000 68.000 71.000 47.000 47.000 37.000 71.000 71.000 86.000 85.000 74.000 78.000 77.000 68.000 78.000 68.000 75.000 78.000 68.000 68.000 85.000 65.000 69.000 69.000 68.000 68.000 79.000 67.000 63.000 74.000 78.000 72.000 63.000 67.000 67.000 46.000 47.000 47.000 47.000 47.000 47.000 47.000 43.000 70.000 70.000 70.000 70.000 70.000 70.000 70.000 70.000 70.000 74.000 74.000 74.000 74.000 65.000 73.000 63.000 63.000 78.000 67.000 68.000 71.000 71.000 67.000 67.000 74.000 74.000
VBdist IGHV14-33*01 72.000 56.000 51.000 51.000 55.000 54.000 54.000 70.000 67.000 59.000 60.000 56.000 56.000 56.000 63.000 59.000 72.000 72.000 62.000 49.000 49.000 46.000 46.000 46.000 46.000 50.000 39.000 39.000 42.000 41.000 39.000 41.000 41.000 41.000 41.000 43.000 0.000 4.000 58.000 58.000 66.000 64.000 66.000 66.000 64.000 58.000 58.000 60.000 58.000 54.000 60.000 58.000 58.000 67.000 67.000 67.000 64.000 72.000 66.000 64.000 71.000 61.000 75.000 68.000 70.000 59.000 56.000 71.000 71.000 65.000 61.000 55.000 56.000 56.000 68.000 73.000 72.000 72.000 60.000 60.000 57.000 57.000 60.000 58.000 57.000 58.000 57.000 55.000 55.000 55.000 58.000 34.000 34.000 34.000 57.000 53.000 67.000 66.000 58.000 59.000 55.000 55.000 60.000 55.000 57.000 60.000 55.000 55.000 66.000 55.000 66.000 66.000 61.000 61.000 69.000 65.000 56.000 64.000 66.000 70.000 56.000 65.000 65.000 49.000 53.000 53.000 53.000 53.000 53.000 53.000 56.000 61.000 61.000 63.000 63.000 61.000 61.000 61.000 61.000 61.000 69.000 67.000 67.000 67.000 58.000 66.000 53.000 53.000 71.000 53.000 54.000 54.000 54.000 54.000 54.000 63.000 63.000
VBdist IGHV14-33*02 73.000 60.000 55.000 55.000 55.000 55.000 55.000 71.000 71.000 63.000 64.000 60.000 60.000 60.000 67.000 63.000 73.000 73.000 66.000 53.000 53.000 50.000 50.000 50.000 50.000 54.000 39.000 39.000 42.000 42.000 39.000 38.000 38.000 38.000 38.000 40.000 4.000 0.000 62.000 62.000 70.000 65.000 70.000 70.000 65.000 62.000 62.000 64.000 62.000 58.000 64.000 62.000 62.000 71.000 71.000 71.000 68.000 76.000 70.000 68.000 71.000 61.000 76.000 69.000 74.000 63.000 57.000 71.000 71.000 65.000 61.000 59.000 57.000 57.000 72.000 74.000 73.000 73.000 64.000 64.000 61.000 61.000 64.000 62.000 61.000 62.000 61.000 59.000 59.000 59.000 62.000 38.000 38.000 38.000 57.000 57.000 67.000 66.000 58.000 60.000 59.000 55.000 60.000 55.000 57.000 60.000 55.000 55.000 66.000 59.000 66.000 66.000 65.000 65.000 73.000 66.000 60.000 68.000 70.000 70.000 60.000 66.000 66.000 53.000 57.000 57.000 57.000 57.000 57.000 57.000 60.000 65.000 65.000 67.000 67.000 65.000 65.000 65.000 65.000 65.000 69.000 71.000 71.000 71.000 62.000 70.000 57.000 57.000 69.000 57.000 58.000 58.000 58.000 58.000 58.000 61.000 61.000
VBdist IGHV15-48*01 64.000 51.000 42.000 42.000 52.000 51.000 51.000 52.000 49.000 42.000 47.000 43.000 43.000 43.000 46.000 42.000 64.000 64.000 45.000 49.000 49.000 53.000 53.000 53.000 53.000 54.000 49.000 49.000 48.000 47.000 49.000 66.000 67.000 66.000 67.000 68.000 58.000 62.000 0.000 0.000 8.000 35.000 8.000 8.000 35.000 42.000 41.000 41.000 37.000 41.000 40.000 37.000 37.000 53.000 53.000 53.000 54.000 63.000 58.000 44.000 74.000 61.000 72.000 59.000 64.000 42.000 57.000 74.000 74.000 65.000 61.000 42.000 57.000 57.000 68.000 72.000 60.000 60.000 46.000 46.000 42.000 42.000 46.000 48.000 49.000 49.000 50.000 49.000 49.000 49.000 48.000 56.000 56.000 53.000 51.000 47.000 61.000 61.000 52.000 47.000 50.000 60.000 52.000 60.000 54.000 48.000 60.000 60.000 61.000 60.000 62.000 62.000 59.000 59.000 60.000 66.000 59.000 55.000 55.000 71.000 59.000 66.000 66.000 66.000 69.000 69.000 69.000 69.000 69.000 69.000 72.000 62.000 62.000 65.000 65.000 62.000 62.000 62.000 62.000 62.000 70.000 68.000 68.000 68.000 59.000 63.000 49.000 49.000 69.000 53.000 56.000 58.000 58.000 53.000 53.000 69.000 69.000
VBdist IGHV15-48*02 64.000 51.000 42.000 42.000 52.000 51.000 51.000 52.000 49.000 42.000 47.000 43.000 43.000 43.000 46.000 42.000 64.000 64.000 45.000 49.000 49.000 53.000 53.000 53.000 53.000 54.000 49.000 49.000 48.000 47.000 49.000 66.000 67.000 66.000 67.000 68.000 58.000 62.000 0.000 0.000 8.000 35.000 8.000 8.000 35.000 42.000 41.000 41.000 37.000 41.000 40.000 37.000 37.000 53.000 53.000 53.000 54.000 63.000 58.000 44.000 74.000 61.000 72.000 59.000 64.000 42.000 57.000 74.000 74.000 65.000 61.000 42.000 57.000 57.000 68.000 72.000 60.000 60.000 46.000 46.000 42.000 42.000 46.000 48.000 49.000 49.000 50.000 49.000 49.000 49.000 48.000 56.000 56.000 53.000 51.000 47.000 61.000 61.000 52.000 47.000 50.000 60.000 52.000 60.000 54.000 48.000 60.000 60.000 61.000 60.000 62.000 62.000 59.000 59.000 60.000 66.000 59.000 55.000 55.000 71.000 59.000 66.000 66.000 66.000 69.000 69.000 69.000 69.000 69.000 69.000 72.000 62.000 62.000 65.000 65.000 62.000 62.000 62.000 62.000 62.000 70.000 68.000 68.000 68.000 59.000 63.000 49.000 49.000 69.000 53.000 56.000 58.000 58.000 53.000 53.000 69.000 69.000
VBdist IGHV15D-49*01 68.000 59.000 50.000 50.000 60.000 59.000 59.000 60.000 57.000 50.000 55.000 51.000 51.000 51.000 54.000 50.000 67.000 67.000 50.000 52.000 52.000 61.000 61.000 61.000 61.000 62.000 57.000 57.000 56.000 55.000 57.000 74.000 75.000 74.000 75.000 74.000 66.000 70.000 8.000 8.000 0.000 38.000 0.000 0.000 38.000 50.000 49.000 49.000 45.000 49.000 48.000 45.000 45.000 61.000 61.000 61.000 58.000 67.000 66.000 52.000 82.000 65.000 75.000 63.000 70.000 50.000 65.000 82.000 82.000 69.000 65.000 50.000 65.000 65.000 68.000 75.000 68.000 68.000 52.000 52.000 50.000 50.000 52.000 54.000 55.000 55.000 56.000 55.000 55.000 55.000 54.000 64.000 64.000 61.000 58.000 54.000 68.000 68.000 60.000 55.000 58.000 68.000 60.000 68.000 62.000 56.000 68.000 68.000 68.000 68.000 70.000 70.000 67.000 67.000 68.000 69.000 67.000 63.000 63.000 79.000 67.000 69.000 69.000 73.000 76.000 76.000 76.000 76.000 76.000 76.000 76.000 61.000 61.000 61.000 61.000 61.000 61.000 61.000 61.000 61.000 69.000 64.000 64.000 64.000 58.000 62.000 57.000 57.000 69.000 61.000 64.000 62.000 62.000 61.000 61.000 69.000 69.000
VBdist IGHV15D-54*01 62.000 59.000 53.000 53.000 57.000 54.000 54.000 43.000 46.000 52.000 58.000 56.000 56.000 56.000 56.000 52.000 62.000 62.000 49.000 65.000 65.000 66.000 66.000 66.000 66.000 66.000 63.000 63.000 62.000 64.000 63.000 75.000 79.000 75.000 79.000 73.000 64.000 65.000 35.000 35.000 38.000 0.000 38.000 38.000 0.000 46.000 45.000 48.000 41.000 45.000 47.000 41.000 41.000 55.000 55.000 55.000 56.000 67.000 71.000 55.000 77.000 61.000 68.000 58.000 69.000 52.000 58.000 77.000 77.000 65.000 61.000 48.000 58.000 58.000 73.000 66.000 61.000 61.000 47.000 47.000 48.000 48.000 51.000 54.000 49.000 50.000 51.000 50.000 50.000 50.000 50.000 70.000 70.000 67.000 66.000 65.000 66.000 67.000 65.000 62.000 64.000 71.000 69.000 71.000 65.000 65.000 71.000 71.000 67.000 71.000 67.000 67.000 70.000 70.000 71.000 66.000 67.000 67.000 67.000 78.000 67.000 66.000 66.000 74.000 71.000 71.000 71.000 71.000 71.000 71.000 75.000 61.000 61.000 66.000 66.000 63.000 63.000 63.000 63.000 61.000 66.000 67.000 69.000 69.000 62.000 65.000 55.000 55.000 73.000 59.000 62.000 63.000 63.000 65.000 65.000 73.000 73.000
VBdist IGHV15D-66*02 68.000 59.000 50.000 50.000 60.000 59.000 59.000 60.000 57.000 50.000 55.000 51.000 51.000 51.000 54.000 50.000 67.000 67.000 50.000 52.000 52.000 61.000 61.000 61.000 61.000 62.000 57.000 57.000 56.000 55.000 57.000 74.000 75.000 74.000 75.000 74.000 66.000 70.000 8.000 8.000 0.000 38.000 0.000 0.000 38.000 50.000 49.000 49.000 45.000 49.000 48.000 45.000 45.000 61.000 61.000 61.000 58.000 67.000 66.000 52.000 82.000 65.000 75.000 63.000 70.000 50.000 65.000 82.000 82.000 69.000 65.000 50.000 65.000 65.000 68.000 75.000 68.000 68.000 52.000 52.000 50.000 50.000 52.000 54.000 55.000 55.000 56.000 55.000 55.000 55.000 54.000 64.000 64.000 61.000 58.000 54.000 68.000 68.000 60.000 55.000 58.000 68.000 60.000 68.000 62.000 56.000 68.000 68.000 68.000 68.000 70.000 70.000 67.000 67.000 68.000 69.000 67.000 63.000 63.000 79.000 67.000 69.000 69.000 73.000 76.000 76.000 76.000 76.000 76.000 76.000 76.000 61.000 61.000 61.000 61.000 61.000 61.000 61.000 61.000 61.000 69.000 64.000 64.000 64.000 58.000 62.000 57.000 57.000 69.000 61.000 64.000 62.000 62.000 61.000 61.000 69.000 69.000
VBdist IGHV15D-69*01 68.000 59.000 50.000 50.000 60.000 59.000 59.000 60.000 57.000 50.000 55.000 51.000 51.000 51.000 54.000 50.000 67.000 67.000 50.000 52.000 52.000 61.000 61.000 61.000 61.000 62.000 57.000 57.000 56.000 55.000 57.000 74.000 75.000 74.000 75.000 74.000 66.000 70.000 8.000 8.000 0.000 38.000 0.000 0.000 38.000 50.000 49.000 49.000 45.000 49.000 48.000 45.000 45.000 61.000 61.000 61.000 58.000 67.000 66.000 52.000 82.000 65.000 75.000 63.000 70.000 50.000 65.000 82.000 82.000 69.000 65.000 50.000 65.000 65.000 68.000 75.000 68.000 68.000 52.000 52.000 50.000 50.000 52.000 54.000 55.000 55.000 56.000 55.000 55.000 55.000 54.000 64.000 64.000 61.000 58.000 54.000 68.000 68.000 60.000 55.000 58.000 68.000 60.000 68.000 62.000 56.000 68.000 68.000 68.000 68.000 70.000 70.000 67.000 67.000 68.000 69.000 67.000 63.000 63.000 79.000 67.000 69.000 69.000 73.000 76.000 76.000 76.000 76.000 76.000 76.000 76.000 61.000 61.000 61.000 61.000 61.000 61.000 61.000 61.000 61.000 69.000 64.000 64.000 64.000 58.000 62.000 57.000 57.000 69.000 61.000 64.000 62.000 62.000 61.000 61.000 69.000 69.000
VBdist IGHV15D-69-3*01 62.000 59.000 53.000 53.000 57.000 54.000 54.000 43.000 46.000 52.000 58.000 56.000 56.000 56.000 56.000 52.000 62.000 62.000 49.000 65.000 65.000 66.000 66.000 66.000 66.000 66.000 63.000 63.000 62.000 64.000 63.000 75.000 79.000 75.000 79.000 73.000 64.000 65.000 35.000 35.000 38.000 0.000 38.000 38.000 0.000 46.000 45.000 48.000 41.000 45.000 47.000 41.000 41.000 55.000 55.000 55.000 56.000 67.000 71.000 55.000 77.000 61.000 68.000 58.000 69.000 52.000 58.000 77.000 77.000 65.000 61.000 48.000 58.000 58.000 73.000 66.000 61.000 61.000 47.000 47.000 48.000 48.000 51.000 54.000 49.000 50.000 51.000 50.000 50.000 50.000 50.000 70.000 70.000 67.000 66.000 65.000 66.000 67.000 65.000 62.000 64.000 71.000 69.000 71.000 65.000 65.000 71.000 71.000 67.000 71.000 67.000 67.000 70.000 70.000 71.000 66.000 67.000 67.000 67.000 78.000 67.000 66.000 66.000 74.000 71.000 71.000 71.000 71.000 71.000 71.000 75.000 61.000 61.000 66.000 66.000 63.000 63.000 63.000 63.000 61.000 66.000 67.000 69.000 69.000 62.000 65.000 55.000 55.000 73.000 59.000 62.000 63.000 63.000 65.000 65.000 73.000 73.000
VBdist IGHV16-14*01 56.000 38.000 37.000 37.000 45.000 44.000 44.000 41.000 38.000 40.000 39.000 43.000 43.000 43.000 41.000 37.000 62.000 62.000 43.000 53.000 53.000 44.000 44.000 44.000 44.000 44.000 57.000 57.000 56.000 56.000 57.000 70.000 74.000 70.000 74.000 72.000 58.000 62.000 42.000 42.000 50.000 46.000 50.000 50.000 46.000 0.000 3.000 17.000 11.000 11.000 16.000 11.000 11.000 24.000 24.000 24.000 24.000 40.000 56.000 44.000 65.000 58.000 67.000 57.000 59.000 40.000 54.000 68.000 68.000 62.000 58.000 40.000 54.000 54.000 62.000 66.000 53.000 53.000 38.000 38.000 33.000 33.000 42.000 46.000 46.000 47.000 41.000 45.000 45.000 45.000 42.000 65.000 65.000 54.000 57.000 53.000 64.000 64.000 60.000 61.000 60.000 56.000 61.000 56.000 61.000 62.000 56.000 56.000 64.000 57.000 62.000 62.000 59.000 59.000 65.000 66.000 59.000 56.000 58.000 68.000 59.000 66.000 66.000 69.000 67.000 67.000 67.000 67.000 64.000 67.000 69.000 44.000 44.000 51.000 51.000 44.000 44.000 44.000 44.000 44.000 52.000 55.000 55.000 55.000 57.000 58.000 57.000 57.000 61.000 45.000 43.000 52.000 52.000 46.000 46.000 61.000 61.000
VBdist IGHV16-14*02 53.000 35.000 36.000 36.000 45.000 44.000 44.000 41.000 38.000 39.000 36.000 40.000 40.000 40.000 40.000 36.000 59.000 59.000 42.000 50.000 50.000 41.000 41.000 41.000 41.000 41.000 57.000 57.000 53.000 56.000 57.000 70.000 74.000 70.000 74.000 72.000 58.000 62.000 41.000 41.000 49.000 45.000 49.000 49.000 45.000 3.000 0.000 17.000 8.000 8.000 13.000 8.000 8.000 21.000 21.000 21.000 21.000 37.000 57.000 41.000 68.000 55.000 66.000 54.000 60.000 39.000 55.000 69.000 69.000 59.000 55.000 39.000 55.000 55.000 62.000 65.000 54.000 54.000 38.000 38.000 33.000 33.000 42.000 46.000 46.000 47.000 41.000 45.000 45.000 45.000 42.000 65.000 65.000 54.000 54.000 50.000 61.000 61.000 57.000 58.000 59.000 53.000 58.000 53.000 58.000 59.000 53.000 53.000 61.000 54.000 59.000 59.000 58.000 58.000 64.000 63.000 56.000 55.000 57.000 65.000 56.000 63.000 63.000 70.000 68.000 68.000 68.000 68.000 67.000 68.000 70.000 41.000 41.000 48.000 48.000 41.000 41.000 41.000 41.000 41.000 49.000 52.000 52.000 52.000 54.000 55.000 56.000 56.000 58.000 44.000 40.000 52.000 52.000 43.000 43.000 61.000 61.000
VBdist IGHV16-37*01 58.000 37.000 36.000 36.000 43.000 42.000 42.000 36.000 33.000 40.000 38.000 38.000 38.000 38.000 41.000 37.000 63.000 63.000 43.000 54.000 54.000 45.000 45.000 45.000 45.000 43.000 52.000 52.000 52.000 51.000 52.000 60.000 64.000 60.000 64.000 62.000 60.000 64.000 41.000 41.000 49.000 48.000 49.000 49.000 48.000 17.000 17.000 0.000 23.000 25.000 4.000 23.000 23.000 33.000 33.000 33.000 33.000 47.000 55.000 41.000 67.000 59.000 68.000 58.000 58.000 40.000 55.000 67.000 67.000 63.000 59.000 40.000 55.000 55.000 63.000 66.000 54.000 54.000 45.000 45.000 40.000 40.000 49.000 50.000 50.000 50.000 48.000 49.000 49.000 49.000 46.000 65.000 65.000 50.000 58.000 54.000 65.000 65.000 59.000 62.000 61.000 57.000 62.000 57.000 62.000 63.000 57.000 57.000 65.000 62.000 58.000 58.000 61.000 61.000 63.000 65.000 58.000 52.000 56.000 73.000 58.000 65.000 65.000 72.000 70.000 70.000 70.000 70.000 70.000 70.000 72.000 47.000 47.000 50.000 50.000 47.000 47.000 47.000 47.000 47.000 55.000 54.000 54.000 54.000 56.000 57.000 57.000 57.000 66.000 49.000 48.000 56.000 56.000 51.000 51.000 65.000 65.000
VBdist IGHV16-38*01 57.000 38.000 40.000 40.000 46.000 45.000 45.000 42.000 39.000 40.000 39.000 43.000 43.000 43.000 44.000 40.000 55.000 55.000 43.000 54.000 54.000 45.000 45.000 45.000 45.000 45.000 57.000 57.000 53.000 56.000 57.000 68.000 72.000 68.000 72.000 70.000 58.000 62.000 37.000 37.000 45.000 41.000 45.000 45.000 41.000 11.000 8.000 23.000 0.000 8.000 19.000 0.000 0.000 21.000 21.000 21.000 21.000 37.000 57.000 37.000 70.000 51.000 67.000 50.000 60.000 40.000 51.000 71.000 71.000 55.000 51.000 40.000 51.000 51.000 66.000 69.000 58.000 58.000 34.000 34.000 29.000 29.000 38.000 42.000 42.000 43.000 37.000 41.000 41.000 41.000 38.000 61.000 61.000 50.000 55.000 51.000 61.000 61.000 59.000 58.000 60.000 54.000 59.000 54.000 59.000 59.000 54.000 54.000 61.000 50.000 57.000 57.000 56.000 56.000 62.000 61.000 54.000 53.000 53.000 61.000 54.000 61.000 61.000 70.000 68.000 68.000 68.000 68.000 67.000 68.000 70.000 47.000 47.000 54.000 54.000 47.000 47.000 47.000 47.000 47.000 55.000 58.000 58.000 58.000 50.000 55.000 57.000 57.000 59.000 45.000 41.000 53.000 53.000 44.000 44.000 62.000 62.000
VBdist IGHV16-38*02 57.000 40.000 44.000 44.000 50.000 49.000 49.000 46.000 43.000 44.000 41.000 45.000 45.000 45.000 48.000 44.000 55.000 55.000 47.000 54.000 54.000 45.000 45.000 45.000 45.000 45.000 53.000 53.000 49.000 52.000 53.000 66.000 70.000 66.000 70.000 68.000 54.000 58.000 41.000 41.000 49.000 45.000 49.000 49.000 45.000 11.000 8.000 25.000 8.000 0.000 21.000 8.000 8.000 25.000 25.000 25.000 13.000 33.000 56.000 41.000 67.000 51.000 67.000 50.000 59.000 44.000 51.000 68.000 68.000 55.000 51.000 44.000 51.000 51.000 66.000 69.000 58.000 58.000 38.000 38.000 33.000 33.000 42.000 46.000 46.000 47.000 33.000 45.000 45.000 45.000 42.000 61.000 61.000 50.000 59.000 55.000 65.000 65.000 56.000 57.000 60.000 54.000 58.000 54.000 58.000 58.000 54.000 54.000 65.000 50.000 55.000 55.000 54.000 54.000 60.000 59.000 52.000 51.000 53.000 61.000 52.000 59.000 59.000 66.000 64.000 64.000 64.000 64.000 63.000 64.000 66.000 49.000 49.000 56.000 56.000 49.000 49.000 49.000 49.000 49.000 57.000 60.000 60.000 60.000 54.000 59.000 57.000 57.000 59.000 45.000 41.000 53.000 53.000 44.000 44.000 62.000 62.000
VBdist IGHV16-39-3*01 54.000 33.000 35.000 35.000 43.000 42.000 42.000 40.000 37.000 39.000 34.000 34.000 34.000 34.000 40.000 36.000 59.000 59.000 42.000 50.000 50.000 41.000 41.000 41.000 41.000 39.000 52.000 52.000 48.000 51.000 52.000 64.000 68.000 64.000 68.000 66.000 60.000 64.000 40.000 40.000 48.000 47.000 48.000 48.000 47.000 16.000 13.000 4.000 19.000 21.000 0.000 19.000 19.000 29.000 29.000 29.000 29.000 43.000 57.000 37.000 66.000 55.000 67.000 54.000 60.000 39.000 55.000 67.000 67.000 59.000 55.000 39.000 55.000 55.000 63.000 65.000 54.000 54.000 45.000 45.000 40.000 40.000 49.000 50.000 50.000 50.000 48.000 49.000 49.000 49.000 46.000 65.000 65.000 54.000 54.000 50.000 61.000 61.000 55.000 58.000 60.000 53.000 58.000 53.000 58.000 59.000 53.000 53.000 61.000 58.000 54.000 54.000 60.000 60.000 62.000 61.000 54.000 51.000 55.000 69.000 54.000 61.000 61.000 72.000 70.000 70.000 70.000 70.000 69.000 70.000 72.000 43.000 43.000 46.000 46.000 43.000 43.000 43.000 43.000 43.000 51.000 50.000 50.000 50.000 52.000 53.000 56.000 56.000 62.000 48.000 44.000 56.000 56.000 47.000 47.000 65.000 65.000
VBdist IGHV16-39-4*01 57.000 38.000 40.000 40.000 46.000 45.000 45.000 42.000 39.000 40.000 39.000 43.000 43.000 43.000 44.000 40.000 55.000 55.000 43.000 54.000 54.000 45.000 45.000 45.000 45.000 45.000 57.000 57.000 53.000 56.000 57.000 68.000 72.000 68.000 72.000 70.000 58.000 62.000 37.000 37.000 45.000 41.000 45.000 45.000 41.000 11.000 8.000 23.000 0.000 8.000 19.000 0.000 0.000 21.000 21.000 21.000 21.000 37.000 57.000 37.000 70.000 51.000 67.000 50.000 60.000 40.000 51.000 71.000 71.000 55.000 51.000 40.000 51.000 51.000 66.000 69.000 58.000 58.000 34.000 34.000 29.000 29.000 38.000 42.000 42.000 43.000 37.000 41.000 41.000 41.000 38.000 61.000 61.000 50.000 55.000 51.000 61.000 61.000 59.000 58.000 60.000 54.000 59.000 54.000 59.000 59.000 54.000 54.000 61.000 50.000 57.000 57.000 56.000 56.000 62.000 61.000 54.000 53.000 53.000 61.000 54.000 61.000 61.000 70.000 68.000 68.000 68.000 68.000 67.000 68.000 70.000 47.000 47.000 54.000 54.000 47.000 47.000 47.000 47.000 47.000 55.000 58.000 58.000 58.000 50.000 55.000 57.000 57.000 59.000 45.000 41.000 53.000 53.000 44.000 44.000 62.000 62.000
VBdist IGHV16-50*01 57.000 38.000 40.000 40.000 46.000 45.000 45.000 42.000 39.000 40.000 39.000 43.000 43.000 43.000 44.000 40.000 55.000 55.000 43.000 54.000 54.000 45.000 45.000 45.000 45.000 45.000 57.000 57.000 53.000 56.000 57.000 68.000 72.000 68.000 72.000 70.000 58.000 62.000 37.000 37.000 45.000 41.000 45.000 45.000 41.000 11.000 8.000 23.000 0.000 8.000 19.000 0.000 0.000 21.000 21.000 21.000 21.000 37.000 57.000 37.000 70.000 51.000 67.000 50.000 60.000 40.000 51.000 71.000 71.000 55.000 51.000 40.000 51.000 51.000 66.000 69.000 58.000 58.000 34.000 34.000 29.000 29.000 38.000 42.000 42.000 43.000 37.000 41.000 41.000 41.000 38.000 61.000 61.000 50.000 55.000 51.000 61.000 61.000 59.000 58.000 60.000 54.000 59.000 54.000 59.000 59.000 54.000 54.000 61.000 50.000 57.000 57.000 56.000 56.000 62.000 61.000 54.000 53.000 53.000 61.000 54.000 61.000 61.000 70.000 68.000 68.000 68.000 68.000 67.000 68.000 70.000 47.000 47.000 54.000 54.000 47.000 47.000 47.000 47.000 47.000 55.000 58.000 58.000 58.000 50.000 55.000 57.000 57.000 59.000 45.000 41.000 53.000 53.000 44.000 44.000 62.000 62.000
VBdist IGHV16-9*01 60.000 50.000 47.000 47.000 59.000 58.000 58.000 55.000 52.000 53.000 49.000 55.000 55.000 55.000 50.000 50.000 65.000 65.000 56.000 55.000 55.000 47.000 47.000 47.000 47.000 47.000 62.000 62.000 61.000 64.000 62.000 77.000 81.000 77.000 81.000 79.000 67.000 71.000 53.000 53.000 61.000 55.000 61.000 61.000 55.000 24.000 21.000 33.000 21.000 25.000 29.000 21.000 21.000 0.000 0.000 0.000 30.000 41.000 58.000 49.000 70.000 62.000 69.000 58.000 61.000 53.000 61.000 71.000 71.000 62.000 62.000 53.000 61.000 61.000 69.000 71.000 60.000 60.000 54.000 54.000 47.000 47.000 58.000 50.000 54.000 52.000 53.000 49.000 49.000 49.000 46.000 69.000 69.000 59.000 61.000 57.000 65.000 65.000 65.000 62.000 64.000 51.000 64.000 51.000 62.000 63.000 51.000 51.000 65.000 50.000 55.000 55.000 55.000 55.000 63.000 61.000 52.000 55.000 55.000 65.000 52.000 61.000 61.000 79.000 77.000 77.000 77.000 77.000 76.000 77.000 79.000 55.000 55.000 57.000 57.000 55.000 55.000 55.000 55.000 55.000 59.000 60.000 60.000 60.000 63.000 64.000 63.000 61.000 63.000 49.000 47.000 57.000 57.000 50.000 50.000 65.000 65.000
VBdist IGHV16-9*02 60.000 50.000 47.000 47.000 59.000 58.000 58.000 55.000 52.000 53.000 49.000 55.000 55.000 55.000 50.000 50.000 65.000 65.000 56.000 55.000 55.000 47.000 47.000 47.000 47.000 47.000 62.000 62.000 61.000 64.000 62.000 77.000 81.000 77.000 81.000 79.000 67.000 71.000 53.000 53.000 61.000 55.000 61.000 61.000 55.000 24.000 21.000 33.000 21.000 25.000 29.000 21.000 21.000 0.000 0.000 0.000 30.000 41.000 58.000 49.000 70.000 62.000 69.000 58.000 61.000 53.000 61.000 71.000 71.000 62.000 62.000 53.000 61.000 61.000 69.000 71.000 60.000 60.000 54.000 54.000 47.000 47.000 58.000 50.000 54.000 52.000 53.000 49.000 49.000 49.000 46.000 69.000 69.000 59.000 61.000 57.000 65.000 65.000 65.000 62.000 64.000 51.000 64.000 51.000 62.000 63.000 51.000 51.000 65.000 50.000 55.000 55.000 55.000 55.000 63.000 61.000 52.000 55.000 55.000 65.000 52.000 61.000 61.000 79.000 77.000 77.000 77.000 77.000 76.000 77.000 79.000 55.000 55.000 57.000 57.000 55.000 55.000 55.000 55.000 55.000 59.000 60.000 60.000 60.000 63.000 64.000 63.000 61.000 63.000 49.000 47.000 57.000 57.000 50.000 50.000 65.000 65.000
VBdist IGHV16-9*03 60.000 50.000 47.000 47.000 59.000 58.000 58.000 55.000 52.000 53.000 49.000 55.000 55.000 55.000 50.000 50.000 65.000 65.000 56.000 55.000 55.000 47.000 47.000 47.000 47.000 47.000 62.000 62.000 61.000 64.000 62.000 77.000 81.000 77.000 81.000 79.000 67.000 71.000 53.000 53.000 61.000 55.000 61.000 61.000 55.000 24.000 21.000 33.000 21.000 25.000 29.000 21.000 21.000 0.000 0.000 0.000 30.000 41.000 58.000 49.000 70.000 62.000 69.000 58.000 61.000 53.000 61.000 71.000 71.000 62.000 62.000 53.000 61.000 61.000 69.000 71.000 60.000 60.000 54.000 54.000 47.000 47.000 58.000 50.000 54.000 52.000 53.000 49.000 49.000 49.000 46.000 69.000 69.000 59.000 61.000 57.000 65.000 65.000 65.000 62.000 64.000 51.000 64.000 51.000 62.000 63.000 51.000 51.000 65.000 50.000 55.000 55.000 55.000 55.000 63.000 61.000 52.000 55.000 55.000 65.000 52.000 61.000 61.000 79.000 77.000 77.000 77.000 77.000 76.000 77.000 79.000 55.000 55.000 57.000 57.000 55.000 55.000 55.000 55.000 55.000 59.000 60.000 60.000 60.000 63.000 64.000 63.000 61.000 63.000 49.000 47.000 57.000 57.000 50.000 50.000 65.000 65.000
VBdist IGHV16D-79*01 63.000 50.000 54.000 54.000 60.000 59.000 59.000 56.000 53.000 54.000 51.000 55.000 55.000 55.000 54.000 54.000 61.000 61.000 57.000 60.000 60.000 55.000 55.000 55.000 55.000 55.000 61.000 61.000 57.000 60.000 61.000 76.000 80.000 76.000 80.000 76.000 64.000 68.000 54.000 54.000 58.000 56.000 58.000 58.000 56.000 24.000 21.000 33.000 21.000 13.000 29.000 21.000 21.000 30.000 30.000 30.000 0.000 20.000 62.000 47.000 73.000 57.000 73.000 56.000 63.000 54.000 61.000 74.000 74.000 57.000 57.000 54.000 61.000 61.000 72.000 75.000 68.000 68.000 49.000 49.000 46.000 46.000 53.000 57.000 57.000 58.000 44.000 56.000 56.000 56.000 53.000 71.000 71.000 60.000 68.000 64.000 70.000 70.000 66.000 67.000 70.000 56.000 68.000 56.000 68.000 68.000 56.000 56.000 70.000 56.000 59.000 59.000 60.000 60.000 66.000 61.000 58.000 54.000 56.000 66.000 58.000 61.000 61.000 75.000 73.000 73.000 73.000 73.000 72.000 73.000 72.000 55.000 55.000 62.000 62.000 55.000 55.000 55.000 55.000 55.000 59.000 66.000 66.000 66.000 60.000 65.000 67.000 67.000 65.000 55.000 51.000 63.000 63.000 54.000 54.000 68.000 68.000
VBdist IGHV16D-79*02 67.000 43.000 58.000 58.000 56.000 55.000 55.000 65.000 62.000 58.000 44.000 48.000 48.000 48.000 59.000 59.000 69.000 69.000 61.000 58.000 58.000 47.000 47.000 47.000 47.000 47.000 69.000 69.000 65.000 68.000 69.000 86.000 86.000 86.000 86.000 86.000 72.000 76.000 63.000 63.000 67.000 67.000 67.000 67.000 67.000 40.000 37.000 47.000 37.000 33.000 43.000 37.000 37.000 41.000 41.000 41.000 20.000 0.000 68.000 53.000 70.000 57.000 76.000 64.000 68.000 58.000 64.000 71.000 71.000 57.000 57.000 58.000 64.000 64.000 75.000 78.000 72.000 72.000 44.000 44.000 41.000 41.000 48.000 52.000 52.000 53.000 39.000 51.000 51.000 51.000 48.000 72.000 72.000 65.000 61.000 57.000 73.000 73.000 72.000 71.000 71.000 49.000 72.000 49.000 72.000 72.000 49.000 49.000 73.000 59.000 60.000 60.000 58.000 58.000 64.000 62.000 59.000 56.000 56.000 66.000 59.000 62.000 62.000 84.000 85.000 85.000 85.000 85.000 84.000 85.000 84.000 57.000 57.000 64.000 64.000 57.000 57.000 57.000 57.000 57.000 61.000 68.000 68.000 68.000 64.000 65.000 67.000 67.000 65.000 55.000 51.000 63.000 63.000 54.000 54.000 68.000 68.000
VBdist IGHV1D-12*01 61.000 64.000 61.000 61.000 61.000 60.000 60.000 50.000 47.000 60.000 62.000 69.000 69.000 69.000 58.000 60.000 53.000 53.000 63.000 66.000 66.000 61.000 61.000 61.000 61.000 65.000 66.000 66.000 66.000 64.000 66.000 74.000 75.000 74.000 75.000 76.000 66.000 70.000 58.000 58.000 66.000 71.000 66.000 66.000 71.000 56.000 57.000 55.000 57.000 56.000 57.000 57.000 57.000 58.000 58.000 58.000 62.000 68.000 0.000 47.000 39.000 60.000 63.000 51.000 17.000 60.000 49.000 40.000 40.000 59.000 60.000 60.000 49.000 49.000 60.000 65.000 52.000 52.000 69.000 69.000 67.000 67.000 73.000 72.000 68.000 66.000 65.000 65.000 65.000 65.000 68.000 75.000 75.000 62.000 66.000 62.000 70.000 70.000 65.000 63.000 71.000 58.000 66.000 58.000 61.000 64.000 58.000 58.000 70.000 61.000 66.000 66.000 65.000 65.000 62.000 67.000 61.000 54.000 54.000 74.000 61.000 67.000 67.000 80.000 83.000 83.000 83.000 83.000 82.000 83.000 86.000 76.000 76.000 73.000 73.000 76.000 76.000 76.000 76.000 76.000 78.000 72.000 72.000 72.000 72.000 68.000 55.000 57.000 60.000 49.000 48.000 57.000 57.000 51.000 51.000 62.000 62.000
VBdist IGHV1D-14-3*01 48.000 45.000 42.000 42.000 54.000 53.000 53.000 40.000 37.000 46.000 43.000 46.000 46.000 46.000 42.000 46.000 35.000 35.000 49.000 56.000 56.000 50.000 50.000 50.000 50.000 54.000 57.000 57.000 53.000 52.000 57.000 71.000 71.000 71.000 71.000 73.000 64.000 68.000 44.000 44.000 52.000 55.000 52.000 52.000 55.000 44.000 41.000 41.000 37.000 41.000 37.000 37.000 37.000 49.000 49.000 49.000 47.000 53.000 47.000 0.000 64.000 48.000 53.000 36.000 42.000 45.000 36.000 65.000 65.000 44.000 48.000 45.000 36.000 36.000 48.000 53.000 44.000 44.000 54.000 54.000 49.000 49.000 58.000 59.000 59.000 59.000 57.000 58.000 58.000 58.000 55.000 65.000 65.000 59.000 58.000 54.000 56.000 60.000 67.000 65.000 64.000 53.000 66.000 53.000 64.000 66.000 53.000 53.000 60.000 53.000 59.000 59.000 62.000 62.000 61.000 62.000 55.000 57.000 57.000 63.000 55.000 62.000 62.000 77.000 78.000 78.000 78.000 78.000 77.000 78.000 81.000 64.000 64.000 63.000 63.000 64.000 64.000 64.000 64.000 64.000 64.000 68.000 68.000 68.000 56.000 58.000 54.000 54.000 61.000 47.000 43.000 55.000 55.000 46.000 46.000 64.000 64.000
VBdist IGHV1D-15*01 66.000 64.000 70.000 70.000 64.000 64.000 64.000 58.000 58.000 69.000 62.000 65.000 65.000 65.000 69.000 69.000 69.000 69.000 72.000 70.000 70.000 64.000 64.000 64.000 64.000 65.000 63.000 63.000 62.000 63.000 63.000 77.000 74.000 77.000 74.000 79.000 71.000 71.000 74.000 74.000 82.000 77.000 82.000 82.000 77.000 65.000 68.000 67.000 70.000 67.000 66.000 70.000 70.000 70.000 70.000 70.000 73.000 70.000 39.000 64.000 0.000 66.000 68.000 67.000 46.000 69.000 57.000 3.000 3.000 65.000 66.000 69.000 57.000 57.000 68.000 69.000 58.000 58.000 69.000 69.000 67.000 67.000 73.000 70.000 66.000 64.000 65.000 63.000 63.000 63.000 66.000 70.000 70.000 73.000 64.000 68.000 78.000 78.000 69.000 72.000 75.000 60.000 73.000 60.000 71.000 72.000 60.000 60.000 78.000 69.000 59.000 59.000 65.000 65.000 57.000 65.000 59.000 55.000 59.000 74.000 59.000 65.000 65.000 78.000 78.000 78.000 78.000 78.000 75.000 78.000 81.000 69.000 69.000 64.000 64.000 70.000 70.000 70.000 70.000 69.000 65.000 65.000 66.000 66.000 71.000 67.000 63.000 65.000 63.000 60.000 58.000 68.000 68.000 61.000 61.000 66.000 66.000
VBdist IGHV1D-15-2*01 47.000 53.000 61.000 61.000 49.000 48.000 48.000 54.000 55.000 65.000 49.000 58.000 58.000 58.000 65.000 61.000 34.000 34.000 68.000 53.000 53.000 47.000 47.000 47.000 47.000 51.000 57.000 57.000 52.000 56.000 57.000 68.000 68.000 68.000 68.000 68.000 61.000 61.000 61.000 61.000 65.000 61.000 65.000 65.000 61.000 58.000 55.000 59.000 51.000 51.000 55.000 51.000 51.000 62.000 62.000 62.000 57.000 57.000 60.000 48.000 66.000 0.000 62.000 33.000 56.000 65.000 31.000 67.000 67.000 8.000 0.000 65.000 31.000 31.000 56.000 61.000 47.000 47.000 51.000 51.000 52.000 52.000 55.000 56.000 52.000 50.000 51.000 52.000 52.000 52.000 52.000 67.000 67.000 60.000 52.000 52.000 67.000 71.000 66.000 64.000 71.000 47.000 66.000 47.000 62.000 65.000 47.000 47.000 71.000 54.000 50.000 50.000 52.000 52.000 53.000 47.000 50.000 49.000 49.000 63.000 50.000 47.000 47.000 73.000 73.000 73.000 73.000 73.000 72.000 73.000 73.000 67.000 67.000 64.000 64.000 67.000 67.000 67.000 67.000 67.000 71.000 69.000 69.000 69.000 59.000 61.000 50.000 52.000 48.000 45.000 40.000 53.000 53.000 43.000 43.000 50.000 50.000
VBdist IGHV1D-16*01 50.000 74.000 62.000 62.000 72.000 69.000 69.000 48.000 51.000 67.000 70.000 75.000 75.000 75.000 74.000 70.000 50.000 50.000 70.000 70.000 70.000 71.000 71.000 71.000 71.000 71.000 75.000 75.000 73.000 75.000 75.000 84.000 84.000 84.000 84.000 84.000 75.000 76.000 72.000 72.000 75.000 68.000 75.000 75.000 68.000 67.000 66.000 68.000 67.000 67.000 67.000 67.000 67.000 69.000 69.000 69.000 73.000 76.000 63.000 53.000 68.000 62.000 0.000 49.000 56.000 67.000 52.000 68.000 68.000 62.000 62.000 67.000 52.000 52.000 36.000 21.000 51.000 51.000 72.000 72.000 72.000 72.000 76.000 73.000 73.000 71.000 69.000 66.000 66.000 66.000 69.000 81.000 81.000 77.000 74.000 73.000 75.000 79.000 70.000 64.000 61.000 76.000 69.000 76.000 68.000 67.000 76.000 76.000 79.000 71.000 73.000 73.000 80.000 80.000 81.000 71.000 72.000 76.000 76.000 86.000 72.000 67.000 71.000 83.000 83.000 83.000 83.000 83.000 83.000 83.000 83.000 70.000 70.000 71.000 71.000 74.000 74.000 74.000 74.000 70.000 75.000 67.000 71.000 71.000 76.000 74.000 63.000 61.000 64.000 56.000 58.000 64.000 64.000 61.000 61.000 59.000 59.000
VBdist IGHV1D-17*01 20.000 60.000 58.000 58.000 58.000 55.000 55.000 42.000 45.000 56.000 54.000 65.000 65.000 65.000 64.000 60.000 21.000 21.000 59.000 60.000 60.000 58.000 58.000 58.000 58.000 62.000 60.000 60.000 56.000 61.000 60.000 76.000 76.000 76.000 76.000 76.000 68.000 69.000 59.000 59.000 63.000 58.000 63.000 63.000 58.000 57.000 54.000 58.000 50.000 50.000 54.000 50.000 50.000 58.000 58.000 58.000 56.000 64.000 51.000 36.000 67.000 33.000 49.000 0.000 48.000 56.000 18.000 68.000 68.000 33.000 33.000 56.000 18.000 18.000 47.000 50.000 26.000 26.000 63.000 63.000 64.000 64.000 67.000 66.000 64.000 60.000 63.000 62.000 62.000 62.000 62.000 74.000 74.000 67.000 58.000 57.000 65.000 69.000 62.000 57.000 73.000 60.000 62.000 60.000 58.000 60.000 60.000 60.000 69.000 51.000 56.000 56.000 57.000 57.000 62.000 54.000 55.000 57.000 57.000 67.000 55.000 54.000 54.000 80.000 80.000 80.000 80.000 80.000 79.000 80.000 78.000 71.000 71.000 66.000 66.000 71.000 71.000 71.000 71.000 71.000 76.000 71.000 71.000 71.000 63.000 65.000 55.000 53.000 50.000 46.000 45.000 54.000 54.000 48.000 48.000 52.000 52.000
VBdist IGHV1D-22*02 58.000 66.000 63.000 63.000 63.000 62.000 62.000 49.000 46.000 66.000 62.000 71.000 71.000 71.000 64.000 66.000 45.000 45.000 69.000 67.000 67.000 64.000 64.000 64.000 64.000 68.000 70.000 70.000 70.000 68.000 70.000 78.000 79.000 78.000 79.000 76.000 70.000 74.000 64.000 64.000 70.000 69.000 70.000 70.000 69.000 59.000 60.000 58.000 60.000 59.000 60.000 60.000 60.000 61.000 61.000 61.000 63.000 68.000 17.000 42.000 46.000 56.000 56.000 48.000 0.000 66.000 44.000 47.000 47.000 52.000 56.000 66.000 44.000 44.000 53.000 58.000 51.000 51.000 67.000 67.000 69.000 69.000 71.000 71.000 67.000 65.000 63.000 64.000 64.000 64.000 67.000 79.000 79.000 66.000 73.000 69.000 74.000 78.000 72.000 70.000 77.000 64.000 72.000 64.000 68.000 71.000 64.000 64.000 78.000 63.000 68.000 68.000 67.000 67.000 64.000 67.000 64.000 59.000 59.000 76.000 64.000 67.000 67.000 84.000 87.000 87.000 87.000 87.000 86.000 87.000 87.000 78.000 78.000 75.000 75.000 78.000 78.000 78.000 78.000 78.000 80.000 74.000 74.000 74.000 74.000 68.000 57.000 59.000 56.000 51.000 50.000 59.000 59.000 53.000 53.000 58.000 58.000
VBdist IGHV1D-35*01 51.000 31.000 27.000 27.000 36.000 35.000 35.000 41.000 38.000 12.000 35.000 35.000 35.000 35.000 18.000 14.000 66.000 66.000 15.000 54.000 54.000 49.000 49.000 49.000 49.000 49.000 55.000 55.000 54.000 53.000 55.000 74.000 74.000 74.000 74.000 76.000 59.000 63.000 42.000 42.000 50.000 52.000 50.000 50.000 52.000 40.000 39.000 40.000 40.000 44.000 39.000 40.000 40.000 53.000 53.000 53.000 54.000 58.000 60.000 45.000 69.000 65.000 67.000 56.000 66.000 0.000 57.000 69.000 69.000 69.000 65.000 4.000 57.000 57.000 60.000 64.000 47.000 47.000 52.000 52.000 47.000 47.000 53.000 54.000 57.000 57.000 55.000 56.000 56.000 56.000 53.000 57.000 57.000 56.000 56.000 52.000 63.000 62.000 60.000 58.000 49.000 59.000 60.000 59.000 60.000 59.000 59.000 59.000 62.000 58.000 67.000 67.000 63.000 63.000 68.000 70.000 63.000 63.000 63.000 72.000 63.000 70.000 70.000 68.000 72.000 72.000 72.000 72.000 72.000 72.000 71.000 54.000 54.000 57.000 57.000 54.000 54.000 54.000 54.000 54.000 62.000 61.000 61.000 61.000 58.000 62.000 49.000 49.000 65.000 48.000 50.000 57.000 57.000 51.000 51.000 65.000 65.000
VBdist IGHV1D-38*01 28.000 56.000 53.000 53.000 48.000 45.000 45.000 40.000 43.000 57.000 52.000 61.000 61.000 61.000 65.000 61.000 23.000 23.000 60.000 60.000 60.000 54.000 54.000 54.000 54.000 58.000 48.000 48.000 48.000 53.000 48.000 68.000 68.000 68.000 68.000 70.000 56.000 57.000 57.000 57.000 65.000 58.000 65.000 65.000 58.000 54.000 55.000 55.000 51.000 51.000 55.000 51.000 51.000 61.000 61.000 61.000 61.000 64.000 49.000 36.000 57.000 31.000 52.000 18.000 44.000 57.000 0.000 54.000 54.000 31.000 31.000 57.000 0.000 0.000 47.000 51.000 20.000 20.000 57.000 57.000 56.000 56.000 61.000 62.000 58.000 56.000 57.000 58.000 58.000 58.000 58.000 66.000 66.000 59.000 57.000 56.000 65.000 69.000 61.000 56.000 66.000 54.000 60.000 54.000 57.000 59.000 54.000 54.000 69.000 45.000 54.000 54.000 52.000 52.000 53.000 52.000 53.000 48.000 48.000 63.000 53.000 52.000 52.000 69.000 69.000 69.000 69.000 69.000 72.000 69.000 72.000 71.000 71.000 68.000 68.000 71.000 71.000 71.000 71.000 71.000 76.000 73.000 73.000 73.000 63.000 65.000 42.000 44.000 44.000 37.000 35.000 44.000 44.000 38.000 38.000 46.000 46.000
VBdist IGHV1D-4*01 67.000 65.000 70.000 70.000 64.000 64.000 64.000 58.000 58.000 69.000 63.000 66.000 66.000 66.000 69.000 69.000 70.000 70.000 72.000 71.000 71.000 65.000 65.000 65.000 65.000 66.000 63.000 63.000 63.000 63.000 63.000 77.000 74.000 77.000 74.000 79.000 71.000 71.000 74.000 74.000 82.000 77.000 82.000 82.000 77.000 68.000 69.000 67.000 71.000 68.000 67.000 71.000 71.000 71.000 71.000 71.000 74.000 71.000 40.000 65.000 3.000 67.000 68.000 68.000 47.000 69.000 54.000 0.000 0.000 66.000 67.000 69.000 54.000 54.000 68.000 69.000 55.000 55.000 69.000 69.000 67.000 67.000 73.000 70.000 66.000 64.000 65.000 63.000 63.000 63.000 66.000 70.000 70.000 73.000 65.000 69.000 79.000 79.000 70.000 73.000 75.000 61.000 74.000 61.000 72.000 73.000 61.000 61.000 79.000 70.000 60.000 60.000 65.000 65.000 57.000 66.000 60.000 55.000 59.000 75.000 60.000 66.000 66.000 75.000 75.000 75.000 75.000 75.000 78.000 75.000 78.000 70.000 70.000 65.000 65.000 71.000 71.000 71.000 71.000 70.000 66.000 66.000 67.000 67.000 72.000 68.000 63.000 65.000 64.000 60.000 59.000 68.000 68.000 62.000 62.000 66.000 66.000
VBdist IGHV1D-4*02 67.000 65.000 70.000 70.000 64.000 64.000 64.000 58.000 58.000 69.000 63.000 66.000 66.000 66.000 69.000 69.000 70.000 70.000 72.000 71.000 71.000 65.000 65.000 65.000 65.000 66.000 63.000 63.000 63.000 63.000 63.000 77.000 74.000 77.000 74.000 79.000 71.000 71.000 74.000 74.000 82.000 77.000 82.000 82.000 77.000 68.000 69.000 67.000 71.000 68.000 67.000 71.000 71.000 71.000 71.000 71.000 74.000 71.000 40.000 65.000 3.000 67.000 68.000 68.000 47.000 69.000 54.000 0.000 0.000 66.000 67.000 69.000 54.000 54.000 68.000 69.000 55.000 55.000 69.000 69.000 67.000 67.000 73.000 70.000 66.000 64.000 65.000 63.000 63.000 63.000 66.000 70.000 70.000 73.000 65.000 69.000 79.000 79.000 70.000 73.000 75.000 61.000 74.000 61.000 72.000 73.000 61.000 61.000 79.000 70.000 60.000 60.000 65.000 65.000 57.000 66.000 60.000 55.000 59.000 75.000 60.000 66.000 66.000 75.000 75.000 75.000 75.000 75.000 78.000 75.000 78.000 70.000 70.000 65.000 65.000 71.000 71.000 71.000 71.000 70.000 66.000 66.000 67.000 67.000 72.000 68.000 63.000 65.000 64.000 60.000 59.000 68.000 68.000 62.000 62.000 66.000 66.000
VBdist IGHV1D-4-2*01 47.000 57.000 65.000 65.000 53.000 52.000 52.000 54.000 55.000 69.000 53.000 62.000 62.000 62.000 65.000 65.000 34.000 34.000 72.000 57.000 57.000 51.000 51.000 51.000 51.000 55.000 61.000 61.000 56.000 60.000 61.000 72.000 72.000 72.000 72.000 72.000 65.000 65.000 65.000 65.000 69.000 65.000 69.000 69.000 65.000 62.000 59.000 63.000 55.000 55.000 59.000 55.000 55.000 62.000 62.000 62.000 57.000 57.000 59.000 44.000 65.000 8.000 62.000 33.000 52.000 69.000 31.000 66.000 66.000 0.000 8.000 69.000 31.000 31.000 56.000 61.000 47.000 47.000 55.000 55.000 56.000 56.000 59.000 60.000 56.000 54.000 55.000 56.000 56.000 56.000 56.000 71.000 71.000 64.000 56.000 56.000 67.000 71.000 70.000 68.000 75.000 47.000 70.000 47.000 66.000 69.000 47.000 47.000 71.000 54.000 50.000 50.000 52.000 52.000 53.000 47.000 50.000 48.000 48.000 60.000 50.000 47.000 47.000 77.000 77.000 77.000 77.000 77.000 76.000 77.000 77.000 71.000 71.000 68.000 68.000 71.000 71.000 71.000 71.000 71.000 71.000 73.000 73.000 73.000 63.000 65.000 54.000 56.000 52.000 49.000 44.000 57.000 57.000 47.000 47.000 54.000 54.000
VBdist IGHV1D-4-2*02 47.000 53.000 61.000 61.000 49.000 48.000 48.000 54.000 55.000 65.000 49.000 58.000 58.000 58.000 65.000 61.000 34.000 34.000 68.000 53.000 53.000 47.000 47.000 47.000 47.000 51.000 57.000 57.000 52.000 56.000 57.000 68.000 68.000 68.000 68.000 68.000 61.000 61.000 61.000 61.000 65.000 61.000 65.000 65.000 61.000 58.000 55.000 59.000 51.000 51.000 55.000 51.000 51.000 62.000 62.000 62.000 57.000 57.000 60.000 48.000 66.000 0.000 62.000 33.000 56.000 65.000 31.000 67.000 67.000 8.000 0.000 65.000 31.000 31.000 56.000 61.000 47.000 47.000 51.000 51.000 52.000 52.000 55.000 56.000 52.000 50.000 51.000 52.000 52.000 52.000 52.000 67.000 67.000 60.000 52.000 52.000 67.000 71.000 66.000 64.000 71.000 47.000 66.000 47.000 62.000 65.000 47.000 47.000 71.000 54.000 50.000 50.000 52.000 52.000 53.000 47.000 50.000 49.000 49.000 63.000 50.000 47.000 47.000 73.000 73.000 73.000 73.000 73.000 72.000 73.000 73.000 67.000 67.000 64.000 64.000 67.000 67.000 67.000 67.000 67.000 71.000 69.000 69.000 69.000 59.000 61.000 50.000 52.000 48.000 45.000 40.000 53.000 53.000 43.000 43.000 50.000 50.000
VBdist IGHV1D-70*01 51.000 31.000 27.000 27.000 36.000 35.000 35.000 41.000 38.000 12.000 35.000 35.000 35.000 35.000 18.000 14.000 66.000 66.000 15.000 54.000 54.000 49.000 49.000 49.000 49.000 49.000 55.000 55.000 54.000 53.000 55.000 74.000 74.000 74.000 74.000 76.000 55.000 59.000 42.000 42.000 50.000 48.000 50.000 50.000 48.000 40.000 39.000 40.000 40.000 44.000 39.000 40.000 40.000 53.000 53.000 53.000 54.000 58.000 60.000 45.000 69.000 65.000 67.000 56.000 66.000 4.000 57.000 69.000 69.000 69.000 65.000 0.000 57.000 57.000 60.000 60.000 47.000 47.000 52.000 52.000 47.000 47.000 53.000 54.000 56.000 57.000 55.000 56.000 56.000 56.000 53.000 57.000 57.000 56.000 56.000 52.000 63.000 62.000 60.000 58.000 49.000 59.000 60.000 59.000 60.000 59.000 59.000 59.000 62.000 58.000 67.000 67.000 63.000 63.000 68.000 70.000 63.000 63.000 63.000 72.000 63.000 70.000 70.000 64.000 68.000 68.000 68.000 68.000 68.000 68.000 71.000 54.000 54.000 57.000 57.000 54.000 54.000 54.000 54.000 54.000 62.000 61.000 61.000 61.000 58.000 62.000 49.000 49.000 65.000 48.000 50.000 57.000 57.000 51.000 51.000 65.000 65.000
VBdist IGHV1D-73*01 28.000 56.000 53.000 53.000 48.000 45.000 45.000 40.000 43.000 57.000 52.000 61.000 61.000 61.000 65.000 61.000 23.000 23.000 60.000 60.000 60.000 54.000 54.000 54.000 54.000 58.000 48.000 48.000 48.000 53.000 48.000 68.000 68.000 68.000 68.000 70.000 56.000 57.000 57.000 57.000 65.000 58.000 65.000 65.000 58.000 54.000 55.000 55.000 51.000 51.000 55.000 51.000 51.000 61.000 61.000 61.000 61.000 64.000 49.000 36.000 57.000 31.000 52.000 18.000 44.000 57.000 0.000 54.000 54.000 31.000 31.000 57.000 0.000 0.000 47.000 51.000 20.000 20.000 57.000 57.000 56.000 56.000 61.000 62.000 58.000 56.000 57.000 58.000 58.000 58.000 58.000 66.000 66.000 59.000 57.000 56.000 65.000 69.000 61.000 56.000 66.000 54.000 60.000 54.000 57.000 59.000 54.000 54.000 69.000 45.000 54.000 54.000 52.000 52.000 53.000 52.000 53.000 48.000 48.000 63.000 53.000 52.000 52.000 69.000 69.000 69.000 69.000 69.000 72.000 69.000 72.000 71.000 71.000 68.000 68.000 71.000 71.000 71.000 71.000 71.000 76.000 73.000 73.000 73.000 63.000 65.000 42.000 44.000 44.000 37.000 35.000 44.000 44.000 38.000 38.000 46.000 46.000
VBdist IGHV1D-73*02 28.000 56.000 53.000 53.000 48.000 45.000 45.000 40.000 43.000 57.000 52.000 61.000 61.000 61.000 65.000 61.000 23.000 23.000 60.000 60.000 60.000 54.000 54.000 54.000 54.000 58.000 48.000 48.000 48.000 53.000 48.000 68.000 68.000 68.000 68.000 70.000 56.000 57.000 57.000 57.000 65.000 58.000 65.000 65.000 58.000 54.000 55.000 55.000 51.000 51.000 55.000 51.000 51.000 61.000 61.000 61.000 61.000 64.000 49.000 36.000 57.000 31.000 52.000 18.000 44.000 57.000 0.000 54.000 54.000 31.000 31.000 57.000 0.000 0.000 47.000 51.000 20.000 20.000 57.000 57.000 56.000 56.000 61.000 62.000 58.000 56.000 57.000 58.000 58.000 58.000 58.000 66.000 66.000 59.000 57.000 56.000 65.000 69.000 61.000 56.000 66.000 54.000 60.000 54.000 57.000 59.000 54.000 54.000 69.000 45.000 54.000 54.000 52.000 52.000 53.000 52.000 53.000 48.000 48.000 63.000 53.000 52.000 52.000 69.000 69.000 69.000 69.000 69.000 72.000 69.000 72.000 71.000 71.000 68.000 68.000 71.000 71.000 71.000 71.000 71.000 76.000 73.000 73.000 73.000 63.000 65.000 42.000 44.000 44.000 37.000 35.000 44.000 44.000 38.000 38.000 46.000 46.000
VBdist IGHV1D-8-10*01 39.000 69.000 57.000 57.000 67.000 66.000 66.000 53.000 50.000 60.000 69.000 72.000 72.000 72.000 65.000 61.000 45.000 45.000 63.000 60.000 60.000 63.000 63.000 63.000 63.000 67.000 64.000 64.000 67.000 62.000 64.000 84.000 84.000 84.000 84.000 84.000 68.000 72.000 68.000 68.000 68.000 73.000 68.000 68.000 73.000 62.000 62.000 63.000 66.000 66.000 63.000 66.000 66.000 69.000 69.000 69.000 72.000 75.000 60.000 48.000 68.000 56.000 36.000 47.000 53.000 60.000 47.000 68.000 68.000 56.000 56.000 60.000 47.000 47.000 0.000 26.000 43.000 43.000 70.000 70.000 70.000 70.000 74.000 75.000 71.000 71.000 70.000 71.000 71.000 71.000 71.000 70.000 70.000 75.000 72.000 68.000 76.000 80.000 71.000 69.000 54.000 73.000 69.000 73.000 67.000 70.000 73.000 73.000 80.000 67.000 72.000 72.000 75.000 75.000 70.000 70.000 72.000 69.000 65.000 83.000 72.000 70.000 70.000 80.000 80.000 80.000 80.000 80.000 80.000 80.000 80.000 73.000 73.000 70.000 70.000 73.000 73.000 73.000 73.000 73.000 81.000 67.000 67.000 67.000 74.000 72.000 58.000 58.000 57.000 55.000 55.000 58.000 58.000 58.000 58.000 49.000 49.000
VBdist IGHV1D-8-5*01 44.000 70.000 63.000 63.000 67.000 64.000 64.000 51.000 54.000 64.000 72.000 71.000 71.000 71.000 69.000 65.000 49.000 49.000 67.000 66.000 66.000 68.000 68.000 68.000 68.000 69.000 71.000 71.000 69.000 71.000 71.000 86.000 86.000 86.000 86.000 86.000 73.000 74.000 72.000 72.000 75.000 66.000 75.000 75.000 66.000 66.000 65.000 66.000 69.000 69.000 65.000 69.000 69.000 71.000 71.000 71.000 75.000 78.000 65.000 53.000 69.000 61.000 21.000 50.000 58.000 64.000 51.000 69.000 69.000 61.000 61.000 60.000 51.000 51.000 26.000 0.000 45.000 45.000 70.000 70.000 74.000 74.000 74.000 78.000 69.000 70.000 73.000 73.000 73.000 73.000 74.000 79.000 79.000 79.000 74.000 73.000 75.000 79.000 70.000 66.000 60.000 75.000 68.000 75.000 68.000 69.000 75.000 75.000 79.000 73.000 79.000 79.000 82.000 82.000 82.000 75.000 78.000 77.000 77.000 86.000 78.000 71.000 75.000 80.000 80.000 80.000 80.000 80.000 80.000 80.000 84.000 77.000 77.000 76.000 76.000 77.000 77.000 77.000 77.000 77.000 82.000 72.000 72.000 72.000 80.000 78.000 58.000 58.000 63.000 54.000 57.000 65.000 65.000 60.000 60.000 60.000 60.000
VBdist IGHV1D-8-7*01 16.000 64.000 57.000 57.000 56.000 53.000 53.000 31.000 34.000 48.000 60.000 65.000 65.000 65.000 49.000 45.000 31.000 31.000 51.000 61.000 61.000 62.000 62.000 62.000 62.000 62.000 60.000 60.000 60.000 57.000 60.000 81.000 81.000 81.000 81.000 83.000 72.000 73.000 60.000 60.000 68.000 61.000 68.000 68.000 61.000 53.000 54.000 54.000 58.000 58.000 54.000 58.000 58.000 60.000 60.000 60.000 68.000 72.000 52.000 44.000 58.000 47.000 51.000 26.000 51.000 47.000 20.000 55.000 55.000 47.000 47.000 47.000 20.000 20.000 43.000 45.000 0.000 0.000 65.000 65.000 64.000 64.000 69.000 70.000 66.000 64.000 65.000 66.000 66.000 66.000 66.000 67.000 67.000 71.000 64.000 63.000 68.000 72.000 65.000 60.000 66.000 65.000 64.000 65.000 63.000 63.000 65.000 65.000 72.000 61.000 66.000 66.000 64.000 64.000 66.000 64.000 65.000 61.000 61.000 71.000 65.000 64.000 64.000 72.000 73.000 73.000 73.000 73.000 76.000 73.000 76.000 71.000 71.000 69.000 69.000 67.000 67.000 67.000 67.000 71.000 76.000 73.000 69.000 69.000 75.000 73.000 50.000 52.000 55.000 48.000 46.000 55.000 55.000 49.000 49.000 57.000 57.000
VBdist IGHV1S2*01 16.000 64.000 57.000 57.000 56.000 53.000 53.000 31.000 34.000 48.000 60.000 65.000 65.000 65.000 49.000 45.000 31.000 31.000 51.000 61.000 61.000 62.000 62.000 62.000 62.000 62.000 60.000 60.000 60.000 57.000 60.000 81.000 81.000 81.000 81.000 83.000 72.000 73.000 60.000 60.000 68.000 61.000 68.000 68.000 61.000 53.000 54.000 54.000 58.000 58.000 54.000 58.000 58.000 60.000 60.000 60.000 68.000 72.000 52.000 44.000 58.000 47.000 51.000 26.000 51.000 47.000 20.000 55.000 55.000 47.000 47.000 47.000 20.000 20.000 43.000 45.000 0.000 0.000 65.000 65.000 64.000 64.000 69.000 70.000 66.000 64.000 65.000 66.000 66.000 66.000 66.000 67.000 67.000 71.000 64.000 63.000 68.000 72.000 65.000 60.000 66.000 65.000 64.000 65.000 63.000 63.000 65.000 65.000 72.000 61.000 66.000 66.000 64.000 64.000 66.000 64.000 65.000 61.000 61.000 71.000 65.000 64.000 64.000 72.000 73.000 73.000 73.000 73.000 76.000 73.000 76.000 71.000 71.000 69.000 69.000 67.000 67.000 67.000 67.000 71.000 76.000 73.000 69.000 69.000 75.000 73.000 50.000 52.000 55.000 48.000 46.000 55.000 55.000 49.000 49.000 57.000 57.000
VBdist IGHV2-27*01 66.000 40.000 51.000 51.000 48.000 47.000 47.000 57.000 54.000 52.000 41.000 41.000 41.000 41.000 52.000 48.000 66.000 66.000 55.000 58.000 58.000 50.000 50.000 50.000 50.000 50.000 60.000 60.000 60.000 59.000 60.000 75.000 75.000 75.000 75.000 73.000 60.000 64.000 46.000 46.000 52.000 47.000 52.000 52.000 47.000 38.000 38.000 45.000 34.000 38.000 45.000 34.000 34.000 54.000 54.000 54.000 49.000 44.000 69.000 54.000 69.000 51.000 72.000 63.000 67.000 52.000 57.000 69.000 69.000 55.000 51.000 52.000 57.000 57.000 70.000 70.000 65.000 65.000 0.000 0.000 7.000 7.000 4.000 16.000 8.000 9.000 7.000 11.000 11.000 11.000 12.000 61.000 61.000 61.000 56.000 52.000 71.000 71.000 70.000 69.000 65.000 61.000 70.000 61.000 70.000 70.000 61.000 61.000 71.000 64.000 62.000 62.000 59.000 59.000 61.000 64.000 59.000 56.000 56.000 71.000 59.000 64.000 64.000 74.000 75.000 75.000 75.000 75.000 75.000 75.000 74.000 55.000 55.000 62.000 62.000 55.000 55.000 55.000 55.000 55.000 63.000 66.000 66.000 66.000 58.000 63.000 60.000 60.000 71.000 52.000 56.000 63.000 63.000 59.000 59.000 70.000 70.000
VBdist IGHV2-27*02 66.000 40.000 51.000 51.000 48.000 47.000 47.000 57.000 54.000 52.000 41.000 41.000 41.000 41.000 52.000 48.000 66.000 66.000 55.000 58.000 58.000 50.000 50.000 50.000 50.000 50.000 60.000 60.000 60.000 59.000 60.000 75.000 75.000 75.000 75.000 73.000 60.000 64.000 46.000 46.000 52.000 47.000 52.000 52.000 47.000 38.000 38.000 45.000 34.000 38.000 45.000 34.000 34.000 54.000 54.000 54.000 49.000 44.000 69.000 54.000 69.000 51.000 72.000 63.000 67.000 52.000 57.000 69.000 69.000 55.000 51.000 52.000 57.000 57.000 70.000 70.000 65.000 65.000 0.000 0.000 7.000 7.000 4.000 16.000 8.000 9.000 7.000 11.000 11.000 11.000 12.000 61.000 61.000 61.000 56.000 52.000 71.000 71.000 70.000 69.000 65.000 61.000 70.000 61.000 70.000 70.000 61.000 61.000 71.000 64.000 62.000 62.000 59.000 59.000 61.000 64.000 59.000 56.000 56.000 71.000 59.000 64.000 64.000 74.000 75.000 75.000 75.000 75.000 75.000 75.000 74.000 55.000 55.000 62.000 62.000 55.000 55.000 55.000 55.000 55.000 63.000 66.000 66.000 66.000 58.000 63.000 60.000 60.000 71.000 52.000 56.000 63.000 63.000 59.000 59.000 70.000 70.000
VBdist IGHV2-28*01 67.000 35.000 46.000 46.000 47.000 46.000 46.000 52.000 49.000 47.000 36.000 36.000 36.000 36.000 47.000 43.000 68.000 68.000 50.000 56.000 56.000 45.000 45.000 45.000 45.000 45.000 56.000 56.000 56.000 55.000 56.000 72.000 72.000 72.000 72.000 74.000 57.000 61.000 42.000 42.000 50.000 48.000 50.000 50.000 48.000 33.000 33.000 40.000 29.000 33.000 40.000 29.000 29.000 47.000 47.000 47.000 46.000 41.000 67.000 49.000 67.000 52.000 72.000 64.000 69.000 47.000 56.000 67.000 67.000 56.000 52.000 47.000 56.000 56.000 70.000 74.000 64.000 64.000 7.000 7.000 0.000 0.000 11.000 13.000 13.000 14.000 10.000 12.000 12.000 12.000 9.000 57.000 57.000 54.000 53.000 49.000 68.000 68.000 68.000 67.000 61.000 56.000 68.000 56.000 68.000 68.000 56.000 56.000 68.000 62.000 60.000 60.000 57.000 57.000 59.000 64.000 57.000 54.000 54.000 69.000 57.000 64.000 64.000 70.000 71.000 71.000 71.000 71.000 71.000 71.000 73.000 52.000 52.000 59.000 59.000 52.000 52.000 52.000 52.000 52.000 60.000 62.000 62.000 62.000 55.000 60.000 59.000 59.000 71.000 55.000 54.000 62.000 62.000 57.000 57.000 70.000 70.000
VBdist IGHV2-28*02 67.000 35.000 46.000 46.000 47.000 46.000 46.000 52.000 49.000 47.000 36.000 36.000 36.000 36.000 47.000 43.000 68.000 68.000 50.000 56.000 56.000 45.000 45.000 45.000 45.000 45.000 56.000 56.000 56.000 55.000 56.000 72.000 72.000 72.000 72.000 74.000 57.000 61.000 42.000 42.000 50.000 48.000 50.000 50.000 48.000 33.000 33.000 40.000 29.000 33.000 40.000 29.000 29.000 47.000 47.000 47.000 46.000 41.000 67.000 49.000 67.000 52.000 72.000 64.000 69.000 47.000 56.000 67.000 67.000 56.000 52.000 47.000 56.000 56.000 70.000 74.000 64.000 64.000 7.000 7.000 0.000 0.000 11.000 13.000 13.000 14.000 10.000 12.000 12.000 12.000 9.000 57.000 57.000 54.000 53.000 49.000 68.000 68.000 68.000 67.000 61.000 56.000 68.000 56.000 68.000 68.000 56.000 56.000 68.000 62.000 60.000 60.000 57.000 57.000 59.000 64.000 57.000 54.000 54.000 69.000 57.000 64.000 64.000 70.000 71.000 71.000 71.000 71.000 71.000 71.000 73.000 52.000 52.000 59.000 59.000 52.000 52.000 52.000 52.000 52.000 60.000 62.000 62.000 62.000 55.000 60.000 59.000 59.000 71.000 55.000 54.000 62.000 62.000 57.000 57.000 70.000 70.000
VBdist IGHV2-8*01 70.000 41.000 52.000 52.000 49.000 48.000 48.000 61.000 58.000 53.000 42.000 41.000 41.000 41.000 53.000 49.000 70.000 70.000 56.000 58.000 58.000 50.000 50.000 50.000 50.000 50.000 60.000 60.000 60.000 59.000 60.000 71.000 71.000 71.000 71.000 69.000 60.000 64.000 46.000 46.000 52.000 51.000 52.000 52.000 51.000 42.000 42.000 49.000 38.000 42.000 49.000 38.000 38.000 58.000 58.000 58.000 53.000 48.000 73.000 58.000 73.000 55.000 76.000 67.000 71.000 53.000 61.000 73.000 73.000 59.000 55.000 53.000 61.000 61.000 74.000 74.000 69.000 69.000 4.000 4.000 11.000 11.000 0.000 12.000 12.000 13.000 11.000 15.000 15.000 15.000 16.000 57.000 57.000 57.000 56.000 52.000 71.000 71.000 70.000 69.000 65.000 61.000 70.000 61.000 70.000 70.000 61.000 61.000 71.000 60.000 62.000 62.000 59.000 59.000 61.000 64.000 59.000 56.000 56.000 67.000 59.000 64.000 64.000 74.000 75.000 75.000 75.000 75.000 75.000 75.000 74.000 55.000 55.000 62.000 62.000 55.000 55.000 55.000 55.000 55.000 63.000 66.000 66.000 66.000 58.000 63.000 56.000 56.000 71.000 56.000 60.000 63.000 63.000 59.000 59.000 70.000 70.000
VBdist IGHV2-8*02 72.000 42.000 50.000 50.000 54.000 53.000 53.000 62.000 59.000 54.000 41.000 42.000 42.000 42.000 54.000 50.000 71.000 71.000 57.000 52.000 52.000 44.000 44.000 44.000 44.000 44.000 57.000 57.000 57.000 56.000 57.000 69.000 69.000 69.000 69.000 67.000 58.000 62.000 48.000 48.000 54.000 54.000 54.000 54.000 54.000 46.000 46.000 50.000 42.000 46.000 50.000 42.000 42.000 50.000 50.000 50.000 57.000 52.000 72.000 59.000 70.000 56.000 73.000 66.000 71.000 54.000 62.000 70.000 70.000 60.000 56.000 54.000 62.000 62.000 75.000 78.000 70.000 70.000 16.000 16.000 13.000 13.000 12.000 0.000 12.000 10.000 19.000 7.000 7.000 7.000 4.000 54.000 54.000 51.000 53.000 49.000 70.000 70.000 69.000 66.000 63.000 57.000 69.000 57.000 67.000 67.000 57.000 57.000 70.000 58.000 60.000 60.000 57.000 57.000 61.000 64.000 54.000 56.000 56.000 67.000 54.000 64.000 64.000 69.000 70.000 70.000 70.000 70.000 70.000 70.000 69.000 54.000 54.000 56.000 56.000 54.000 54.000 54.000 54.000 54.000 62.000 59.000 59.000 59.000 54.000 59.000 56.000 54.000 71.000 58.000 59.000 61.000 61.000 58.000 58.000 68.000 68.000
VBdist IGHV2D-11*01 68.000 45.000 57.000 57.000 53.000 52.000 52.000 62.000 59.000 57.000 46.000 46.000 46.000 46.000 57.000 53.000 67.000 67.000 60.000 53.000 53.000 48.000 48.000 48.000 48.000 48.000 58.000 58.000 58.000 57.000 58.000 73.000 73.000 73.000 73.000 71.000 57.000 61.000 49.000 49.000 55.000 49.000 55.000 55.000 49.000 46.000 46.000 50.000 42.000 46.000 50.000 42.000 42.000 54.000 54.000 54.000 57.000 52.000 68.000 59.000 66.000 52.000 73.000 64.000 67.000 57.000 58.000 66.000 66.000 56.000 52.000 56.000 58.000 58.000 71.000 69.000 66.000 66.000 8.000 8.000 13.000 13.000 12.000 12.000 0.000 4.000 15.000 7.000 7.000 7.000 8.000 59.000 59.000 59.000 56.000 52.000 71.000 71.000 70.000 69.000 64.000 61.000 70.000 61.000 70.000 70.000 61.000 61.000 71.000 64.000 62.000 62.000 59.000 59.000 61.000 64.000 56.000 56.000 56.000 71.000 56.000 64.000 64.000 68.000 69.000 69.000 69.000 69.000 69.000 69.000 68.000 58.000 58.000 62.000 62.000 58.000 58.000 58.000 58.000 58.000 66.000 65.000 65.000 65.000 58.000 63.000 60.000 60.000 71.000 52.000 56.000 63.000 63.000 59.000 59.000 70.000 70.000
VBdist IGHV2D-11*02 68.000 45.000 55.000 55.000 51.000 50.000 50.000 60.000 57.000 57.000 42.000 46.000 46.000 46.000 57.000 53.000 65.000 65.000 60.000 53.000 53.000 48.000 48.000 48.000 48.000 48.000 58.000 58.000 58.000 57.000 58.000 73.000 73.000 73.000 73.000 71.000 58.000 62.000 49.000 49.000 55.000 50.000 55.000 55.000 50.000 47.000 47.000 50.000 43.000 47.000 50.000 43.000 43.000 52.000 52.000 52.000 58.000 53.000 66.000 59.000 64.000 50.000 71.000 60.000 65.000 57.000 56.000 64.000 64.000 54.000 50.000 57.000 56.000 56.000 71.000 70.000 64.000 64.000 9.000 9.000 14.000 14.000 13.000 10.000 4.000 0.000 16.000 5.000 5.000 5.000 6.000 59.000 59.000 59.000 52.000 48.000 68.000 68.000 67.000 65.000 64.000 59.000 67.000 59.000 66.000 66.000 59.000 59.000 68.000 60.000 58.000 58.000 55.000 55.000 59.000 62.000 52.000 54.000 54.000 71.000 52.000 62.000 62.000 69.000 70.000 70.000 70.000 70.000 70.000 70.000 69.000 59.000 59.000 58.000 58.000 59.000 59.000 59.000 59.000 59.000 67.000 61.000 61.000 61.000 58.000 63.000 58.000 56.000 69.000 48.000 54.000 59.000 59.000 57.000 57.000 66.000 66.000
VBdist IGHV2D-28*01 66.000 43.000 54.000 54.000 52.000 51.000 51.000 60.000 57.000 55.000 44.000 44.000 44.000 44.000 55.000 51.000 66.000 66.000 58.000 58.000 58.000 49.000 49.000 49.000 49.000 49.000 60.000 60.000 60.000 59.000 60.000 72.000 72.000 72.000 72.000 70.000 57.000 61.000 50.000 50.000 56.000 51.000 56.000 56.000 51.000 41.000 41.000 48.000 37.000 33.000 48.000 37.000 37.000 53.000 53.000 53.000 44.000 39.000 65.000 57.000 65.000 51.000 69.000 63.000 63.000 55.000 57.000 65.000 65.000 55.000 51.000 55.000 57.000 57.000 70.000 73.000 65.000 65.000 7.000 7.000 10.000 10.000 11.000 19.000 15.000 16.000 0.000 12.000 12.000 12.000 15.000 61.000 61.000 60.000 60.000 56.000 75.000 75.000 69.000 68.000 65.000 60.000 69.000 60.000 69.000 69.000 60.000 60.000 75.000 64.000 62.000 62.000 59.000 59.000 61.000 64.000 59.000 56.000 56.000 71.000 59.000 64.000 64.000 74.000 75.000 75.000 75.000 75.000 75.000 75.000 74.000 58.000 58.000 65.000 65.000 58.000 58.000 58.000 58.000 58.000 66.000 69.000 69.000 69.000 61.000 66.000 60.000 60.000 71.000 55.000 56.000 63.000 63.000 59.000 59.000 70.000 70.000
VBdist IGHV2D-50*01 68.000 44.000 52.000 52.000 53.000 52.000 52.000 61.000 58.000 56.000 43.000 45.000 45.000 45.000 56.000 52.000 67.000 67.000 59.000 53.000 53.000 47.000 47.000 47.000 47.000 47.000 58.000 58.000 58.000 57.000 58.000 70.000 70.000 70.000 70.000 68.000 55.000 59.000 49.000 49.000 55.000 50.000 55.000 55.000 50.000 45.000 45.000 49.000 41.000 45.000 49.000 41.000 41.000 49.000 49.000 49.000 56.000 51.000 65.000 58.000 63.000 52.000 66.000 62.000 64.000 56.000 58.000 63.000 63.000 56.000 52.000 56.000 58.000 58.000 71.000 73.000 66.000 66.000 11.000 11.000 12.000 12.000 15.000 7.000 7.000 5.000 12.000 0.000 0.000 0.000 3.000 59.000 59.000 58.000 54.000 50.000 71.000 71.000 70.000 67.000 64.000 60.000 70.000 60.000 68.000 68.000 60.000 60.000 71.000 62.000 60.000 60.000 57.000 57.000 61.000 64.000 54.000 56.000 56.000 71.000 54.000 64.000 64.000 69.000 70.000 70.000 70.000 70.000 70.000 70.000 69.000 57.000 57.000 59.000 59.000 57.000 57.000 57.000 57.000 57.000 65.000 62.000 62.000 62.000 57.000 62.000 60.000 58.000 71.000 53.000 56.000 61.000 61.000 59.000 59.000 68.000 68.000
VBdist IGHV2D-51*01 68.000 44.000 52.000 52.000 53.000 52.000 52.000 61.000 58.000 56.000 43.000 45.000 45.000 45.000 56.000 52.000 67.000 67.000 59.000 53.000 53.000 47.000 47.000 47.000 47.000 47.000 58.000 58.000 58.000 57.000 58.000 70.000 70.000 70.000 70.000 68.000 55.000 59.000 49.000 49.000 55.000 50.000 55.000 55.000 50.000 45.000 45.000 49.000 41.000 45.000 49.000 41.000 41.000 49.000 49.000 49.000 56.000 51.000 65.000 58.000 63.000 52.000 66.000 62.000 64.000 56.000 58.000 63.000 63.000 56.000 52.000 56.000 58.000 58.000 71.000 73.000 66.000 66.000 11.000 11.000 12.000 12.000 15.000 7.000 7.000 5.000 12.000 0.000 0.000 0.000 3.000 59.000 59.000 58.000 54.000 50.000 71.000 71.000 70.000 67.000 64.000 60.000 70.000 60.000 68.000 68.000 60.000 60.000 71.000 62.000 60.000 60.000 57.000 57.000 61.000 64.000 54.000 56.000 56.000 71.000 54.000 64.000 64.000 69.000 70.000 70.000 70.000 70.000 70.000 70.000 69.000 57.000 57.000 59.000 59.000 57.000 57.000 57.000 57.000 57.000 65.000 62.000 62.000 62.000 57.000 62.000 60.000 58.000 71.000 53.000 56.000 61.000 61.000 59.000 59.000 68.000 68.000
VBdist IGHV2D-68*01 68.000 44.000 52.000 52.000 53.000 52.000 52.000 61.000 58.000 56.000 43.000 45.000 45.000 45.000 56.000 52.000 67.000 67.000 59.000 53.000 53.000 47.000 47.000 47.000 47.000 47.000 58.000 58.000 58.000 57.000 58.000 70.000 70.000 70.000 70.000 68.000 55.000 59.000 49.000 49.000 55.000 50.000 55.000 55.000 50.000 45.000 45.000 49.000 41.000 45.000 49.000 41.000 41.000 49.000 49.000 49.000 56.000 51.000 65.000 58.000 63.000 52.000 66.000 62.000 64.000 56.000 58.000 63.000 63.000 56.000 52.000 56.000 58.000 58.000 71.000 73.000 66.000 66.000 11.000 11.000 12.000 12.000 15.000 7.000 7.000 5.000 12.000 0.000 0.000 0.000 3.000 59.000 59.000 58.000 54.000 50.000 71.000 71.000 70.000 67.000 64.000 60.000 70.000 60.000 68.000 68.000 60.000 60.000 71.000 62.000 60.000 60.000 57.000 57.000 61.000 64.000 54.000 56.000 56.000 71.000 54.000 64.000 64.000 69.000 70.000 70.000 70.000 70.000 70.000 70.000 69.000 57.000 57.000 59.000 59.000 57.000 57.000 57.000 57.000 57.000 65.000 62.000 62.000 62.000 57.000 62.000 60.000 58.000 71.000 53.000 56.000 61.000 61.000 59.000 59.000 68.000 68.000
VBdist IGHV2D-8-1*01 68.000 41.000 49.000 49.000 53.000 52.000 52.000 58.000 55.000 53.000 40.000 42.000 42.000 42.000 53.000 49.000 67.000 67.000 56.000 52.000 52.000 44.000 44.000 44.000 44.000 44.000 57.000 57.000 57.000 56.000 57.000 73.000 73.000 73.000 73.000 71.000 58.000 62.000 48.000 48.000 54.000 50.000 54.000 54.000 50.000 42.000 42.000 46.000 38.000 42.000 46.000 38.000 38.000 46.000 46.000 46.000 53.000 48.000 68.000 55.000 66.000 52.000 69.000 62.000 67.000 53.000 58.000 66.000 66.000 56.000 52.000 53.000 58.000 58.000 71.000 74.000 66.000 66.000 12.000 12.000 9.000 9.000 16.000 4.000 8.000 6.000 15.000 3.000 3.000 3.000 0.000 58.000 58.000 55.000 53.000 49.000 70.000 70.000 69.000 66.000 63.000 57.000 69.000 57.000 67.000 67.000 57.000 57.000 70.000 62.000 60.000 60.000 57.000 57.000 61.000 64.000 54.000 56.000 56.000 71.000 54.000 64.000 64.000 69.000 70.000 70.000 70.000 70.000 70.000 70.000 69.000 54.000 54.000 56.000 56.000 54.000 54.000 54.000 54.000 54.000 62.000 59.000 59.000 59.000 54.000 59.000 60.000 58.000 71.000 54.000 55.000 61.000 61.000 58.000 58.000 68.000 68.000
VBdist IGHV3-20*01 75.000 59.000 61.000 61.000 59.000 58.000 58.000 69.000 66.000 58.000 63.000 59.000 59.000 59.000 58.000 54.000 74.000 74.000 61.000 35.000 35.000 40.000 40.000 40.000 40.000 41.000 45.000 45.000 48.000 39.000 45.000 45.000 45.000 45.000 45.000 47.000 34.000 38.000 56.000 56.000 64.000 70.000 64.000 64.000 70.000 65.000 65.000 65.000 61.000 61.000 65.000 61.000 61.000 69.000 69.000 69.000 71.000 72.000 75.000 65.000 70.000 67.000 81.000 74.000 79.000 57.000 66.000 70.000 70.000 71.000 67.000 57.000 66.000 66.000 70.000 79.000 67.000 67.000 61.000 61.000 57.000 57.000 57.000 54.000 59.000 59.000 61.000 59.000 59.000 59.000 58.000 0.000 0.000 17.000 53.000 49.000 74.000 73.000 65.000 64.000 49.000 56.000 65.000 56.000 64.000 65.000 56.000 56.000 73.000 58.000 68.000 68.000 62.000 62.000 67.000 67.000 58.000 65.000 61.000 54.000 58.000 67.000 67.000 50.000 55.000 55.000 55.000 55.000 55.000 55.000 54.000 62.000 62.000 62.000 62.000 63.000 63.000 63.000 63.000 62.000 70.000 68.000 69.000 69.000 61.000 69.000 57.000 57.000 78.000 61.000 61.000 60.000 60.000 60.000 60.000 70.000 70.000
VBdist IGHV3-20*02 75.000 59.000 61.000 61.000 59.000 58.000 58.000 69.000 66.000 58.000 63.000 59.000 59.000 59.000 58.000 54.000 74.000 74.000 61.000 35.000 35.000 40.000 40.000 40.000 40.000 41.000 45.000 45.000 48.000 39.000 45.000 45.000 45.000 45.000 45.000 47.000 34.000 38.000 56.000 56.000 64.000 70.000 64.000 64.000 70.000 65.000 65.000 65.000 61.000 61.000 65.000 61.000 61.000 69.000 69.000 69.000 71.000 72.000 75.000 65.000 70.000 67.000 81.000 74.000 79.000 57.000 66.000 70.000 70.000 71.000 67.000 57.000 66.000 66.000 70.000 79.000 67.000 67.000 61.000 61.000 57.000 57.000 57.000 54.000 59.000 59.000 61.000 59.000 59.000 59.000 58.000 0.000 0.000 17.000 53.000 49.000 74.000 73.000 65.000 64.000 49.000 56.000 65.000 56.000 64.000 65.000 56.000 56.000 73.000 58.000 68.000 68.000 62.000 62.000 67.000 67.000 58.000 65.000 61.000 54.000 58.000 67.000 67.000 50.000 55.000 55.000 55.000 55.000 55.000 55.000 54.000 62.000 62.000 62.000 62.000 63.000 63.000 63.000 63.000 62.000 70.000 68.000 69.000 69.000 61.000 69.000 57.000 57.000 78.000 61.000 61.000 60.000 60.000 60.000 60.000 70.000 70.000
VBdist IGHV3D-30*01 76.000 52.000 55.000 55.000 56.000 55.000 55.000 62.000 59.000 56.000 56.000 56.000 56.000 56.000 59.000 55.000 70.000 70.000 59.000 40.000 40.000 33.000 33.000 33.000 33.000 34.000 53.000 53.000 52.000 50.000 53.000 35.000 36.000 35.000 36.000 37.000 34.000 38.000 53.000 53.000 61.000 67.000 61.000 61.000 67.000 54.000 54.000 50.000 50.000 50.000 54.000 50.000 50.000 59.000 59.000 59.000 60.000 65.000 62.000 59.000 73.000 60.000 77.000 67.000 66.000 56.000 59.000 73.000 73.000 64.000 60.000 56.000 59.000 59.000 75.000 79.000 71.000 71.000 61.000 61.000 54.000 54.000 57.000 51.000 59.000 59.000 60.000 58.000 58.000 58.000 55.000 17.000 17.000 0.000 59.000 55.000 71.000 70.000 65.000 64.000 58.000 52.000 65.000 52.000 64.000 65.000 52.000 52.000 70.000 51.000 62.000 62.000 58.000 58.000 63.000 61.000 52.000 58.000 54.000 53.000 52.000 61.000 61.000 48.000 55.000 55.000 55.000 55.000 55.000 55.000 54.000 58.000 58.000 58.000 58.000 59.000 59.000 59.000 59.000 58.000 66.000 64.000 65.000 65.000 57.000 65.000 54.000 54.000 71.000 54.000 53.000 57.000 57.000 52.000 52.000 67.000 67.000
VBdist IGHV4-22*01 65.000 46.000 45.000 45.000 47.000 47.000 47.000 61.000 61.000 52.000 43.000 42.000 42.000 42.000 60.000 56.000 65.000 65.000 55.000 43.000 43.000 40.000 40.000 40.000 40.000 44.000 53.000 53.000 49.000 53.000 53.000 68.000 68.000 68.000 68.000 71.000 57.000 57.000 51.000 51.000 58.000 66.000 58.000 58.000 66.000 57.000 54.000 58.000 55.000 59.000 54.000 55.000 55.000 61.000 61.000 61.000 68.000 61.000 66.000 58.000 64.000 52.000 74.000 58.000 73.000 56.000 57.000 65.000 65.000 56.000 52.000 56.000 57.000 57.000 72.000 74.000 64.000 64.000 56.000 56.000 53.000 53.000 56.000 53.000 56.000 52.000 60.000 54.000 54.000 54.000 53.000 53.000 53.000 59.000 0.000 4.000 46.000 42.000 39.000 34.000 44.000 21.000 32.000 21.000 31.000 34.000 21.000 21.000 42.000 57.000 54.000 54.000 58.000 58.000 65.000 59.000 53.000 64.000 64.000 66.000 53.000 59.000 59.000 75.000 76.000 76.000 76.000 76.000 75.000 76.000 79.000 55.000 55.000 53.000 53.000 55.000 55.000 55.000 55.000 55.000 55.000 58.000 58.000 58.000 54.000 55.000 53.000 51.000 63.000 52.000 51.000 57.000 57.000 51.000 51.000 60.000 60.000
VBdist IGHV4-22*02 64.000 42.000 41.000 41.000 47.000 46.000 46.000 60.000 57.000 48.000 39.000 38.000 38.000 38.000 56.000 52.000 64.000 64.000 51.000 39.000 39.000 36.000 36.000 36.000 36.000 40.000 53.000 53.000 49.000 52.000 53.000 68.000 68.000 68.000 68.000 71.000 53.000 57.000 47.000 47.000 54.000 65.000 54.000 54.000 65.000 53.000 50.000 54.000 51.000 55.000 50.000 51.000 51.000 57.000 57.000 57.000 64.000 57.000 62.000 54.000 68.000 52.000 73.000 57.000 69.000 52.000 56.000 69.000 69.000 56.000 52.000 52.000 56.000 56.000 68.000 73.000 63.000 63.000 52.000 52.000 49.000 49.000 52.000 49.000 52.000 48.000 56.000 50.000 50.000 50.000 49.000 49.000 49.000 55.000 4.000 0.000 46.000 42.000 39.000 33.000 40.000 25.000 32.000 25.000 31.000 34.000 25.000 25.000 42.000 53.000 58.000 58.000 54.000 54.000 61.000 58.000 49.000 60.000 60.000 66.000 49.000 58.000 58.000 71.000 72.000 72.000 72.000 72.000 71.000 72.000 75.000 51.000 51.000 49.000 49.000 51.000 51.000 51.000 51.000 51.000 59.000 54.000 54.000 54.000 50.000 51.000 49.000 47.000 63.000 48.000 47.000 53.000 53.000 47.000 47.000 60.000 60.000
VBdist IGHV4D-13*01 64.000 64.000 56.000 56.000 65.000 65.000 65.000 63.000 63.000 62.000 59.000 64.000 64.000 64.000 59.000 63.000 68.000 68.000 65.000 66.000 66.000 62.000 62.000 62.000 62.000 62.000 68.000 68.000 64.000 72.000 68.000 83.000 83.000 83.000 83.000 86.000 67.000 67.000 61.000 61.000 68.000 66.000 68.000 68.000 66.000 64.000 61.000 65.000 61.000 65.000 61.000 61.000 61.000 65.000 65.000 65.000 70.000 73.000 70.000 56.000 78.000 67.000 75.000 65.000 74.000 63.000 65.000 79.000 79.000 67.000 67.000 63.000 65.000 65.000 76.000 75.000 68.000 68.000 71.000 71.000 68.000 68.000 71.000 70.000 71.000 68.000 75.000 71.000 71.000 71.000 70.000 74.000 74.000 71.000 46.000 46.000 0.000 4.000 35.000 34.000 54.000 51.000 41.000 51.000 34.000 34.000 51.000 51.000 4.000 62.000 69.000 69.000 72.000 72.000 79.000 70.000 64.000 76.000 76.000 75.000 64.000 70.000 70.000 86.000 86.000 86.000 86.000 86.000 85.000 86.000 90.000 69.000 69.000 69.000 69.000 69.000 69.000 69.000 69.000 69.000 65.000 73.000 73.000 73.000 72.000 70.000 54.000 52.000 63.000 52.000 47.000 57.000 57.000 47.000 47.000 64.000 64.000
VBdist IGHV4D-13*02 68.000 63.000 55.000 55.000 64.000 64.000 64.000 67.000 67.000 61.000 61.000 63.000 63.000 63.000 58.000 62.000 72.000 72.000 64.000 65.000 65.000 61.000 61.000 61.000 61.000 61.000 67.000 67.000 63.000 71.000 67.000 82.000 82.000 82.000 82.000 85.000 66.000 66.000 61.000 61.000 68.000 67.000 68.000 68.000 67.000 64.000 61.000 65.000 61.000 65.000 61.000 61.000 61.000 65.000 65.000 65.000 70.000 73.000 70.000 60.000 78.000 71.000 79.000 69.000 78.000 62.000 69.000 79.000 79.000 71.000 71.000 62.000 69.000 69.000 80.000 79.000 72.000 72.000 71.000 71.000 68.000 68.000 71.000 70.000 71.000 68.000 75.000 71.000 71.000 71.000 70.000 73.000 73.000 70.000 42.000 42.000 4.000 0.000 31.000 30.000 50.000 47.000 37.000 47.000 30.000 30.000 47.000 47.000 0.000 61.000 68.000 68.000 71.000 71.000 79.000 69.000 63.000 76.000 76.000 74.000 63.000 69.000 69.000 85.000 86.000 86.000 86.000 86.000 85.000 86.000 89.000 68.000 68.000 68.000 68.000 68.000 68.000 68.000 68.000 68.000 64.000 72.000 72.000 72.000 71.000 72.000 58.000 56.000 67.000 56.000 51.000 61.000 61.000 51.000 51.000 68.000 68.000
VBdist IGHV4D-23*01 62.000 58.000 50.000 50.000 56.000 59.000 59.000 64.000 65.000 59.000 52.000 58.000 58.000 58.000 64.000 60.000 65.000 65.000 62.000 56.000 56.000 56.000 56.000 56.000 56.000 57.000 50.000 50.000 46.000 58.000 50.000 72.000 72.000 72.000 72.000 74.000 58.000 58.000 52.000 52.000 60.000 65.000 60.000 60.000 65.000 60.000 57.000 59.000 59.000 56.000 55.000 59.000 59.000 65.000 65.000 65.000 66.000 72.000 65.000 67.000 69.000 66.000 70.000 62.000 72.000 60.000 61.000 70.000 70.000 70.000 66.000 60.000 61.000 61.000 71.000 70.000 65.000 65.000 70.000 70.000 68.000 68.000 70.000 69.000 70.000 67.000 69.000 70.000 70.000 70.000 69.000 65.000 65.000 65.000 39.000 39.000 35.000 31.000 0.000 9.000 40.000 48.000 11.000 48.000 12.000 6.000 48.000 48.000 31.000 59.000 64.000 64.000 66.000 66.000 74.000 65.000 59.000 70.000 74.000 73.000 59.000 65.000 65.000 80.000 81.000 81.000 81.000 81.000 80.000 81.000 83.000 64.000 64.000 64.000 64.000 64.000 64.000 64.000 64.000 64.000 68.000 68.000 68.000 68.000 68.000 69.000 57.000 55.000 66.000 55.000 54.000 60.000 60.000 54.000 54.000 68.000 68.000
VBdist IGHV4D-23*02 58.000 61.000 48.000 48.000 59.000 56.000 56.000 60.000 63.000 57.000 54.000 61.000 61.000 61.000 63.000 59.000 61.000 61.000 60.000 55.000 55.000 55.000 55.000 55.000 55.000 56.000 55.000 55.000 51.000 60.000 55.000 76.000 76.000 76.000 76.000 78.000 59.000 60.000 47.000 47.000 55.000 62.000 55.000 55.000 62.000 61.000 58.000 62.000 58.000 57.000 58.000 58.000 58.000 62.000 62.000 62.000 67.000 71.000 63.000 65.000 72.000 64.000 64.000 57.000 70.000 58.000 56.000 73.000 73.000 68.000 64.000 58.000 56.000 56.000 69.000 66.000 60.000 60.000 69.000 69.000 67.000 67.000 69.000 66.000 69.000 65.000 68.000 67.000 67.000 67.000 66.000 64.000 64.000 64.000 34.000 33.000 34.000 30.000 9.000 0.000 34.000 42.000 12.000 42.000 12.000 3.000 42.000 42.000 30.000 56.000 67.000 67.000 68.000 68.000 76.000 65.000 61.000 72.000 72.000 73.000 61.000 65.000 65.000 81.000 82.000 82.000 82.000 82.000 81.000 82.000 84.000 67.000 67.000 66.000 66.000 67.000 67.000 67.000 67.000 67.000 72.000 70.000 70.000 70.000 68.000 69.000 54.000 52.000 64.000 52.000 51.000 57.000 57.000 51.000 51.000 66.000 66.000
VBdist IGHV4D-24*01 61.000 55.000 47.000 47.000 61.000 60.000 60.000 64.000 61.000 53.000 58.000 57.000 57.000 57.000 57.000 53.000 70.000 70.000 56.000 50.000 50.000 52.000 52.000 52.000 52.000 52.000 56.000 56.000 54.000 58.000 56.000 75.000 75.000 75.000 75.000 77.000 55.000 59.000 50.000 50.000 58.000 64.000 58.000 58.000 64.000 60.000 59.000 61.000 60.000 60.000 60.000 60.000 60.000 64.000 64.000 64.000 70.000 71.000 71.000 64.000 75.000 71.000 61.000 73.000 77.000 49.000 66.000 75.000 75.000 75.000 71.000 49.000 66.000 66.000 54.000 60.000 66.000 66.000 65.000 65.000 61.000 61.000 65.000 63.000 64.000 64.000 65.000 64.000 64.000 64.000 63.000 49.000 49.000 58.000 44.000 40.000 54.000 50.000 40.000 34.000 0.000 43.000 36.000 43.000 38.000 35.000 43.000 43.000 50.000 63.000 72.000 72.000 66.000 66.000 71.000 71.000 63.000 70.000 70.000 76.000 63.000 71.000 71.000 69.000 70.000 70.000 70.000 70.000 70.000 70.000 72.000 61.000 61.000 68.000 68.000 65.000 65.000 65.000 65.000 61.000 69.000 68.000 72.000 72.000 69.000 70.000 46.000 46.000 68.000 46.000 49.000 54.000 54.000 49.000 49.000 65.000 65.000
VBdist IGHV4D-37*01 69.000 45.000 54.000 54.000 47.000 47.000 47.000 62.000 62.000 55.000 44.000 49.000 49.000 49.000 59.000 59.000 63.000 63.000 58.000 46.000 46.000 33.000 33.000 33.000 33.000 37.000 59.000 59.000 54.000 58.000 59.000 66.000 66.000 66.000 66.000 68.000 55.000 55.000 60.000 60.000 68.000 71.000 68.000 68.000 71.000 56.000 53.000 57.000 54.000 54.000 53.000 54.000 54.000 51.000 51.000 51.000 56.000 49.000 58.000 53.000 60.000 47.000 76.000 60.000 64.000 59.000 54.000 61.000 61.000 47.000 47.000 59.000 54.000 54.000 73.000 75.000 65.000 65.000 61.000 61.000 56.000 56.000 61.000 57.000 61.000 59.000 60.000 60.000 60.000 60.000 57.000 56.000 56.000 52.000 21.000 25.000 51.000 47.000 48.000 42.000 43.000 0.000 41.000 0.000 39.000 42.000 0.000 0.000 47.000 54.000 51.000 51.000 55.000 55.000 58.000 53.000 50.000 57.000 57.000 61.000 50.000 53.000 53.000 77.000 78.000 78.000 78.000 78.000 77.000 78.000 80.000 59.000 59.000 59.000 59.000 59.000 59.000 59.000 59.000 59.000 55.000 64.000 64.000 64.000 58.000 59.000 51.000 53.000 61.000 50.000 44.000 55.000 55.000 44.000 44.000 63.000 63.000
VBdist IGHV4D-43*01 61.000 62.000 50.000 50.000 57.000 60.000 60.000 65.000 66.000 56.000 56.000 62.000 62.000 62.000 64.000 60.000 65.000 65.000 59.000 55.000 55.000 55.000 55.000 55.000 55.000 56.000 52.000 52.000 48.000 60.000 52.000 76.000 76.000 76.000 76.000 78.000 60.000 60.000 52.000 52.000 60.000 69.000 60.000 60.000 69.000 61.000 58.000 62.000 59.000 58.000 58.000 59.000 59.000 64.000 64.000 64.000 68.000 72.000 66.000 66.000 73.000 66.000 69.000 62.000 72.000 60.000 60.000 74.000 74.000 70.000 66.000 60.000 60.000 60.000 69.000 68.000 64.000 64.000 70.000 70.000 68.000 68.000 70.000 69.000 70.000 67.000 69.000 70.000 70.000 70.000 69.000 65.000 65.000 65.000 32.000 32.000 41.000 37.000 11.000 12.000 36.000 41.000 0.000 41.000 12.000 9.000 41.000 41.000 37.000 58.000 68.000 68.000 70.000 70.000 78.000 69.000 63.000 74.000 74.000 73.000 63.000 69.000 69.000 82.000 83.000 83.000 83.000 83.000 82.000 83.000 85.000 67.000 67.000 67.000 67.000 67.000 67.000 67.000 67.000 67.000 71.000 71.000 71.000 71.000 69.000 70.000 56.000 54.000 65.000 54.000 53.000 59.000 59.000 53.000 53.000 67.000 67.000
VBdist IGHV4D-58*01 69.000 45.000 54.000 54.000 47.000 47.000 47.000 62.000 62.000 55.000 44.000 49.000 49.000 49.000 59.000 59.000 63.000 63.000 58.000 46.000 46.000 33.000 33.000 33.000 33.000 37.000 59.000 59.000 54.000 58.000 59.000 66.000 66.000 66.000 66.000 68.000 55.000 55.000 60.000 60.000 68.000 71.000 68.000 68.000 71.000 56.000 53.000 57.000 54.000 54.000 53.000 54.000 54.000 51.000 51.000 51.000 56.000 49.000 58.000 53.000 60.000 47.000 76.000 60.000 64.000 59.000 54.000 61.000 61.000 47.000 47.000 59.000 54.000 54.000 73.000 75.000 65.000 65.000 61.000 61.000 56.000 56.000 61.000 57.000 61.000 59.000 60.000 60.000 60.000 60.000 57.000 56.000 56.000 52.000 21.000 25.000 51.000 47.000 48.000 42.000 43.000 0.000 41.000 0.000 39.000 42.000 0.000 0.000 47.000 54.000 51.000 51.000 55.000 55.000 58.000 53.000 50.000 57.000 57.000 61.000 50.000 53.000 53.000 77.000 78.000 78.000 78.000 78.000 77.000 78.000 80.000 59.000 59.000 59.000 59.000 59.000 59.000 59.000 59.000 59.000 55.000 64.000 64.000 64.000 58.000 59.000 51.000 53.000 61.000 50.000 44.000 55.000 55.000 44.000 44.000 63.000 63.000
VBdist IGHV4D-60*01 61.000 61.000 46.000 46.000 56.000 59.000 59.000 63.000 64.000 56.000 58.000 61.000 61.000 61.000 63.000 59.000 61.000 61.000 59.000 52.000 52.000 52.000 52.000 52.000 52.000 56.000 49.000 49.000 45.000 57.000 49.000 73.000 73.000 73.000 73.000 75.000 57.000 57.000 54.000 54.000 62.000 65.000 62.000 62.000 65.000 61.000 58.000 62.000 59.000 58.000 58.000 59.000 59.000 62.000 62.000 62.000 68.000 72.000 61.000 64.000 71.000 62.000 68.000 58.000 68.000 60.000 57.000 72.000 72.000 66.000 62.000 60.000 57.000 57.000 67.000 68.000 63.000 63.000 70.000 70.000 68.000 68.000 70.000 67.000 70.000 66.000 69.000 68.000 68.000 68.000 67.000 64.000 64.000 64.000 31.000 31.000 34.000 30.000 12.000 12.000 38.000 39.000 12.000 39.000 0.000 9.000 39.000 39.000 30.000 58.000 67.000 67.000 69.000 69.000 76.000 68.000 62.000 72.000 72.000 73.000 62.000 68.000 68.000 82.000 83.000 83.000 83.000 83.000 82.000 83.000 85.000 67.000 67.000 65.000 65.000 67.000 67.000 67.000 67.000 67.000 71.000 70.000 70.000 70.000 67.000 68.000 51.000 49.000 61.000 50.000 49.000 55.000 55.000 49.000 49.000 63.000 63.000
VBdist IGHV4D-60*02 61.000 62.000 49.000 49.000 56.000 59.000 59.000 63.000 64.000 58.000 55.000 62.000 62.000 62.000 64.000 60.000 64.000 64.000 61.000 56.000 56.000 56.000 56.000 56.000 56.000 57.000 52.000 52.000 48.000 60.000 52.000 76.000 76.000 76.000 76.000 78.000 60.000 60.000 48.000 48.000 56.000 65.000 56.000 56.000 65.000 62.000 59.000 63.000 59.000 58.000 59.000 59.000 59.000 63.000 63.000 63.000 68.000 72.000 64.000 66.000 72.000 65.000 67.000 60.000 71.000 59.000 59.000 73.000 73.000 69.000 65.000 59.000 59.000 59.000 70.000 69.000 63.000 63.000 70.000 70.000 68.000 68.000 70.000 67.000 70.000 66.000 69.000 68.000 68.000 68.000 67.000 65.000 65.000 65.000 34.000 34.000 34.000 30.000 6.000 3.000 35.000 42.000 9.000 42.000 9.000 0.000 42.000 42.000 30.000 57.000 67.000 67.000 69.000 69.000 77.000 68.000 62.000 73.000 73.000 73.000 62.000 68.000 68.000 82.000 83.000 83.000 83.000 83.000 82.000 83.000 85.000 68.000 68.000 67.000 67.000 68.000 68.000 68.000 68.000 68.000 72.000 71.000 71.000 71.000 69.000 70.000 55.000 53.000 64.000 53.000 52.000 58.000 58.000 52.000 52.000 66.000 66.000
VBdist IGHV4D-72*01 69.000 45.000 54.000 54.000 47.000 47.000 47.000 62.000 62.000 55.000 44.000 49.000 49.000 49.000 59.000 59.000 63.000 63.000 58.000 46.000 46.000 33.000 33.000 33.000 33.000 37.000 59.000 59.000 54.000 58.000 59.000 66.000 66.000 66.000 66.000 68.000 55.000 55.000 60.000 60.000 68.000 71.000 68.000 68.000 71.000 56.000 53.000 57.000 54.000 54.000 53.000 54.000 54.000 51.000 51.000 51.000 56.000 49.000 58.000 53.000 60.000 47.000 76.000 60.000 64.000 59.000 54.000 61.000 61.000 47.000 47.000 59.000 54.000 54.000 73.000 75.000 65.000 65.000 61.000 61.000 56.000 56.000 61.000 57.000 61.000 59.000 60.000 60.000 60.000 60.000 57.000 56.000 56.000 52.000 21.000 25.000 51.000 47.000 48.000 42.000 43.000 0.000 41.000 0.000 39.000 42.000 0.000 0.000 47.000 54.000 51.000 51.000 55.000 55.000 58.000 53.000 50.000 57.000 57.000 61.000 50.000 53.000 53.000 77.000 78.000 78.000 78.000 78.000 77.000 78.000 80.000 59.000 59.000 59.000 59.000 59.000 59.000 59.000 59.000 59.000 55.000 64.000 64.000 64.000 58.000 59.000 51.000 53.000 61.000 50.000 44.000 55.000 55.000 44.000 44.000 63.000 63.000
VBdist IGHV4D-72*02 69.000 45.000 54.000 54.000 47.000 47.000 47.000 62.000 62.000 55.000 44.000 49.000 49.000 49.000 59.000 59.000 63.000 63.000 58.000 46.000 46.000 33.000 33.000 33.000 33.000 37.000 59.000 59.000 54.000 58.000 59.000 66.000 66.000 66.000 66.000 68.000 55.000 55.000 60.000 60.000 68.000 71.000 68.000 68.000 71.000 56.000 53.000 57.000 54.000 54.000 53.000 54.000 54.000 51.000 51.000 51.000 56.000 49.000 58.000 53.000 60.000 47.000 76.000 60.000 64.000 59.000 54.000 61.000 61.000 47.000 47.000 59.000 54.000 54.000 73.000 75.000 65.000 65.000 61.000 61.000 56.000 56.000 61.000 57.000 61.000 59.000 60.000 60.000 60.000 60.000 57.000 56.000 56.000 52.000 21.000 25.000 51.000 47.000 48.000 42.000 43.000 0.000 41.000 0.000 39.000 42.000 0.000 0.000 47.000 54.000 51.000 51.000 55.000 55.000 58.000 53.000 50.000 57.000 57.000 61.000 50.000 53.000 53.000 77.000 78.000 78.000 78.000 78.000 77.000 78.000 80.000 59.000 59.000 59.000 59.000 59.000 59.000 59.000 59.000 59.000 55.000 64.000 64.000 64.000 58.000 59.000 51.000 53.000 61.000 50.000 44.000 55.000 55.000 44.000 44.000 63.000 63.000
VBdist IGHV4D-8-4*01 68.000 63.000 55.000 55.000 64.000 64.000 64.000 67.000 67.000 61.000 61.000 63.000 63.000 63.000 58.000 62.000 72.000 72.000 64.000 65.000 65.000 61.000 61.000 61.000 61.000 61.000 67.000 67.000 63.000 71.000 67.000 82.000 82.000 82.000 82.000 85.000 66.000 66.000 61.000 61.000 68.000 67.000 68.000 68.000 67.000 64.000 61.000 65.000 61.000 65.000 61.000 61.000 61.000 65.000 65.000 65.000 70.000 73.000 70.000 60.000 78.000 71.000 79.000 69.000 78.000 62.000 69.000 79.000 79.000 71.000 71.000 62.000 69.000 69.000 80.000 79.000 72.000 72.000 71.000 71.000 68.000 68.000 71.000 70.000 71.000 68.000 75.000 71.000 71.000 71.000 70.000 73.000 73.000 70.000 42.000 42.000 4.000 0.000 31.000 30.000 50.000 47.000 37.000 47.000 30.000 30.000 47.000 47.000 0.000 61.000 68.000 68.000 71.000 71.000 79.000 69.000 63.000 76.000 76.000 74.000 63.000 69.000 69.000 85.000 86.000 86.000 86.000 86.000 85.000 86.000 89.000 68.000 68.000 68.000 68.000 68.000 68.000 68.000 68.000 68.000 64.000 72.000 72.000 72.000 71.000 72.000 58.000 56.000 67.000 56.000 51.000 61.000 61.000 51.000 51.000 68.000 68.000
VBdist IGHV6-31*01 59.000 55.000 56.000 56.000 57.000 56.000 56.000 69.000 66.000 58.000 55.000 59.000 59.000 59.000 62.000 62.000 60.000 60.000 61.000 55.000 55.000 50.000 50.000 50.000 50.000 50.000 48.000 48.000 48.000 55.000 48.000 63.000 63.000 63.000 63.000 65.000 55.000 59.000 60.000 60.000 68.000 71.000 68.000 68.000 71.000 57.000 54.000 62.000 50.000 50.000 58.000 50.000 50.000 50.000 50.000 50.000 56.000 59.000 61.000 53.000 69.000 54.000 71.000 51.000 63.000 58.000 45.000 70.000 70.000 54.000 54.000 58.000 45.000 45.000 67.000 73.000 61.000 61.000 64.000 64.000 62.000 62.000 60.000 58.000 64.000 60.000 64.000 62.000 62.000 62.000 62.000 58.000 58.000 51.000 57.000 53.000 62.000 61.000 59.000 56.000 63.000 54.000 58.000 54.000 58.000 57.000 54.000 54.000 61.000 0.000 27.000 27.000 22.000 22.000 39.000 28.000 20.000 34.000 34.000 38.000 20.000 28.000 28.000 68.000 72.000 72.000 72.000 72.000 71.000 72.000 71.000 67.000 67.000 64.000 64.000 67.000 67.000 67.000 67.000 67.000 71.000 64.000 64.000 64.000 64.000 72.000 49.000 47.000 46.000 43.000 42.000 47.000 47.000 41.000 41.000 48.000 48.000
VBdist IGHV6-35*01 68.000 51.000 63.000 63.000 52.000 52.000 52.000 68.000 68.000 67.000 51.000 55.000 55.000 55.000 67.000 67.000 62.000 62.000 70.000 61.000 61.000 51.000 51.000 51.000 51.000 51.000 47.000 47.000 47.000 51.000 47.000 67.000 67.000 67.000 67.000 69.000 66.000 66.000 62.000 62.000 70.000 67.000 70.000 70.000 67.000 62.000 59.000 58.000 57.000 55.000 54.000 57.000 57.000 55.000 55.000 55.000 59.000 60.000 66.000 59.000 59.000 50.000 73.000 56.000 68.000 67.000 54.000 60.000 60.000 50.000 50.000 67.000 54.000 54.000 72.000 79.000 66.000 66.000 62.000 62.000 60.000 60.000 62.000 60.000 62.000 58.000 62.000 60.000 60.000 60.000 60.000 68.000 68.000 62.000 54.000 58.000 69.000 68.000 64.000 67.000 72.000 51.000 68.000 51.000 67.000 67.000 51.000 51.000 68.000 27.000 0.000 0.000 23.000 23.000 28.000 14.000 12.000 25.000 25.000 49.000 12.000 14.000 14.000 67.000 71.000 71.000 71.000 71.000 70.000 71.000 70.000 63.000 63.000 63.000 63.000 67.000 67.000 67.000 67.000 63.000 59.000 60.000 64.000 64.000 66.000 74.000 61.000 59.000 55.000 55.000 54.000 57.000 57.000 51.000 51.000 57.000 57.000
VBdist IGHV6-35*02 68.000 51.000 63.000 63.000 52.000 52.000 52.000 68.000 68.000 67.000 51.000 55.000 55.000 55.000 67.000 67.000 62.000 62.000 70.000 61.000 61.000 51.000 51.000 51.000 51.000 51.000 47.000 47.000 47.000 51.000 47.000 67.000 67.000 67.000 67.000 69.000 66.000 66.000 62.000 62.000 70.000 67.000 70.000 70.000 67.000 62.000 59.000 58.000 57.000 55.000 54.000 57.000 57.000 55.000 55.000 55.000 59.000 60.000 66.000 59.000 59.000 50.000 73.000 56.000 68.000 67.000 54.000 60.000 60.000 50.000 50.000 67.000 54.000 54.000 72.000 79.000 66.000 66.000 62.000 62.000 60.000 60.000 62.000 60.000 62.000 58.000 62.000 60.000 60.000 60.000 60.000 68.000 68.000 62.000 54.000 58.000 69.000 68.000 64.000 67.000 72.000 51.000 68.000 51.000 67.000 67.000 51.000 51.000 68.000 27.000 0.000 0.000 23.000 23.000 28.000 14.000 12.000 25.000 25.000 49.000 12.000 14.000 14.000 67.000 71.000 71.000 71.000 71.000 70.000 71.000 70.000 63.000 63.000 63.000 63.000 67.000 67.000 67.000 67.000 63.000 59.000 60.000 64.000 64.000 66.000 74.000 61.000 59.000 55.000 55.000 54.000 57.000 57.000 51.000 51.000 57.000 57.000
VBdist IGHV6-4*01 69.000 50.000 59.000 59.000 55.000 54.000 54.000 72.000 69.000 63.000 50.000 54.000 54.000 54.000 63.000 63.000 63.000 63.000 66.000 57.000 57.000 46.000 46.000 46.000 46.000 46.000 54.000 54.000 57.000 57.000 54.000 66.000 66.000 66.000 66.000 68.000 61.000 65.000 59.000 59.000 67.000 70.000 67.000 67.000 70.000 59.000 58.000 61.000 56.000 54.000 60.000 56.000 56.000 55.000 55.000 55.000 60.000 58.000 65.000 62.000 65.000 52.000 80.000 57.000 67.000 63.000 52.000 65.000 65.000 52.000 52.000 63.000 52.000 52.000 75.000 82.000 64.000 64.000 59.000 59.000 57.000 57.000 59.000 57.000 59.000 55.000 59.000 57.000 57.000 57.000 57.000 62.000 62.000 58.000 58.000 54.000 72.000 71.000 66.000 68.000 66.000 55.000 70.000 55.000 69.000 69.000 55.000 55.000 71.000 22.000 23.000 23.000 0.000 0.000 26.000 24.000 15.000 25.000 29.000 40.000 15.000 24.000 24.000 69.000 73.000 73.000 73.000 73.000 73.000 73.000 72.000 66.000 66.000 63.000 63.000 66.000 66.000 66.000 66.000 66.000 70.000 63.000 63.000 63.000 65.000 73.000 57.000 55.000 57.000 47.000 52.000 52.000 52.000 49.000 49.000 56.000 56.000
VBdist IGHV6-4*02 69.000 50.000 59.000 59.000 55.000 54.000 54.000 72.000 69.000 63.000 50.000 54.000 54.000 54.000 63.000 63.000 63.000 63.000 66.000 57.000 57.000 46.000 46.000 46.000 46.000 46.000 54.000 54.000 57.000 57.000 54.000 66.000 66.000 66.000 66.000 68.000 61.000 65.000 59.000 59.000 67.000 70.000 67.000 67.000 70.000 59.000 58.000 61.000 56.000 54.000 60.000 56.000 56.000 55.000 55.000 55.000 60.000 58.000 65.000 62.000 65.000 52.000 80.000 57.000 67.000 63.000 52.000 65.000 65.000 52.000 52.000 63.000 52.000 52.000 75.000 82.000 64.000 64.000 59.000 59.000 57.000 57.000 59.000 57.000 59.000 55.000 59.000 57.000 57.000 57.000 57.000 62.000 62.000 58.000 58.000 54.000 72.000 71.000 66.000 68.000 66.000 55.000 70.000 55.000 69.000 69.000 55.000 55.000 71.000 22.000 23.000 23.000 0.000 0.000 26.000 24.000 15.000 25.000 29.000 40.000 15.000 24.000 24.000 69.000 73.000 73.000 73.000 73.000 73.000 73.000 72.000 66.000 66.000 63.000 63.000 66.000 66.000 66.000 66.000 66.000 70.000 63.000 63.000 63.000 65.000 73.000 57.000 55.000 57.000 47.000 52.000 52.000 52.000 49.000 49.000 56.000 56.000
VBdist IGHV6D-27*02 73.000 55.000 65.000 65.000 58.000 57.000 57.000 70.000 67.000 68.000 53.000 59.000 59.000 59.000 68.000 68.000 64.000 64.000 71.000 65.000 65.000 54.000 54.000 54.000 54.000 55.000 61.000 61.000 64.000 64.000 61.000 77.000 77.000 77.000 77.000 79.000 69.000 73.000 60.000 60.000 68.000 71.000 68.000 68.000 71.000 65.000 64.000 63.000 62.000 60.000 62.000 62.000 62.000 63.000 63.000 63.000 66.000 64.000 62.000 61.000 57.000 53.000 81.000 62.000 64.000 68.000 53.000 57.000 57.000 53.000 53.000 68.000 53.000 53.000 70.000 82.000 66.000 66.000 61.000 61.000 59.000 59.000 61.000 61.000 61.000 59.000 61.000 61.000 61.000 61.000 61.000 67.000 67.000 63.000 65.000 61.000 79.000 79.000 74.000 76.000 71.000 58.000 78.000 58.000 76.000 77.000 58.000 58.000 79.000 39.000 28.000 28.000 26.000 26.000 0.000 29.000 28.000 20.000 20.000 60.000 28.000 29.000 29.000 77.000 77.000 77.000 77.000 77.000 77.000 77.000 80.000 66.000 66.000 61.000 61.000 67.000 67.000 67.000 67.000 66.000 70.000 64.000 65.000 65.000 64.000 68.000 59.000 61.000 63.000 57.000 58.000 62.000 62.000 55.000 55.000 66.000 66.000
VBdist IGHV6D-40*01 64.000 54.000 68.000 68.000 53.000 50.000 50.000 66.000 69.000 70.000 56.000 58.000 58.000 58.000 70.000 70.000 56.000 56.000 73.000 52.000 52.000 50.000 50.000 50.000 50.000 50.000 54.000 54.000 54.000 59.000 54.000 67.000 67.000 67.000 67.000 67.000 65.000 66.000 66.000 66.000 69.000 66.000 69.000 69.000 66.000 66.000 63.000 65.000 61.000 59.000 61.000 61.000 61.000 61.000 61.000 61.000 61.000 62.000 67.000 62.000 65.000 47.000 71.000 54.000 67.000 70.000 52.000 66.000 66.000 47.000 47.000 70.000 52.000 52.000 70.000 75.000 64.000 64.000 64.000 64.000 64.000 64.000 64.000 64.000 64.000 62.000 64.000 64.000 64.000 64.000 64.000 67.000 67.000 61.000 59.000 58.000 70.000 69.000 65.000 65.000 71.000 53.000 69.000 53.000 68.000 68.000 53.000 53.000 69.000 28.000 14.000 14.000 24.000 24.000 29.000 0.000 13.000 29.000 29.000 49.000 13.000 4.000 0.000 68.000 72.000 72.000 72.000 72.000 71.000 72.000 68.000 58.000 58.000 63.000 63.000 62.000 62.000 62.000 62.000 58.000 59.000 60.000 64.000 64.000 61.000 69.000 62.000 64.000 52.000 60.000 55.000 62.000 62.000 52.000 52.000 58.000 58.000
VBdist IGHV6D-47*01 67.000 47.000 59.000 59.000 52.000 51.000 51.000 67.000 64.000 63.000 47.000 51.000 51.000 51.000 63.000 63.000 61.000 61.000 66.000 50.000 50.000 39.000 39.000 39.000 39.000 39.000 49.000 49.000 49.000 52.000 49.000 61.000 61.000 61.000 61.000 63.000 56.000 60.000 59.000 59.000 67.000 67.000 67.000 67.000 67.000 59.000 56.000 58.000 54.000 52.000 54.000 54.000 54.000 52.000 52.000 52.000 58.000 59.000 61.000 55.000 59.000 50.000 72.000 55.000 64.000 63.000 53.000 60.000 60.000 50.000 50.000 63.000 53.000 53.000 72.000 78.000 65.000 65.000 59.000 59.000 57.000 57.000 59.000 54.000 56.000 52.000 59.000 54.000 54.000 54.000 54.000 58.000 58.000 52.000 53.000 49.000 64.000 63.000 59.000 61.000 63.000 50.000 63.000 50.000 62.000 62.000 50.000 50.000 63.000 20.000 12.000 12.000 15.000 15.000 28.000 13.000 0.000 24.000 28.000 45.000 0.000 13.000 13.000 59.000 63.000 63.000 63.000 63.000 62.000 63.000 62.000 57.000 57.000 57.000 57.000 61.000 61.000 61.000 61.000 57.000 61.000 54.000 58.000 58.000 60.000 68.000 56.000 54.000 55.000 50.000 49.000 52.000 52.000 46.000 46.000 57.000 57.000
VBdist IGHV6D-5*01 68.000 54.000 60.000 60.000 53.000 52.000 52.000 65.000 62.000 63.000 53.000 58.000 58.000 58.000 63.000 63.000 59.000 59.000 66.000 62.000 62.000 53.000 53.000 53.000 53.000 54.000 53.000 53.000 56.000 56.000 53.000 72.000 72.000 72.000 72.000 74.000 64.000 68.000 55.000 55.000 63.000 67.000 63.000 63.000 67.000 56.000 55.000 52.000 53.000 51.000 51.000 53.000 53.000 55.000 55.000 55.000 54.000 56.000 54.000 57.000 55.000 49.000 76.000 57.000 59.000 63.000 48.000 55.000 55.000 48.000 49.000 63.000 48.000 48.000 69.000 77.000 61.000 61.000 56.000 56.000 54.000 54.000 56.000 56.000 56.000 54.000 56.000 56.000 56.000 56.000 56.000 65.000 65.000 58.000 64.000 60.000 76.000 76.000 70.000 72.000 70.000 57.000 74.000 57.000 72.000 73.000 57.000 57.000 76.000 34.000 25.000 25.000 25.000 25.000 20.000 29.000 24.000 0.000 8.000 59.000 24.000 29.000 29.000 72.000 73.000 73.000 73.000 73.000 73.000 73.000 75.000 69.000 69.000 64.000 64.000 70.000 70.000 70.000 70.000 69.000 73.000 67.000 68.000 68.000 67.000 72.000 55.000 57.000 59.000 53.000 54.000 58.000 58.000 51.000 51.000 62.000 62.000
VBdist IGHV6D-5*02 68.000 58.000 62.000 62.000 55.000 54.000 54.000 65.000 62.000 63.000 57.000 62.000 62.000 62.000 63.000 63.000 59.000 59.000 66.000 58.000 58.000 49.000 49.000 49.000 49.000 50.000 55.000 55.000 58.000 58.000 55.000 76.000 76.000 76.000 76.000 78.000 66.000 70.000 55.000 55.000 63.000 67.000 63.000 63.000 67.000 58.000 57.000 56.000 53.000 53.000 55.000 53.000 53.000 55.000 55.000 55.000 56.000 56.000 54.000 57.000 59.000 49.000 76.000 57.000 59.000 63.000 48.000 59.000 59.000 48.000 49.000 63.000 48.000 48.000 65.000 77.000 61.000 61.000 56.000 56.000 54.000 54.000 56.000 56.000 56.000 54.000 56.000 56.000 56.000 56.000 56.000 61.000 61.000 54.000 64.000 60.000 76.000 76.000 74.000 72.000 70.000 57.000 74.000 57.000 72.000 73.000 57.000 57.000 76.000 34.000 25.000 25.000 29.000 29.000 20.000 29.000 28.000 8.000 0.000 55.000 28.000 29.000 29.000 74.000 75.000 75.000 75.000 75.000 75.000 75.000 77.000 73.000 73.000 68.000 68.000 74.000 74.000 74.000 74.000 73.000 77.000 71.000 72.000 72.000 69.000 74.000 55.000 57.000 59.000 53.000 54.000 58.000 58.000 51.000 51.000 62.000 62.000
VBdist IGHV6D-6*01 75.000 62.000 73.000 73.000 66.000 66.000 66.000 79.000 79.000 73.000 66.000 66.000 66.000 66.000 69.000 69.000 67.000 67.000 76.000 52.000 52.000 49.000 49.000 49.000 49.000 49.000 63.000 63.000 59.000 59.000 63.000 70.000 70.000 70.000 70.000 72.000 70.000 70.000 71.000 71.000 79.000 78.000 79.000 79.000 78.000 68.000 65.000 73.000 61.000 61.000 69.000 61.000 61.000 65.000 65.000 65.000 66.000 66.000 74.000 63.000 74.000 63.000 86.000 67.000 76.000 72.000 63.000 75.000 75.000 60.000 63.000 72.000 63.000 63.000 83.000 86.000 71.000 71.000 71.000 71.000 69.000 69.000 67.000 67.000 71.000 71.000 71.000 71.000 71.000 71.000 71.000 54.000 54.000 53.000 66.000 66.000 75.000 74.000 73.000 73.000 76.000 61.000 73.000 61.000 73.000 73.000 61.000 61.000 74.000 38.000 49.000 49.000 40.000 40.000 60.000 49.000 45.000 59.000 55.000 0.000 45.000 49.000 49.000 78.000 83.000 83.000 83.000 83.000 82.000 83.000 82.000 74.000 74.000 75.000 75.000 74.000 74.000 74.000 74.000 74.000 74.000 75.000 75.000 75.000 71.000 79.000 66.000 66.000 55.000 62.000 59.000 66.000 66.000 58.000 58.000 59.000 59.000
VBdist IGHV6D-64*02 67.000 47.000 59.000 59.000 52.000 51.000 51.000 67.000 64.000 63.000 47.000 51.000 51.000 51.000 63.000 63.000 61.000 61.000 66.000 50.000 50.000 39.000 39.000 39.000 39.000 39.000 49.000 49.000 49.000 52.000 49.000 61.000 61.000 61.000 61.000 63.000 56.000 60.000 59.000 59.000 67.000 67.000 67.000 67.000 67.000 59.000 56.000 58.000 54.000 52.000 54.000 54.000 54.000 52.000 52.000 52.000 58.000 59.000 61.000 55.000 59.000 50.000 72.000 55.000 64.000 63.000 53.000 60.000 60.000 50.000 50.000 63.000 53.000 53.000 72.000 78.000 65.000 65.000 59.000 59.000 57.000 57.000 59.000 54.000 56.000 52.000 59.000 54.000 54.000 54.000 54.000 58.000 58.000 52.000 53.000 49.000 64.000 63.000 59.000 61.000 63.000 50.000 63.000 50.000 62.000 62.000 50.000 50.000 63.000 20.000 12.000 12.000 15.000 15.000 28.000 13.000 0.000 24.000 28.000 45.000 0.000 13.000 13.000 59.000 63.000 63.000 63.000 63.000 62.000 63.000 62.000 57.000 57.000 57.000 57.000 61.000 61.000 61.000 61.000 57.000 61.000 54.000 58.000 58.000 60.000 68.000 56.000 54.000 55.000 50.000 49.000 52.000 52.000 46.000 46.000 57.000 57.000
VBdist IGHV6D-76*01 64.000 54.000 68.000 68.000 53.000 50.000 50.000 66.000 69.000 70.000 56.000 58.000 58.000 58.000 70.000 70.000 56.000 56.000 73.000 56.000 56.000 50.000 50.000 50.000 50.000 50.000 54.000 54.000 54.000 59.000 54.000 67.000 67.000 67.000 67.000 67.000 65.000 66.000 66.000 66.000 69.000 66.000 69.000 69.000 66.000 66.000 63.000 65.000 61.000 59.000 61.000 61.000 61.000 61.000 61.000 61.000 61.000 62.000 67.000 62.000 65.000 47.000 67.000 54.000 67.000 70.000 52.000 66.000 66.000 47.000 47.000 70.000 52.000 52.000 70.000 71.000 64.000 64.000 64.000 64.000 64.000 64.000 64.000 64.000 64.000 62.000 64.000 64.000 64.000 64.000 64.000 67.000 67.000 61.000 59.000 58.000 70.000 69.000 65.000 65.000 71.000 53.000 69.000 53.000 68.000 68.000 53.000 53.000 69.000 28.000 14.000 14.000 24.000 24.000 29.000 4.000 13.000 29.000 29.000 49.000 13.000 0.000 4.000 68.000 72.000 72.000 72.000 72.000 71.000 72.000 68.000 62.000 62.000 63.000 63.000 66.000 66.000 66.000 66.000 62.000 63.000 60.000 64.000 64.000 65.000 73.000 62.000 64.000 52.000 60.000 55.000 62.000 62.000 52.000 52.000 58.000 58.000
VBdist IGHV6D-76*02 64.000 54.000 68.000 68.000 53.000 50.000 50.000 66.000 69.000 70.000 56.000 58.000 58.000 58.000 70.000 70.000 56.000 56.000 73.000 52.000 52.000 50.000 50.000 50.000 50.000 50.000 54.000 54.000 54.000 59.000 54.000 67.000 67.000 67.000 67.000 67.000 65.000 66.000 66.000 66.000 69.000 66.000 69.000 69.000 66.000 66.000 63.000 65.000 61.000 59.000 61.000 61.000 61.000 61.000 61.000 61.000 61.000 62.000 67.000 62.000 65.000 47.000 71.000 54.000 67.000 70.000 52.000 66.000 66.000 47.000 47.000 70.000 52.000 52.000 70.000 75.000 64.000 64.000 64.000 64.000 64.000 64.000 64.000 64.000 64.000 62.000 64.000 64.000 64.000 64.000 64.000 67.000 67.000 61.000 59.000 58.000 70.000 69.000 65.000 65.000 71.000 53.000 69.000 53.000 68.000 68.000 53.000 53.000 69.000 28.000 14.000 14.000 24.000 24.000 29.000 0.000 13.000 29.000 29.000 49.000 13.000 4.000 0.000 68.000 72.000 72.000 72.000 72.000 71.000 72.000 68.000 58.000 58.000 63.000 63.000 62.000 62.000 62.000 62.000 58.000 59.000 60.000 64.000 64.000 61.000 69.000 62.000 64.000 52.000 60.000 55.000 62.000 62.000 52.000 52.000 58.000 58.000
VBdist IGHV7D-17-1*02 80.000 70.000 72.000 72.000 72.000 71.000 71.000 73.000 70.000 68.000 74.000 70.000 70.000 70.000 71.000 67.000 83.000 83.000 71.000 62.000 62.000 64.000 64.000 64.000 64.000 64.000 56.000 56.000 55.000 53.000 56.000 43.000 44.000 43.000 44.000 46.000 49.000 53.000 66.000 66.000 73.000 74.000 73.000 73.000 74.000 69.000 70.000 72.000 70.000 66.000 72.000 70.000 70.000 79.000 79.000 79.000 75.000 84.000 80.000 77.000 78.000 73.000 83.000 80.000 84.000 68.000 69.000 75.000 75.000 77.000 73.000 64.000 69.000 69.000 80.000 80.000 72.000 72.000 74.000 74.000 70.000 70.000 74.000 69.000 68.000 69.000 74.000 69.000 69.000 69.000 69.000 50.000 50.000 48.000 75.000 71.000 86.000 85.000 80.000 81.000 69.000 77.000 82.000 77.000 82.000 82.000 77.000 77.000 85.000 68.000 67.000 67.000 69.000 69.000 77.000 68.000 59.000 72.000 74.000 78.000 59.000 68.000 68.000 0.000 7.000 7.000 7.000 7.000 10.000 7.000 11.000 70.000 70.000 74.000 74.000 74.000 74.000 74.000 74.000 70.000 78.000 74.000 78.000 78.000 73.000 81.000 65.000 65.000 80.000 65.000 65.000 68.000 68.000 64.000 64.000 76.000 76.000
VBdist IGHV7D-23-1*02 80.000 74.000 76.000 76.000 76.000 75.000 75.000 70.000 67.000 72.000 74.000 74.000 74.000 74.000 76.000 72.000 84.000 84.000 75.000 67.000 67.000 68.000 68.000 68.000 68.000 68.000 60.000 60.000 59.000 58.000 60.000 44.000 48.000 44.000 48.000 47.000 53.000 57.000 69.000 69.000 76.000 71.000 76.000 76.000 71.000 67.000 68.000 70.000 68.000 64.000 70.000 68.000 68.000 77.000 77.000 77.000 73.000 85.000 83.000 78.000 78.000 73.000 83.000 80.000 87.000 72.000 69.000 75.000 75.000 77.000 73.000 68.000 69.000 69.000 80.000 80.000 73.000 73.000 75.000 75.000 71.000 71.000 75.000 70.000 69.000 70.000 75.000 70.000 70.000 70.000 70.000 55.000 55.000 55.000 76.000 72.000 86.000 86.000 81.000 82.000 70.000 78.000 83.000 78.000 83.000 83.000 78.000 78.000 86.000 72.000 71.000 71.000 73.000 73.000 77.000 72.000 63.000 73.000 75.000 83.000 63.000 72.000 72.000 7.000 0.000 0.000 0.000 0.000 3.000 0.000 12.000 71.000 71.000 75.000 75.000 75.000 75.000 75.000 75.000 71.000 79.000 75.000 79.000 79.000 74.000 78.000 65.000 65.000 80.000 65.000 65.000 68.000 68.000 64.000 64.000 76.000 76.000
VBdist IGHV7D-44*01 80.000 74.000 76.000 76.000 76.000 75.000 75.000 70.000 67.000 72.000 74.000 74.000 74.000 74.000 76.000 72.000 84.000 84.000 75.000 67.000 67.000 68.000 68.000 68.000 68.000 68.000 60.000 60.000 59.000 58.000 60.000 44.000 48.000 44.000 48.000 47.000 53.000 57.000 69.000 69.000 76.000 71.000 76.000 76.000 71.000 67.000 68.000 70.000 68.000 64.000 70.000 68.000 68.000 77.000 77.000 77.000 73.000 85.000 83.000 78.000 78.000 73.000 83.000 80.000 87.000 72.000 69.000 75.000 75.000 77.000 73.000 68.000 69.000 69.000 80.000 80.000 73.000 73.000 75.000 75.000 71.000 71.000 75.000 70.000 69.000 70.000 75.000 70.000 70.000 70.000 70.000 55.000 55.000 55.000 76.000 72.000 86.000 86.000 81.000 82.000 70.000 78.000 83.000 78.000 83.000 83.000 78.000 78.000 86.000 72.000 71.000 71.000 73.000 73.000 77.000 72.000 63.000 73.000 75.000 83.000 63.000 72.000 72.000 7.000 0.000 0.000 0.000 0.000 3.000 0.000 12.000 71.000 71.000 75.000 75.000 75.000 75.000 75.000 75.000 71.000 79.000 75.000 79.000 79.000 74.000 78.000 65.000 65.000 80.000 65.000 65.000 68.000 68.000 64.000 64.000 76.000 76.000
VBdist IGHV7D-45*01 80.000 74.000 76.000 76.000 76.000 75.000 75.000 70.000 67.000 72.000 74.000 74.000 74.000 74.000 76.000 72.000 84.000 84.000 75.000 67.000 67.000 68.000 68.000 68.000 68.000 68.000 60.000 60.000 59.000 58.000 60.000 44.000 48.000 44.000 48.000 47.000 53.000 57.000 69.000 69.000 76.000 71.000 76.000 76.000 71.000 67.000 68.000 70.000 68.000 64.000 70.000 68.000 68.000 77.000 77.000 77.000 73.000 85.000 83.000 78.000 78.000 73.000 83.000 80.000 87.000 72.000 69.000 75.000 75.000 77.000 73.000 68.000 69.000 69.000 80.000 80.000 73.000 73.000 75.000 75.000 71.000 71.000 75.000 70.000 69.000 70.000 75.000 70.000 70.000 70.000 70.000 55.000 55.000 55.000 76.000 72.000 86.000 86.000 81.000 82.000 70.000 78.000 83.000 78.000 83.000 83.000 78.000 78.000 86.000 72.000 71.000 71.000 73.000 73.000 77.000 72.000 63.000 73.000 75.000 83.000 63.000 72.000 72.000 7.000 0.000 0.000 0.000 0.000 3.000 0.000 12.000 71.000 71.000 75.000 75.000 75.000 75.000 75.000 75.000 71.000 79.000 75.000 79.000 79.000 74.000 78.000 65.000 65.000 80.000 65.000 65.000 68.000 68.000 64.000 64.000 76.000 76.000
VBdist IGHV7D-61*01 80.000 74.000 76.000 76.000 76.000 75.000 75.000 70.000 67.000 72.000 74.000 74.000 74.000 74.000 76.000 72.000 84.000 84.000 75.000 67.000 67.000 68.000 68.000 68.000 68.000 68.000 60.000 60.000 59.000 58.000 60.000 44.000 48.000 44.000 48.000 47.000 53.000 57.000 69.000 69.000 76.000 71.000 76.000 76.000 71.000 67.000 68.000 70.000 68.000 64.000 70.000 68.000 68.000 77.000 77.000 77.000 73.000 85.000 83.000 78.000 78.000 73.000 83.000 80.000 87.000 72.000 69.000 75.000 75.000 77.000 73.000 68.000 69.000 69.000 80.000 80.000 73.000 73.000 75.000 75.000 71.000 71.000 75.000 70.000 69.000 70.000 75.000 70.000 70.000 70.000 70.000 55.000 55.000 55.000 76.000 72.000 86.000 86.000 81.000 82.000 70.000 78.000 83.000 78.000 83.000 83.000 78.000 78.000 86.000 72.000 71.000 71.000 73.000 73.000 77.000 72.000 63.000 73.000 75.000 83.000 63.000 72.000 72.000 7.000 0.000 0.000 0.000 0.000 3.000 0.000 12.000 71.000 71.000 75.000 75.000 75.000 75.000 75.000 75.000 71.000 79.000 75.000 79.000 79.000 74.000 78.000 65.000 65.000 80.000 65.000 65.000 68.000 68.000 64.000 64.000 76.000 76.000
VBdist IGHV7D-61*02 79.000 73.000 76.000 76.000 76.000 75.000 75.000 70.000 67.000 72.000 73.000 73.000 73.000 73.000 76.000 72.000 83.000 83.000 75.000 66.000 66.000 67.000 67.000 67.000 67.000 67.000 60.000 60.000 58.000 58.000 60.000 44.000 48.000 44.000 48.000 47.000 53.000 57.000 69.000 69.000 76.000 71.000 76.000 76.000 71.000 64.000 67.000 70.000 67.000 63.000 69.000 67.000 67.000 76.000 76.000 76.000 72.000 84.000 82.000 77.000 75.000 72.000 83.000 79.000 86.000 72.000 72.000 78.000 78.000 76.000 72.000 68.000 72.000 72.000 80.000 80.000 76.000 76.000 75.000 75.000 71.000 71.000 75.000 70.000 69.000 70.000 75.000 70.000 70.000 70.000 70.000 55.000 55.000 55.000 75.000 71.000 85.000 85.000 80.000 81.000 70.000 77.000 82.000 77.000 82.000 82.000 77.000 77.000 85.000 71.000 70.000 70.000 73.000 73.000 77.000 71.000 62.000 73.000 75.000 82.000 62.000 71.000 71.000 10.000 3.000 3.000 3.000 3.000 0.000 3.000 15.000 70.000 70.000 74.000 74.000 74.000 74.000 74.000 74.000 70.000 78.000 74.000 78.000 78.000 73.000 77.000 65.000 65.000 79.000 65.000 64.000 68.000 68.000 63.000 63.000 76.000 76.000
VBdist IGHV7D-62*01 80.000 74.000 76.000 76.000 76.000 75.000 75.000 70.000 67.000 72.000 74.000 74.000 74.000 74.000 76.000 72.000 84.000 84.000 75.000 67.000 67.000 68.000 68.000 68.000 68.000 68.000 60.000 60.000 59.000 58.000 60.000 44.000 48.000 44.000 48.000 47.000 53.000 57.000 69.000 69.000 76.000 71.000 76.000 76.000 71.000 67.000 68.000 70.000 68.000 64.000 70.000 68.000 68.000 77.000 77.000 77.000 73.000 85.000 83.000 78.000 78.000 73.000 83.000 80.000 87.000 72.000 69.000 75.000 75.000 77.000 73.000 68.000 69.000 69.000 80.000 80.000 73.000 73.000 75.000 75.000 71.000 71.000 75.000 70.000 69.000 70.000 75.000 70.000 70.000 70.000 70.000 55.000 55.000 55.000 76.000 72.000 86.000 86.000 81.000 82.000 70.000 78.000 83.000 78.000 83.000 83.000 78.000 78.000 86.000 72.000 71.000 71.000 73.000 73.000 77.000 72.000 63.000 73.000 75.000 83.000 63.000 72.000 72.000 7.000 0.000 0.000 0.000 0.000 3.000 0.000 12.000 71.000 71.000 75.000 75.000 75.000 75.000 75.000 75.000 71.000 79.000 75.000 79.000 79.000 74.000 78.000 65.000 65.000 80.000 65.000 65.000 68.000 68.000 64.000 64.000 76.000 76.000
VBdist IGHV7D-8-8*01 78.000 73.000 75.000 75.000 75.000 74.000 74.000 73.000 70.000 71.000 77.000 73.000 73.000 73.000 75.000 71.000 84.000 84.000 74.000 63.000 63.000 67.000 67.000 67.000 67.000 67.000 59.000 59.000 58.000 57.000 59.000 43.000 47.000 43.000 47.000 43.000 56.000 60.000 72.000 72.000 76.000 75.000 76.000 76.000 75.000 69.000 70.000 72.000 70.000 66.000 72.000 70.000 70.000 79.000 79.000 79.000 72.000 84.000 86.000 81.000 81.000 73.000 83.000 78.000 87.000 71.000 72.000 78.000 78.000 77.000 73.000 71.000 72.000 72.000 80.000 84.000 76.000 76.000 74.000 74.000 73.000 73.000 74.000 69.000 68.000 69.000 74.000 69.000 69.000 69.000 69.000 54.000 54.000 54.000 79.000 75.000 90.000 89.000 83.000 84.000 72.000 80.000 85.000 80.000 85.000 85.000 80.000 80.000 89.000 71.000 70.000 70.000 72.000 72.000 80.000 68.000 62.000 75.000 77.000 82.000 62.000 68.000 68.000 11.000 12.000 12.000 12.000 12.000 15.000 12.000 0.000 67.000 67.000 71.000 71.000 71.000 71.000 71.000 71.000 67.000 75.000 71.000 75.000 75.000 70.000 78.000 68.000 68.000 80.000 68.000 68.000 71.000 71.000 67.000 67.000 76.000 76.000
VBdist IGHV8-11*01 66.000 43.000 48.000 48.000 57.000 56.000 56.000 60.000 57.000 54.000 47.000 43.000 43.000 43.000 55.000 51.000 75.000 75.000 54.000 46.000 46.000 45.000 45.000 45.000 45.000 45.000 57.000 57.000 53.000 56.000 57.000 70.000 74.000 70.000 74.000 70.000 61.000 65.000 62.000 62.000 61.000 61.000 61.000 61.000 61.000 44.000 41.000 47.000 47.000 49.000 43.000 47.000 47.000 55.000 55.000 55.000 55.000 57.000 76.000 64.000 69.000 67.000 70.000 71.000 78.000 54.000 71.000 70.000 70.000 71.000 67.000 54.000 71.000 71.000 73.000 77.000 71.000 71.000 55.000 55.000 52.000 52.000 55.000 54.000 58.000 59.000 58.000 57.000 57.000 57.000 54.000 62.000 62.000 58.000 55.000 51.000 69.000 68.000 64.000 67.000 61.000 59.000 67.000 59.000 67.000 68.000 59.000 59.000 68.000 67.000 63.000 63.000 66.000 66.000 66.000 58.000 57.000 69.000 73.000 74.000 57.000 62.000 58.000 70.000 71.000 71.000 71.000 71.000 70.000 71.000 67.000 0.000 0.000 13.000 13.000 4.000 4.000 4.000 4.000 0.000 8.000 14.000 18.000 18.000 17.000 21.000 62.000 62.000 69.000 62.000 58.000 63.000 63.000 58.000 58.000 72.000 72.000
VBdist IGHV8-11*02 66.000 43.000 48.000 48.000 57.000 56.000 56.000 60.000 57.000 54.000 47.000 43.000 43.000 43.000 55.000 51.000 75.000 75.000 54.000 46.000 46.000 45.000 45.000 45.000 45.000 45.000 57.000 57.000 53.000 56.000 57.000 70.000 74.000 70.000 74.000 70.000 61.000 65.000 62.000 62.000 61.000 61.000 61.000 61.000 61.000 44.000 41.000 47.000 47.000 49.000 43.000 47.000 47.000 55.000 55.000 55.000 55.000 57.000 76.000 64.000 69.000 67.000 70.000 71.000 78.000 54.000 71.000 70.000 70.000 71.000 67.000 54.000 71.000 71.000 73.000 77.000 71.000 71.000 55.000 55.000 52.000 52.000 55.000 54.000 58.000 59.000 58.000 57.000 57.000 57.000 54.000 62.000 62.000 58.000 55.000 51.000 69.000 68.000 64.000 67.000 61.000 59.000 67.000 59.000 67.000 68.000 59.000 59.000 68.000 67.000 63.000 63.000 66.000 66.000 66.000 58.000 57.000 69.000 73.000 74.000 57.000 62.000 58.000 70.000 71.000 71.000 71.000 71.000 70.000 71.000 67.000 0.000 0.000 13.000 13.000 4.000 4.000 4.000 4.000 0.000 8.000 14.000 18.000 18.000 17.000 21.000 62.000 62.000 69.000 62.000 58.000 63.000 63.000 58.000 58.000 72.000 72.000
VBdist IGHV8-19*01 67.000 46.000 49.000 49.000 58.000 57.000 57.000 60.000 57.000 57.000 46.000 46.000 46.000 46.000 58.000 54.000 71.000 71.000 57.000 51.000 51.000 47.000 47.000 47.000 47.000 48.000 57.000 57.000 53.000 56.000 57.000 70.000 74.000 70.000 74.000 70.000 63.000 67.000 65.000 65.000 61.000 66.000 61.000 61.000 66.000 51.000 48.000 50.000 54.000 56.000 46.000 54.000 54.000 57.000 57.000 57.000 62.000 64.000 73.000 63.000 64.000 64.000 71.000 66.000 75.000 57.000 68.000 65.000 65.000 68.000 64.000 57.000 68.000 68.000 70.000 76.000 69.000 69.000 62.000 62.000 59.000 59.000 62.000 56.000 62.000 58.000 65.000 59.000 59.000 59.000 56.000 62.000 62.000 58.000 53.000 49.000 69.000 68.000 64.000 66.000 68.000 59.000 67.000 59.000 65.000 67.000 59.000 59.000 68.000 64.000 63.000 63.000 63.000 63.000 61.000 63.000 57.000 64.000 68.000 75.000 57.000 63.000 63.000 74.000 75.000 75.000 75.000 75.000 74.000 75.000 71.000 13.000 13.000 0.000 0.000 14.000 14.000 14.000 14.000 13.000 21.000 7.000 8.000 8.000 16.000 20.000 61.000 59.000 65.000 59.000 57.000 60.000 60.000 57.000 57.000 66.000 66.000
VBdist IGHV8-19*02 67.000 46.000 49.000 49.000 58.000 57.000 57.000 60.000 57.000 57.000 46.000 46.000 46.000 46.000 58.000 54.000 71.000 71.000 57.000 51.000 51.000 47.000 47.000 47.000 47.000 48.000 57.000 57.000 53.000 56.000 57.000 70.000 74.000 70.000 74.000 70.000 63.000 67.000 65.000 65.000 61.000 66.000 61.000 61.000 66.000 51.000 48.000 50.000 54.000 56.000 46.000 54.000 54.000 57.000 57.000 57.000 62.000 64.000 73.000 63.000 64.000 64.000 71.000 66.000 75.000 57.000 68.000 65.000 65.000 68.000 64.000 57.000 68.000 68.000 70.000 76.000 69.000 69.000 62.000 62.000 59.000 59.000 62.000 56.000 62.000 58.000 65.000 59.000 59.000 59.000 56.000 62.000 62.000 58.000 53.000 49.000 69.000 68.000 64.000 66.000 68.000 59.000 67.000 59.000 65.000 67.000 59.000 59.000 68.000 64.000 63.000 63.000 63.000 63.000 61.000 63.000 57.000 64.000 68.000 75.000 57.000 63.000 63.000 74.000 75.000 75.000 75.000 75.000 74.000 75.000 71.000 13.000 13.000 0.000 0.000 14.000 14.000 14.000 14.000 13.000 21.000 7.000 8.000 8.000 16.000 20.000 61.000 59.000 65.000 59.000 57.000 60.000 60.000 57.000 57.000 66.000 66.000
VBdist IGHV8-30*01 62.000 43.000 48.000 48.000 57.000 56.000 56.000 62.000 59.000 54.000 47.000 43.000 43.000 43.000 55.000 51.000 75.000 75.000 54.000 46.000 46.000 45.000 45.000 45.000 45.000 45.000 57.000 57.000 53.000 56.000 57.000 70.000 74.000 70.000 74.000 70.000 61.000 65.000 62.000 62.000 61.000 63.000 61.000 61.000 63.000 44.000 41.000 47.000 47.000 49.000 43.000 47.000 47.000 55.000 55.000 55.000 55.000 57.000 76.000 64.000 70.000 67.000 74.000 71.000 78.000 54.000 71.000 71.000 71.000 71.000 67.000 54.000 71.000 71.000 73.000 77.000 67.000 67.000 55.000 55.000 52.000 52.000 55.000 54.000 58.000 59.000 58.000 57.000 57.000 57.000 54.000 63.000 63.000 59.000 55.000 51.000 69.000 68.000 64.000 67.000 65.000 59.000 67.000 59.000 67.000 68.000 59.000 59.000 68.000 67.000 67.000 67.000 66.000 66.000 67.000 62.000 61.000 70.000 74.000 74.000 61.000 66.000 62.000 74.000 75.000 75.000 75.000 75.000 74.000 75.000 71.000 4.000 4.000 14.000 14.000 0.000 0.000 0.000 0.000 4.000 12.000 18.000 14.000 14.000 17.000 21.000 62.000 62.000 69.000 62.000 58.000 63.000 63.000 58.000 58.000 72.000 72.000
VBdist IGHV8-39-2*01 62.000 43.000 48.000 48.000 57.000 56.000 56.000 62.000 59.000 54.000 47.000 43.000 43.000 43.000 55.000 51.000 75.000 75.000 54.000 46.000 46.000 45.000 45.000 45.000 45.000 45.000 57.000 57.000 53.000 56.000 57.000 70.000 74.000 70.000 74.000 70.000 61.000 65.000 62.000 62.000 61.000 63.000 61.000 61.000 63.000 44.000 41.000 47.000 47.000 49.000 43.000 47.000 47.000 55.000 55.000 55.000 55.000 57.000 76.000 64.000 70.000 67.000 74.000 71.000 78.000 54.000 71.000 71.000 71.000 71.000 67.000 54.000 71.000 71.000 73.000 77.000 67.000 67.000 55.000 55.000 52.000 52.000 55.000 54.000 58.000 59.000 58.000 57.000 57.000 57.000 54.000 63.000 63.000 59.000 55.000 51.000 69.000 68.000 64.000 67.000 65.000 59.000 67.000 59.000 67.000 68.000 59.000 59.000 68.000 67.000 67.000 67.000 66.000 66.000 67.000 62.000 61.000 70.000 74.000 74.000 61.000 66.000 62.000 74.000 75.000 75.000 75.000 75.000 74.000 75.000 71.000 4.000 4.000 14.000 14.000 0.000 0.000 0.000 0.000 4.000 12.000 18.000 14.000 14.000 17.000 21.000 62.000 62.000 69.000 62.000 58.000 63.000 63.000 58.000 58.000 72.000 72.000
VBdist IGHV8-40*01 62.000 43.000 48.000 48.000 57.000 56.000 56.000 62.000 59.000 54.000 47.000 43.000 43.000 43.000 55.000 51.000 75.000 75.000 54.000 46.000 46.000 45.000 45.000 45.000 45.000 45.000 57.000 57.000 53.000 56.000 57.000 70.000 74.000 70.000 74.000 70.000 61.000 65.000 62.000 62.000 61.000 63.000 61.000 61.000 63.000 44.000 41.000 47.000 47.000 49.000 43.000 47.000 47.000 55.000 55.000 55.000 55.000 57.000 76.000 64.000 70.000 67.000 74.000 71.000 78.000 54.000 71.000 71.000 71.000 71.000 67.000 54.000 71.000 71.000 73.000 77.000 67.000 67.000 55.000 55.000 52.000 52.000 55.000 54.000 58.000 59.000 58.000 57.000 57.000 57.000 54.000 63.000 63.000 59.000 55.000 51.000 69.000 68.000 64.000 67.000 65.000 59.000 67.000 59.000 67.000 68.000 59.000 59.000 68.000 67.000 67.000 67.000 66.000 66.000 67.000 62.000 61.000 70.000 74.000 74.000 61.000 66.000 62.000 74.000 75.000 75.000 75.000 75.000 74.000 75.000 71.000 4.000 4.000 14.000 14.000 0.000 0.000 0.000 0.000 4.000 12.000 18.000 14.000 14.000 17.000 21.000 62.000 62.000 69.000 62.000 58.000 63.000 63.000 58.000 58.000 72.000 72.000
VBdist IGHV8-40*02 62.000 43.000 48.000 48.000 57.000 56.000 56.000 62.000 59.000 54.000 47.000 43.000 43.000 43.000 55.000 51.000 75.000 75.000 54.000 46.000 46.000 45.000 45.000 45.000 45.000 45.000 57.000 57.000 53.000 56.000 57.000 70.000 74.000 70.000 74.000 70.000 61.000 65.000 62.000 62.000 61.000 63.000 61.000 61.000 63.000 44.000 41.000 47.000 47.000 49.000 43.000 47.000 47.000 55.000 55.000 55.000 55.000 57.000 76.000 64.000 70.000 67.000 74.000 71.000 78.000 54.000 71.000 71.000 71.000 71.000 67.000 54.000 71.000 71.000 73.000 77.000 67.000 67.000 55.000 55.000 52.000 52.000 55.000 54.000 58.000 59.000 58.000 57.000 57.000 57.000 54.000 63.000 63.000 59.000 55.000 51.000 69.000 68.000 64.000 67.000 65.000 59.000 67.000 59.000 67.000 68.000 59.000 59.000 68.000 67.000 67.000 67.000 66.000 66.000 67.000 62.000 61.000 70.000 74.000 74.000 61.000 66.000 62.000 74.000 75.000 75.000 75.000 75.000 74.000 75.000 71.000 4.000 4.000 14.000 14.000 0.000 0.000 0.000 0.000 4.000 12.000 18.000 14.000 14.000 17.000 21.000 62.000 62.000 69.000 62.000 58.000 63.000 63.000 58.000 58.000 72.000 72.000
VBdist IGHV8-46*01 66.000 43.000 48.000 48.000 57.000 56.000 56.000 60.000 57.000 54.000 47.000 43.000 43.000 43.000 55.000 51.000 75.000 75.000 54.000 46.000 46.000 45.000 45.000 45.000 45.000 45.000 57.000 57.000 53.000 56.000 57.000 70.000 74.000 70.000 74.000 70.000 61.000 65.000 62.000 62.000 61.000 61.000 61.000 61.000 61.000 44.000 41.000 47.000 47.000 49.000 43.000 47.000 47.000 55.000 55.000 55.000 55.000 57.000 76.000 64.000 69.000 67.000 70.000 71.000 78.000 54.000 71.000 70.000 70.000 71.000 67.000 54.000 71.000 71.000 73.000 77.000 71.000 71.000 55.000 55.000 52.000 52.000 55.000 54.000 58.000 59.000 58.000 57.000 57.000 57.000 54.000 62.000 62.000 58.000 55.000 51.000 69.000 68.000 64.000 67.000 61.000 59.000 67.000 59.000 67.000 68.000 59.000 59.000 68.000 67.000 63.000 63.000 66.000 66.000 66.000 58.000 57.000 69.000 73.000 74.000 57.000 62.000 58.000 70.000 71.000 71.000 71.000 71.000 70.000 71.000 67.000 0.000 0.000 13.000 13.000 4.000 4.000 4.000 4.000 0.000 8.000 14.000 18.000 18.000 17.000 21.000 62.000 62.000 69.000 62.000 58.000 63.000 63.000 58.000 58.000 72.000 72.000
VBdist IGHV8-47-3*01 71.000 51.000 56.000 56.000 61.000 61.000 61.000 65.000 65.000 62.000 55.000 51.000 51.000 51.000 55.000 59.000 80.000 80.000 62.000 54.000 54.000 53.000 53.000 53.000 53.000 53.000 61.000 61.000 57.000 61.000 61.000 74.000 78.000 74.000 78.000 74.000 69.000 69.000 70.000 70.000 69.000 66.000 69.000 69.000 66.000 52.000 49.000 55.000 55.000 57.000 51.000 55.000 55.000 59.000 59.000 59.000 59.000 61.000 78.000 64.000 65.000 71.000 75.000 76.000 80.000 62.000 76.000 66.000 66.000 71.000 71.000 62.000 76.000 76.000 81.000 82.000 76.000 76.000 63.000 63.000 60.000 60.000 63.000 62.000 66.000 67.000 66.000 65.000 65.000 65.000 62.000 70.000 70.000 66.000 55.000 59.000 65.000 64.000 68.000 72.000 69.000 55.000 71.000 55.000 71.000 72.000 55.000 55.000 64.000 71.000 59.000 59.000 70.000 70.000 70.000 59.000 61.000 73.000 77.000 74.000 61.000 63.000 59.000 78.000 79.000 79.000 79.000 79.000 78.000 79.000 75.000 8.000 8.000 21.000 21.000 12.000 12.000 12.000 12.000 8.000 0.000 22.000 26.000 26.000 25.000 29.000 70.000 70.000 73.000 70.000 66.000 71.000 71.000 66.000 66.000 76.000 76.000
VBdist IGHV8-5*01 71.000 50.000 54.000 54.000 62.000 61.000 61.000 62.000 59.000 61.000 50.000 50.000 50.000 50.000 62.000 58.000 76.000 76.000 61.000 55.000 55.000 52.000 52.000 52.000 52.000 52.000 61.000 61.000 57.000 60.000 61.000 74.000 78.000 74.000 78.000 74.000 67.000 71.000 68.000 68.000 64.000 67.000 64.000 64.000 67.000 55.000 52.000 54.000 58.000 60.000 50.000 58.000 58.000 60.000 60.000 60.000 66.000 68.000 72.000 68.000 65.000 69.000 67.000 71.000 74.000 61.000 73.000 66.000 66.000 73.000 69.000 61.000 73.000 73.000 67.000 72.000 73.000 73.000 66.000 66.000 62.000 62.000 66.000 59.000 65.000 61.000 69.000 62.000 62.000 62.000 59.000 68.000 68.000 64.000 58.000 54.000 73.000 72.000 68.000 70.000 68.000 64.000 71.000 64.000 70.000 71.000 64.000 64.000 72.000 64.000 60.000 60.000 63.000 63.000 64.000 60.000 54.000 67.000 71.000 75.000 54.000 60.000 60.000 74.000 75.000 75.000 75.000 75.000 74.000 75.000 71.000 14.000 14.000 7.000 7.000 18.000 18.000 18.000 18.000 14.000 22.000 0.000 4.000 4.000 21.000 25.000 65.000 63.000 63.000 63.000 61.000 64.000 64.000 61.000 61.000 64.000 64.000
VBdist IGHV8-5*02 67.000 50.000 54.000 54.000 62.000 61.000 61.000 64.000 61.000 61.000 50.000 50.000 50.000 50.000 62.000 58.000 76.000 76.000 61.000 55.000 55.000 52.000 52.000 52.000 52.000 52.000 61.000 61.000 57.000 60.000 61.000 74.000 78.000 74.000 78.000 74.000 67.000 71.000 68.000 68.000 64.000 69.000 64.000 64.000 69.000 55.000 52.000 54.000 58.000 60.000 50.000 58.000 58.000 60.000 60.000 60.000 66.000 68.000 72.000 68.000 66.000 69.000 71.000 71.000 74.000 61.000 73.000 67.000 67.000 73.000 69.000 61.000 73.000 73.000 67.000 72.000 69.000 69.000 66.000 66.000 62.000 62.000 66.000 59.000 65.000 61.000 69.000 62.000 62.000 62.000 59.000 69.000 69.000 65.000 58.000 54.000 73.000 72.000 68.000 70.000 72.000 64.000 71.000 64.000 70.000 71.000 64.000 64.000 72.000 64.000 64.000 64.000 63.000 63.000 65.000 64.000 58.000 68.000 72.000 75.000 58.000 64.000 64.000 78.000 79.000 79.000 79.000 79.000 78.000 79.000 75.000 18.000 18.000 8.000 8.000 14.000 14.000 14.000 14.000 18.000 26.000 4.000 0.000 0.000 21.000 25.000 65.000 63.000 63.000 63.000 61.000 64.000 64.000 61.000 61.000 64.000 64.000
VBdist IGHV8-5*03 67.000 50.000 54.000 54.000 62.000 61.000 61.000 64.000 61.000 61.000 50.000 50.000 50.000 50.000 62.000 58.000 76.000 76.000 61.000 55.000 55.000 52.000 52.000 52.000 52.000 52.000 61.000 61.000 57.000 60.000 61.000 74.000 78.000 74.000 78.000 74.000 67.000 71.000 68.000 68.000 64.000 69.000 64.000 64.000 69.000 55.000 52.000 54.000 58.000 60.000 50.000 58.000 58.000 60.000 60.000 60.000 66.000 68.000 72.000 68.000 66.000 69.000 71.000 71.000 74.000 61.000 73.000 67.000 67.000 73.000 69.000 61.000 73.000 73.000 67.000 72.000 69.000 69.000 66.000 66.000 62.000 62.000 66.000 59.000 65.000 61.000 69.000 62.000 62.000 62.000 59.000 69.000 69.000 65.000 58.000 54.000 73.000 72.000 68.000 70.000 72.000 64.000 71.000 64.000 70.000 71.000 64.000 64.000 72.000 64.000 64.000 64.000 63.000 63.000 65.000 64.000 58.000 68.000 72.000 75.000 58.000 64.000 64.000 78.000 79.000 79.000 79.000 79.000 78.000 79.000 75.000 18.000 18.000 8.000 8.000 14.000 14.000 14.000 14.000 18.000 26.000 4.000 0.000 0.000 21.000 25.000 65.000 63.000 63.000 63.000 61.000 64.000 64.000 61.000 61.000 64.000 64.000
VBdist IGHV8D-40-3*01 71.000 48.000 50.000 50.000 58.000 57.000 57.000 63.000 60.000 58.000 52.000 48.000 48.000 48.000 62.000 58.000 67.000 67.000 58.000 49.000 49.000 48.000 48.000 48.000 48.000 52.000 52.000 52.000 48.000 51.000 52.000 65.000 69.000 65.000 69.000 65.000 58.000 62.000 59.000 59.000 58.000 62.000 58.000 58.000 62.000 57.000 54.000 56.000 50.000 54.000 52.000 50.000 50.000 63.000 63.000 63.000 60.000 64.000 72.000 56.000 71.000 59.000 76.000 63.000 74.000 58.000 63.000 72.000 72.000 63.000 59.000 58.000 63.000 63.000 74.000 80.000 75.000 75.000 58.000 58.000 55.000 55.000 58.000 54.000 58.000 58.000 61.000 57.000 57.000 57.000 54.000 61.000 61.000 57.000 54.000 50.000 72.000 71.000 68.000 68.000 69.000 58.000 69.000 58.000 67.000 69.000 58.000 58.000 71.000 64.000 66.000 66.000 65.000 65.000 64.000 61.000 60.000 67.000 69.000 71.000 60.000 65.000 61.000 73.000 74.000 74.000 74.000 74.000 73.000 74.000 70.000 17.000 17.000 16.000 16.000 17.000 17.000 17.000 17.000 17.000 25.000 21.000 21.000 21.000 0.000 8.000 63.000 63.000 71.000 64.000 60.000 65.000 65.000 60.000 60.000 74.000 74.000
VBdist IGHV8D-76-1*01 69.000 52.000 54.000 54.000 62.000 61.000 61.000 61.000 58.000 62.000 48.000 52.000 52.000 52.000 66.000 62.000 69.000 69.000 62.000 53.000 53.000 52.000 52.000 52.000 52.000 56.000 60.000 60.000 56.000 59.000 60.000 73.000 77.000 73.000 77.000 73.000 66.000 70.000 63.000 63.000 62.000 65.000 62.000 62.000 65.000 58.000 55.000 57.000 55.000 59.000 53.000 55.000 55.000 64.000 64.000 64.000 65.000 65.000 68.000 58.000 67.000 61.000 74.000 65.000 68.000 62.000 65.000 68.000 68.000 65.000 61.000 62.000 65.000 65.000 72.000 78.000 73.000 73.000 63.000 63.000 60.000 60.000 63.000 59.000 63.000 63.000 66.000 62.000 62.000 62.000 59.000 69.000 69.000 65.000 55.000 51.000 70.000 72.000 69.000 69.000 70.000 59.000 70.000 59.000 68.000 70.000 59.000 59.000 72.000 72.000 74.000 74.000 73.000 73.000 68.000 69.000 68.000 72.000 74.000 79.000 68.000 73.000 69.000 81.000 78.000 78.000 78.000 78.000 77.000 78.000 78.000 21.000 21.000 20.000 20.000 21.000 21.000 21.000 21.000 21.000 29.000 25.000 25.000 25.000 8.000 0.000 61.000 61.000 69.000 62.000 58.000 63.000 63.000 58.000 58.000 72.000 72.000
VBdist IGHV9-15*01 53.000 48.000 47.000 47.000 45.000 44.000 44.000 50.000 47.000 53.000 48.000 44.000 44.000 44.000 56.000 52.000 57.000 57.000 56.000 52.000 52.000 50.000 50.000 50.000 50.000 51.000 50.000 50.000 48.000 52.000 50.000 61.000 61.000 61.000 61.000 63.000 53.000 57.000 49.000 49.000 57.000 55.000 57.000 57.000 55.000 57.000 56.000 57.000 57.000 57.000 56.000 57.000 57.000 63.000 63.000 63.000 67.000 67.000 55.000 54.000 63.000 50.000 63.000 55.000 57.000 49.000 42.000 63.000 63.000 54.000 50.000 49.000 42.000 42.000 58.000 58.000 50.000 50.000 60.000 60.000 59.000 59.000 56.000 56.000 60.000 58.000 60.000 60.000 60.000 60.000 60.000 57.000 57.000 54.000 53.000 49.000 54.000 58.000 57.000 54.000 46.000 51.000 56.000 51.000 51.000 55.000 51.000 51.000 58.000 49.000 61.000 61.000 57.000 57.000 59.000 62.000 56.000 55.000 55.000 66.000 56.000 62.000 62.000 65.000 65.000 65.000 65.000 65.000 65.000 65.000 68.000 62.000 62.000 61.000 61.000 62.000 62.000 62.000 62.000 62.000 70.000 65.000 65.000 65.000 63.000 61.000 0.000 2.000 39.000 18.000 19.000 21.000 21.000 18.000 18.000 38.000 38.000
VBdist IGHV9-15*02 53.000 48.000 45.000 45.000 47.000 46.000 46.000 52.000 49.000 53.000 46.000 44.000 44.000 44.000 56.000 52.000 59.000 59.000 56.000 52.000 52.000 50.000 50.000 50.000 50.000 51.000 50.000 50.000 48.000 52.000 50.000 61.000 61.000 61.000 61.000 63.000 53.000 57.000 49.000 49.000 57.000 55.000 57.000 57.000 55.000 57.000 56.000 57.000 57.000 57.000 56.000 57.000 57.000 61.000 61.000 61.000 67.000 67.000 57.000 54.000 65.000 52.000 61.000 53.000 59.000 49.000 44.000 65.000 65.000 56.000 52.000 49.000 44.000 44.000 58.000 58.000 52.000 52.000 60.000 60.000 59.000 59.000 56.000 54.000 60.000 56.000 60.000 58.000 58.000 58.000 58.000 57.000 57.000 54.000 51.000 47.000 52.000 56.000 55.000 52.000 46.000 53.000 54.000 53.000 49.000 53.000 53.000 53.000 56.000 47.000 59.000 59.000 55.000 55.000 61.000 64.000 54.000 57.000 57.000 66.000 54.000 64.000 64.000 65.000 65.000 65.000 65.000 65.000 65.000 65.000 68.000 62.000 62.000 59.000 59.000 62.000 62.000 62.000 62.000 62.000 70.000 63.000 63.000 63.000 63.000 61.000 2.000 0.000 41.000 16.000 21.000 19.000 19.000 20.000 20.000 36.000 36.000
VBdist IGHV9-22-2*01 51.000 58.000 64.000 64.000 54.000 54.000 54.000 60.000 60.000 69.000 54.000 62.000 62.000 62.000 72.000 68.000 51.000 51.000 72.000 62.000 62.000 62.000 62.000 62.000 62.000 62.000 60.000 60.000 56.000 64.000 60.000 78.000 78.000 78.000 78.000 78.000 71.000 69.000 69.000 69.000 69.000 73.000 69.000 69.000 73.000 61.000 58.000 66.000 59.000 59.000 62.000 59.000 59.000 63.000 63.000 63.000 65.000 65.000 60.000 61.000 63.000 48.000 64.000 50.000 56.000 65.000 44.000 64.000 64.000 52.000 48.000 65.000 44.000 44.000 57.000 63.000 55.000 55.000 71.000 71.000 71.000 71.000 71.000 71.000 71.000 69.000 71.000 71.000 71.000 71.000 71.000 78.000 78.000 71.000 63.000 63.000 63.000 67.000 66.000 64.000 68.000 61.000 65.000 61.000 61.000 64.000 61.000 61.000 67.000 46.000 55.000 55.000 57.000 57.000 63.000 52.000 55.000 59.000 59.000 55.000 55.000 52.000 52.000 80.000 80.000 80.000 80.000 80.000 79.000 80.000 80.000 69.000 69.000 65.000 65.000 69.000 69.000 69.000 69.000 69.000 73.000 63.000 63.000 63.000 71.000 69.000 39.000 41.000 0.000 33.000 28.000 38.000 38.000 28.000 28.000 14.000 14.000
VBdist IGHV9-23*01 49.000 47.000 45.000 45.000 46.000 45.000 45.000 48.000 45.000 52.000 41.000 52.000 52.000 52.000 55.000 51.000 52.000 52.000 55.000 53.000 53.000 47.000 47.000 47.000 47.000 47.000 51.000 51.000 49.000 53.000 51.000 65.000 65.000 65.000 65.000 67.000 53.000 57.000 53.000 53.000 61.000 59.000 61.000 61.000 59.000 45.000 44.000 49.000 45.000 45.000 48.000 45.000 45.000 49.000 49.000 49.000 55.000 55.000 49.000 47.000 60.000 45.000 56.000 46.000 51.000 48.000 37.000 60.000 60.000 49.000 45.000 48.000 37.000 37.000 55.000 54.000 48.000 48.000 52.000 52.000 55.000 55.000 56.000 58.000 52.000 48.000 55.000 53.000 53.000 53.000 54.000 61.000 61.000 54.000 52.000 48.000 52.000 56.000 55.000 52.000 46.000 50.000 54.000 50.000 50.000 53.000 50.000 50.000 56.000 43.000 55.000 55.000 47.000 47.000 57.000 60.000 50.000 53.000 53.000 62.000 50.000 60.000 60.000 65.000 65.000 65.000 65.000 65.000 65.000 65.000 68.000 62.000 62.000 59.000 59.000 62.000 62.000 62.000 62.000 62.000 70.000 63.000 63.000 63.000 64.000 62.000 18.000 16.000 33.000 0.000 9.000 15.000 15.000 12.000 12.000 28.000 28.000
VBdist IGHV9-23*02 46.000 43.000 49.000 49.000 44.000 43.000 43.000 45.000 42.000 54.000 39.000 48.000 48.000 48.000 57.000 53.000 47.000 47.000 57.000 50.000 50.000 43.000 43.000 43.000 43.000 43.000 51.000 51.000 46.000 53.000 51.000 66.000 66.000 66.000 66.000 68.000 54.000 58.000 56.000 56.000 64.000 62.000 64.000 64.000 62.000 43.000 40.000 48.000 41.000 41.000 44.000 41.000 41.000 47.000 47.000 47.000 51.000 51.000 48.000 43.000 58.000 40.000 58.000 45.000 50.000 50.000 35.000 59.000 59.000 44.000 40.000 50.000 35.000 35.000 55.000 57.000 46.000 46.000 56.000 56.000 54.000 54.000 60.000 59.000 56.000 54.000 56.000 56.000 56.000 56.000 55.000 61.000 61.000 53.000 51.000 47.000 47.000 51.000 54.000 51.000 49.000 44.000 53.000 44.000 49.000 52.000 44.000 44.000 51.000 42.000 54.000 54.000 52.000 52.000 58.000 55.000 49.000 54.000 54.000 59.000 49.000 55.000 55.000 65.000 65.000 65.000 65.000 65.000 64.000 65.000 68.000 58.000 58.000 57.000 57.000 58.000 58.000 58.000 58.000 58.000 66.000 61.000 61.000 61.000 60.000 58.000 19.000 21.000 28.000 9.000 0.000 17.000 17.000 3.000 3.000 30.000 30.000
VBdist IGHV9-34*01 57.000 53.000 54.000 54.000 47.000 46.000 46.000 55.000 52.000 61.000 47.000 57.000 57.000 57.000 64.000 60.000 60.000 60.000 61.000 55.000 55.000 49.000 49.000 49.000 49.000 49.000 51.000 51.000 54.000 53.000 51.000 69.000 69.000 69.000 69.000 71.000 54.000 58.000 58.000 58.000 62.000 63.000 62.000 62.000 63.000 52.000 52.000 56.000 53.000 53.000 56.000 53.000 53.000 57.000 57.000 57.000 63.000 63.000 57.000 55.000 68.000 53.000 64.000 54.000 59.000 57.000 44.000 68.000 68.000 57.000 53.000 57.000 44.000 44.000 58.000 65.000 55.000 55.000 63.000 63.000 62.000 62.000 63.000 61.000 63.000 59.000 63.000 61.000 61.000 61.000 61.000 60.000 60.000 57.000 57.000 53.000 57.000 61.000 60.000 57.000 54.000 55.000 59.000 55.000 55.000 58.000 55.000 55.000 61.000 47.000 57.000 57.000 52.000 52.000 62.000 62.000 52.000 58.000 58.000 66.000 52.000 62.000 62.000 68.000 68.000 68.000 68.000 68.000 68.000 68.000 71.000 63.000 63.000 60.000 60.000 63.000 63.000 63.000 63.000 63.000 71.000 64.000 64.000 64.000 65.000 63.000 21.000 19.000 38.000 15.000 17.000 0.000 0.000 14.000 14.000 28.000 28.000
VBdist IGHV9-34*02 57.000 53.000 54.000 54.000 47.000 46.000 46.000 55.000 52.000 61.000 47.000 57.000 57.000 57.000 64.000 60.000 60.000 60.000 61.000 55.000 55.000 49.000 49.000 49.000 49.000 49.000 51.000 51.000 54.000 53.000 51.000 69.000 69.000 69.000 69.000 71.000 54.000 58.000 58.000 58.000 62.000 63.000 62.000 62.000 63.000 52.000 52.000 56.000 53.000 53.000 56.000 53.000 53.000 57.000 57.000 57.000 63.000 63.000 57.000 55.000 68.000 53.000 64.000 54.000 59.000 57.000 44.000 68.000 68.000 57.000 53.000 57.000 44.000 44.000 58.000 65.000 55.000 55.000 63.000 63.000 62.000 62.000 63.000 61.000 63.000 59.000 63.000 61.000 61.000 61.000 61.000 60.000 60.000 57.000 57.000 53.000 57.000 61.000 60.000 57.000 54.000 55.000 59.000 55.000 55.000 58.000 55.000 55.000 61.000 47.000 57.000 57.000 52.000 52.000 62.000 62.000 52.000 58.000 58.000 66.000 52.000 62.000 62.000 68.000 68.000 68.000 68.000 68.000 68.000 68.000 71.000 63.000 63.000 60.000 60.000 63.000 63.000 63.000 63.000 63.000 71.000 64.000 64.000 64.000 65.000 63.000 21.000 19.000 38.000 15.000 17.000 0.000 0.000 14.000 14.000 28.000 28.000
VBdist IGHV9-45*01 49.000 44.000 50.000 50.000 45.000 44.000 44.000 48.000 45.000 55.000 40.000 48.000 48.000 48.000 58.000 54.000 50.000 50.000 58.000 47.000 47.000 40.000 40.000 40.000 40.000 40.000 51.000 51.000 46.000 53.000 51.000 65.000 65.000 65.000 65.000 67.000 54.000 58.000 53.000 53.000 61.000 65.000 61.000 61.000 65.000 46.000 43.000 51.000 44.000 44.000 47.000 44.000 44.000 50.000 50.000 50.000 54.000 54.000 51.000 46.000 61.000 43.000 61.000 48.000 53.000 51.000 38.000 62.000 62.000 47.000 43.000 51.000 38.000 38.000 58.000 60.000 49.000 49.000 59.000 59.000 57.000 57.000 59.000 58.000 59.000 57.000 59.000 59.000 59.000 59.000 58.000 60.000 60.000 52.000 51.000 47.000 47.000 51.000 54.000 51.000 49.000 44.000 53.000 44.000 49.000 52.000 44.000 44.000 51.000 41.000 51.000 51.000 49.000 49.000 55.000 52.000 46.000 51.000 51.000 58.000 46.000 52.000 52.000 64.000 64.000 64.000 64.000 64.000 63.000 64.000 67.000 58.000 58.000 57.000 57.000 58.000 58.000 58.000 58.000 58.000 66.000 61.000 61.000 61.000 60.000 58.000 18.000 20.000 28.000 12.000 3.000 14.000 14.000 0.000 0.000 30.000 30.000
VBdist IGHV9-45*02 49.000 44.000 50.000 50.000 45.000 44.000 44.000 48.000 45.000 55.000 40.000 48.000 48.000 48.000 58.000 54.000 50.000 50.000 58.000 47.000 47.000 40.000 40.000 40.000 40.000 40.000 51.000 51.000 46.000 53.000 51.000 65.000 65.000 65.000 65.000 67.000 54.000 58.000 53.000 53.000 61.000 65.000 61.000 61.000 65.000 46.000 43.000 51.000 44.000 44.000 47.000 44.000 44.000 50.000 50.000 50.000 54.000 54.000 51.000 46.000 61.000 43.000 61.000 48.000 53.000 51.000 38.000 62.000 62.000 47.000 43.000 51.000 38.000 38.000 58.000 60.000 49.000 49.000 59.000 59.000 57.000 57.000 59.000 58.000 59.000 57.000 59.000 59.000 59.000 59.000 58.000 60.000 60.000 52.000 51.000 47.000 47.000 51.000 54.000 51.000 49.000 44.000 53.000 44.000 49.000 52.000 44.000 44.000 51.000 41.000 51.000 51.000 49.000 49.000 55.000 52.000 46.000 51.000 51.000 58.000 46.000 52.000 52.000 64.000 64.000 64.000 64.000 64.000 63.000 64.000 67.000 58.000 58.000 57.000 57.000 58.000 58.000 58.000 58.000 58.000 66.000 61.000 61.000 61.000 60.000 58.000 18.000 20.000 28.000 12.000 3.000 14.000 14.000 0.000 0.000 30.000 30.000
VBdist IGHV9D-2*01 55.000 61.000 62.000 62.000 51.000 51.000 51.000 61.000 61.000 69.000 55.000 61.000 61.000 61.000 72.000 68.000 57.000 57.000 72.000 62.000 62.000 62.000 62.000 62.000 62.000 62.000 56.000 56.000 59.000 59.000 56.000 74.000 74.000 74.000 74.000 74.000 63.000 61.000 69.000 69.000 69.000 73.000 69.000 69.000 73.000 61.000 61.000 65.000 62.000 62.000 65.000 62.000 62.000 65.000 65.000 65.000 68.000 68.000 62.000 64.000 66.000 50.000 59.000 52.000 58.000 65.000 46.000 66.000 66.000 54.000 50.000 65.000 46.000 46.000 49.000 60.000 57.000 57.000 70.000 70.000 70.000 70.000 70.000 68.000 70.000 66.000 70.000 68.000 68.000 68.000 68.000 70.000 70.000 67.000 60.000 60.000 64.000 68.000 68.000 66.000 65.000 63.000 67.000 63.000 63.000 66.000 63.000 63.000 68.000 48.000 57.000 57.000 56.000 56.000 66.000 58.000 57.000 62.000 62.000 59.000 57.000 58.000 58.000 76.000 76.000 76.000 76.000 76.000 76.000 76.000 76.000 72.000 72.000 66.000 66.000 72.000 72.000 72.000 72.000 72.000 76.000 64.000 64.000 64.000 74.000 72.000 38.000 36.000 14.000 28.000 30.000 28.000 28.000 30.000 30.000 0.000 0.000
VBdist IGHV9D-2*02 55.000 61.000 62.000 62.000 51.000 51.000 51.000 61.000 61.000 69.000 55.000 61.000 61.000 61.000 72.000 68.000 57.000 57.000 72.000 62.000 62.000 62.000 62.000 62.000 62.000 62.000 56.000 56.000 59.000 59.000 56.000 74.000 74.000 74.000 74.000 74.000 63.000 61.000 69.000 69.000 69.000 73.000 69.000 69.000 73.000 61.000 61.000 65.000 62.000 62.000 65.000 62.000 62.000 65.000 65.000 65.000 68.000 68.000 62.000 64.000 66.000 50.000 59.000 52.000 58.000 65.000 46.000 66.000 66.000 54.000 50.000 65.000 46.000 46.000 49.000 60.000 57.000 57.000 70.000 70.000 70.000 70.000 70.000 68.000 70.000 66.000 70.000 68.000 68.000 68.000 68.000 70.000 70.000 67.000 60.000 60.000 64.000 68.000 68.000 66.000 65.000 63.000 67.000 63.000 63.000 66.000 63.000 63.000 68.000 48.000 57.000 57.000 56.000 56.000 66.000 58.000 57.000 62.000 62.000 59.000 57.000 58.000 58.000 76.000 76.000 76.000 76.000 76.000 76.000 76.000 76.000 72.000 72.000 66.000 66.000 72.000 72.000 72.000 72.000 72.000 76.000 64.000 64.000 64.000 74.000 72.000 38.000 36.000 14.000 28.000 30.000 28.000 28.000 30.000 30.000 0.000 0.000
