AAdist A 0.000 4.000 4.000 4.000 4.000 4.000 4.000 4.000 4.000 4.000 4.000 4.000 4.000 4.000 4.000 3.000 4.000 4.000 4.000 4.000
AAdist C 4.000 0.000 4.000 4.000 4.000 4.000 4.000 4.000 4.000 4.000 4.000 4.000 4.000 4.000 4.000 4.000 4.000 4.000 4.000 4.000
AAdist D 4.000 4.000 0.000 2.000 4.000 4.000 4.000 4.000 4.000 4.000 4.000 3.000 4.000 4.000 4.000 4.000 4.000 4.000 4.000 4.000
AAdist E 4.000 4.000 2.000 0.000 4.000 4.000 4.000 4.000 3.000 4.000 4.000 4.000 4.000 2.000 4.000 4.000 4.000 4.000 4.000 4.000
AAdist F 4.000 4.000 4.000 4.000 0.000 4.000 4.000 4.000 4.000 4.000 4.000 4.000 4.000 4.000 4.000 4.000 4.000 4.000 3.000 1.000
AAdist G 4.000 4.000 4.000 4.000 4.000 0.000 4.000 4.000 4.000 4.000 4.000 4.000 4.000 4.000 4.000 4.000 4.000 4.000 4.000 4.000
AAdist H 4.000 4.000 4.000 4.000 4.000 4.000 0.000 4.000 4.000 4.000 4.000 3.000 4.000 4.000 4.000 4.000 4.000 4.000 4.000 2.000
AAdist I 4.000 4.000 4.000 4.000 4.000 4.000 4.000 0.000 4.000 2.000 3.000 4.000 4.000 4.000 4.000 4.000 4.000 1.000 4.000 4.000
AAdist K 4.000 4.000 4.000 3.000 4.000 4.000 4.000 4.000 0.000 4.000 4.000 4.000 4.000 3.000 2.000 4.000 4.000 4.000 4.000 4.000
AAdist L 4.000 4.000 4.000 4.000 4.000 4.000 4.000 2.000 4.000 0.000 2.000 4.000 4.000 4.000 4.000 4.000 4.000 3.000 4.000 4.000
AAdist M 4.000 4.000 4.000 4.000 4.000 4.000 4.000 3.000 4.000 2.000 0.000 4.000 4.000 4.000 4.000 4.000 4.000 3.000 4.000 4.000
AAdist N 4.000 4.000 3.000 4.000 4.000 4.000 3.000 4.000 4.000 4.000 4.000 0.000 4.000 4.000 4.000 3.000 4.000 4.000 4.000 4.000
AAdist P 4.000 4.000 4.000 4.000 4.000 4.000 4.000 4.000 4.000 4.000 4.000 4.000 0.000 4.000 4.000 4.000 4.000 4.000 4.000 4.000
AAdist Q 4.000 4.000 4.000 2.000 4.000 4.000 4.000 4.000 3.000 4.000 4.000 4.000 4.000 0.000 3.000 4.000 4.000 4.000 4.000 4.000
AAdist R 4.000 4.000 4.000 4.000 4.000 4.000 4.000 4.000 2.000 4.000 4.000 4.000 4.000 3.000 0.000 4.000 4.000 4.000 4.000 4.000
AAdist S 3.000 4.000 4.000 4.000 4.000 4.000 4.000 4.000 4.000 4.000 4.000 3.000 4.000 4.000 4.000 0.000 3.000 4.000 4.000 4.000
AAdist T 4.000 4.000 4.000 4.000 4.000 4.000 4.000 4.000 4.000 4.000 4.000 4.000 4.000 4.000 4.000 3.000 0.000 4.000 4.000 4.000
AAdist V 4.000 4.000 4.000 4.000 4.000 4.000 4.000 1.000 4.000 3.000 3.000 4.000 4.000 4.000 4.000 4.000 4.000 0.000 4.000 4.000
AAdist W 4.000 4.000 4.000 4.000 3.000 4.000 4.000 4.000 4.000 4.000 4.000 4.000 4.000 4.000 4.000 4.000 4.000 4.000 0.000 2.000
AAdist Y 4.000 4.000 4.000 4.000 1.000 4.000 2.000 4.000 4.000 4.000 4.000 4.000 4.000 4.000 4.000 4.000 4.000 4.000 2.000 0.000
num_VA_genes 213
VAdist TRAV1*01 0.000 55.000 55.000 68.000 68.000 68.000 59.000 59.000 52.000 52.000 60.000 60.000 69.000 69.000 69.000 64.000 68.000 72.000 64.000 63.000 75.000 75.000 73.000 76.000 72.000 76.000 72.000 72.000 72.000 72.000 72.000 72.000 52.000 52.000 69.000 69.000 69.000 56.000 55.000 55.000 76.000 59.000 59.000 62.000 66.000 62.000 62.000 62.000 60.000 55.000 61.000 60.000 60.000 60.000 61.000 61.000 60.000 57.000 61.000 61.000 61.000 60.000 60.000 61.000 60.000 60.000 60.000 58.000 61.000 65.000 65.000 61.000 60.000 57.000 57.000 60.000 60.000 61.000 61.000 61.000 61.000 65.000 63.000 61.000 61.000 61.000 61.000 64.000 61.000 61.000 62.000 61.000 62.000 68.000 66.000 65.000 69.000 69.000 68.000 69.000 68.000 65.000 65.000 65.000 65.000 68.000 68.000 68.000 69.000 66.000 65.000 69.000 69.000 69.000 71.000 58.000 58.000 58.000 58.000 62.000 62.000 56.000 62.000 64.000 66.000 64.000 64.000 62.000 62.000 73.000 73.000 73.000 72.000 72.000 72.000 72.000 72.000 58.000 58.000 63.000 62.000 62.000 62.000 59.000 62.000 62.000 61.000 61.000 61.000 59.000 61.000 61.000 59.000 61.000 63.000 62.000 71.000 67.000 62.000 66.000 63.000 66.000 71.000 71.000 62.000 66.000 71.000 71.000 62.000 62.000 67.000 62.000 63.000 66.000 67.000 68.000 60.000 62.000 58.000 65.000 64.000 64.000 64.000 64.000 73.000 73.000 59.000 60.000 69.000 66.000 64.000 70.000 70.000 70.000 64.000 69.000 69.000 63.000 67.000 69.000 59.000 59.000 64.000 65.000 64.000 64.000 68.000 68.000 61.000 68.000 68.000 71.000 72.000
VAdist TRAV10-2*01 55.000 0.000 4.000 60.000 60.000 60.000 61.000 61.000 54.000 54.000 58.000 58.000 57.000 57.000 57.000 60.000 51.000 55.000 59.000 54.000 56.000 56.000 56.000 78.000 74.000 68.000 74.000 70.000 70.000 70.000 75.000 70.000 65.000 63.000 61.000 58.000 58.000 63.000 64.000 63.000 81.000 67.000 67.000 56.000 56.000 57.000 57.000 57.000 67.000 60.000 61.000 60.000 67.000 67.000 64.000 61.000 67.000 64.000 61.000 64.000 72.000 66.000 66.000 71.000 64.000 64.000 64.000 66.000 64.000 64.000 64.000 68.000 64.000 64.000 64.000 64.000 64.000 64.000 51.000 51.000 54.000 58.000 52.000 51.000 52.000 51.000 51.000 52.000 51.000 59.000 60.000 59.000 60.000 57.000 62.000 62.000 56.000 56.000 60.000 66.000 55.000 62.000 62.000 62.000 63.000 56.000 59.000 59.000 59.000 62.000 62.000 72.000 72.000 72.000 65.000 61.000 61.000 61.000 61.000 54.000 54.000 49.000 70.000 70.000 68.000 61.000 61.000 58.000 58.000 72.000 75.000 72.000 57.000 57.000 76.000 76.000 76.000 68.000 68.000 67.000 66.000 67.000 68.000 63.000 67.000 67.000 68.000 68.000 68.000 63.000 68.000 68.000 64.000 68.000 76.000 70.000 73.000 75.000 74.000 75.000 74.000 77.000 73.000 73.000 75.000 74.000 73.000 73.000 75.000 75.000 74.000 78.000 71.000 77.000 73.000 70.000 63.000 64.000 67.000 67.000 67.000 63.000 57.000 57.000 80.000 80.000 70.000 74.000 78.000 70.000 70.000 79.000 79.000 80.000 66.000 78.000 79.000 74.000 78.000 78.000 70.000 73.000 57.000 58.000 57.000 57.000 67.000 67.000 58.000 54.000 54.000 61.000 57.000
VAdist TRAV10-2*02 55.000 4.000 0.000 64.000 64.000 64.000 61.000 61.000 54.000 54.000 58.000 58.000 57.000 57.000 57.000 60.000 51.000 55.000 59.000 54.000 56.000 56.000 56.000 78.000 74.000 68.000 74.000 70.000 70.000 70.000 75.000 70.000 65.000 63.000 61.000 58.000 58.000 63.000 64.000 63.000 81.000 67.000 67.000 56.000 56.000 57.000 57.000 57.000 68.000 60.000 65.000 64.000 68.000 68.000 68.000 65.000 68.000 64.000 65.000 68.000 68.000 70.000 70.000 71.000 68.000 68.000 68.000 66.000 64.000 64.000 64.000 68.000 68.000 64.000 64.000 68.000 68.000 64.000 51.000 51.000 54.000 58.000 52.000 51.000 52.000 51.000 51.000 52.000 51.000 59.000 60.000 59.000 60.000 61.000 62.000 62.000 60.000 60.000 60.000 66.000 59.000 62.000 62.000 66.000 67.000 60.000 59.000 59.000 59.000 62.000 62.000 72.000 72.000 72.000 65.000 61.000 61.000 61.000 61.000 54.000 54.000 49.000 70.000 70.000 64.000 61.000 61.000 58.000 58.000 72.000 75.000 72.000 53.000 53.000 76.000 76.000 76.000 64.000 64.000 67.000 66.000 63.000 64.000 63.000 63.000 63.000 64.000 64.000 64.000 63.000 64.000 64.000 64.000 68.000 76.000 70.000 73.000 75.000 74.000 75.000 74.000 77.000 73.000 73.000 75.000 74.000 73.000 73.000 75.000 75.000 75.000 78.000 71.000 77.000 73.000 70.000 63.000 64.000 67.000 67.000 67.000 63.000 57.000 57.000 80.000 80.000 70.000 74.000 78.000 74.000 74.000 79.000 79.000 80.000 70.000 78.000 79.000 74.000 78.000 78.000 70.000 73.000 57.000 58.000 57.000 57.000 67.000 67.000 58.000 50.000 50.000 57.000 53.000
VAdist TRAV11-2*01 68.000 60.000 64.000 0.000 4.000 0.000 63.000 63.000 61.000 61.000 62.000 62.000 59.000 60.000 60.000 60.000 56.000 60.000 57.000 56.000 63.000 63.000 60.000 67.000 69.000 63.000 66.000 63.000 63.000 63.000 64.000 63.000 73.000 72.000 59.000 59.000 59.000 70.000 70.000 71.000 67.000 64.000 64.000 57.000 57.000 44.000 44.000 44.000 58.000 61.000 61.000 60.000 62.000 62.000 59.000 60.000 58.000 62.000 60.000 59.000 62.000 55.000 55.000 61.000 55.000 55.000 59.000 59.000 62.000 62.000 62.000 62.000 59.000 62.000 62.000 59.000 59.000 62.000 55.000 51.000 56.000 60.000 60.000 56.000 60.000 55.000 55.000 51.000 56.000 56.000 52.000 56.000 52.000 64.000 63.000 63.000 60.000 60.000 63.000 65.000 59.000 63.000 63.000 59.000 60.000 63.000 64.000 64.000 63.000 63.000 63.000 70.000 70.000 70.000 69.000 61.000 61.000 61.000 61.000 62.000 62.000 58.000 74.000 77.000 56.000 71.000 71.000 56.000 56.000 66.000 70.000 66.000 64.000 64.000 72.000 72.000 72.000 66.000 65.000 61.000 61.000 62.000 62.000 61.000 62.000 62.000 62.000 62.000 62.000 61.000 62.000 62.000 61.000 61.000 74.000 76.000 76.000 72.000 76.000 75.000 76.000 78.000 76.000 76.000 76.000 75.000 75.000 75.000 76.000 74.000 74.000 74.000 76.000 78.000 76.000 72.000 70.000 64.000 74.000 68.000 65.000 70.000 63.000 63.000 72.000 72.000 71.000 71.000 72.000 67.000 69.000 70.000 70.000 71.000 69.000 72.000 74.000 72.000 72.000 72.000 71.000 71.000 67.000 67.000 67.000 67.000 59.000 59.000 67.000 70.000 70.000 70.000 70.000
VAdist TRAV11-2*02 68.000 60.000 64.000 4.000 0.000 4.000 63.000 63.000 61.000 61.000 62.000 62.000 59.000 60.000 60.000 60.000 56.000 60.000 57.000 56.000 63.000 63.000 60.000 67.000 69.000 63.000 66.000 63.000 63.000 63.000 64.000 63.000 72.000 71.000 59.000 59.000 59.000 73.000 73.000 74.000 67.000 64.000 64.000 58.000 58.000 44.000 44.000 44.000 62.000 65.000 64.000 63.000 66.000 66.000 62.000 63.000 62.000 66.000 63.000 62.000 66.000 59.000 59.000 65.000 59.000 59.000 63.000 63.000 66.000 66.000 66.000 66.000 63.000 66.000 66.000 63.000 63.000 66.000 55.000 51.000 56.000 60.000 59.000 56.000 60.000 55.000 55.000 51.000 56.000 56.000 52.000 56.000 52.000 64.000 63.000 63.000 60.000 60.000 63.000 65.000 59.000 63.000 63.000 59.000 60.000 63.000 64.000 64.000 63.000 63.000 63.000 66.000 66.000 66.000 69.000 61.000 61.000 61.000 61.000 62.000 62.000 58.000 74.000 77.000 56.000 71.000 71.000 56.000 56.000 66.000 70.000 66.000 64.000 64.000 72.000 72.000 72.000 66.000 65.000 61.000 61.000 62.000 62.000 61.000 62.000 62.000 62.000 62.000 62.000 61.000 62.000 62.000 61.000 61.000 70.000 76.000 72.000 68.000 72.000 71.000 72.000 74.000 72.000 72.000 72.000 71.000 71.000 71.000 72.000 70.000 70.000 70.000 76.000 74.000 72.000 76.000 74.000 68.000 78.000 72.000 69.000 74.000 63.000 63.000 75.000 75.000 71.000 71.000 72.000 67.000 69.000 70.000 70.000 71.000 69.000 72.000 75.000 72.000 72.000 72.000 71.000 71.000 67.000 67.000 67.000 67.000 59.000 59.000 67.000 70.000 70.000 70.000 70.000
VAdist TRAV11-2D*01 68.000 60.000 64.000 0.000 4.000 0.000 63.000 63.000 61.000 61.000 62.000 62.000 59.000 60.000 60.000 60.000 56.000 60.000 57.000 56.000 63.000 63.000 60.000 67.000 69.000 63.000 66.000 63.000 63.000 63.000 64.000 63.000 73.000 72.000 59.000 59.000 59.000 70.000 70.000 71.000 67.000 64.000 64.000 57.000 57.000 44.000 44.000 44.000 58.000 61.000 61.000 60.000 62.000 62.000 59.000 60.000 58.000 62.000 60.000 59.000 62.000 55.000 55.000 61.000 55.000 55.000 59.000 59.000 62.000 62.000 62.000 62.000 59.000 62.000 62.000 59.000 59.000 62.000 55.000 51.000 56.000 60.000 60.000 56.000 60.000 55.000 55.000 51.000 56.000 56.000 52.000 56.000 52.000 64.000 63.000 63.000 60.000 60.000 63.000 65.000 59.000 63.000 63.000 59.000 60.000 63.000 64.000 64.000 63.000 63.000 63.000 70.000 70.000 70.000 69.000 61.000 61.000 61.000 61.000 62.000 62.000 58.000 74.000 77.000 56.000 71.000 71.000 56.000 56.000 66.000 70.000 66.000 64.000 64.000 72.000 72.000 72.000 66.000 65.000 61.000 61.000 62.000 62.000 61.000 62.000 62.000 62.000 62.000 62.000 61.000 62.000 62.000 61.000 61.000 74.000 76.000 76.000 72.000 76.000 75.000 76.000 78.000 76.000 76.000 76.000 75.000 75.000 75.000 76.000 74.000 74.000 74.000 76.000 78.000 76.000 72.000 70.000 64.000 74.000 68.000 65.000 70.000 63.000 63.000 72.000 72.000 71.000 71.000 72.000 67.000 69.000 70.000 70.000 71.000 69.000 72.000 74.000 72.000 72.000 72.000 71.000 71.000 67.000 67.000 67.000 67.000 59.000 59.000 67.000 70.000 70.000 70.000 70.000
VAdist TRAV12-1*01 59.000 61.000 61.000 63.000 63.000 63.000 0.000 0.000 7.000 11.000 11.000 11.000 38.000 35.000 35.000 48.000 43.000 40.000 44.000 42.000 38.000 38.000 42.000 68.000 64.000 70.000 68.000 69.000 69.000 69.000 70.000 69.000 61.000 61.000 70.000 67.000 67.000 57.000 57.000 54.000 72.000 60.000 60.000 56.000 52.000 47.000 47.000 47.000 59.000 59.000 54.000 55.000 59.000 59.000 59.000 55.000 59.000 55.000 55.000 59.000 63.000 61.000 61.000 63.000 63.000 63.000 59.000 65.000 55.000 58.000 54.000 59.000 59.000 55.000 55.000 59.000 59.000 55.000 48.000 49.000 52.000 52.000 55.000 48.000 51.000 48.000 48.000 50.000 48.000 61.000 61.000 61.000 61.000 64.000 70.000 71.000 67.000 67.000 64.000 67.000 67.000 71.000 71.000 70.000 70.000 64.000 64.000 64.000 72.000 70.000 71.000 56.000 60.000 60.000 65.000 58.000 58.000 59.000 59.000 55.000 55.000 53.000 59.000 62.000 67.000 65.000 65.000 61.000 61.000 62.000 61.000 65.000 63.000 63.000 58.000 58.000 58.000 58.000 56.000 59.000 58.000 58.000 59.000 58.000 58.000 58.000 61.000 61.000 61.000 62.000 61.000 61.000 59.000 58.000 66.000 66.000 65.000 64.000 67.000 66.000 65.000 71.000 64.000 64.000 68.000 67.000 63.000 64.000 67.000 67.000 66.000 71.000 67.000 71.000 65.000 65.000 62.000 62.000 68.000 64.000 61.000 67.000 44.000 44.000 72.000 72.000 57.000 63.000 70.000 66.000 68.000 74.000 74.000 70.000 68.000 70.000 71.000 66.000 70.000 70.000 57.000 60.000 64.000 68.000 64.000 64.000 64.000 64.000 68.000 71.000 71.000 70.000 70.000
VAdist TRAV12-1D*01 59.000 61.000 61.000 63.000 63.000 63.000 0.000 0.000 7.000 11.000 11.000 11.000 38.000 35.000 35.000 48.000 43.000 40.000 44.000 42.000 38.000 38.000 42.000 68.000 64.000 70.000 68.000 69.000 69.000 69.000 70.000 69.000 61.000 61.000 70.000 67.000 67.000 57.000 57.000 54.000 72.000 60.000 60.000 56.000 52.000 47.000 47.000 47.000 59.000 59.000 54.000 55.000 59.000 59.000 59.000 55.000 59.000 55.000 55.000 59.000 63.000 61.000 61.000 63.000 63.000 63.000 59.000 65.000 55.000 58.000 54.000 59.000 59.000 55.000 55.000 59.000 59.000 55.000 48.000 49.000 52.000 52.000 55.000 48.000 51.000 48.000 48.000 50.000 48.000 61.000 61.000 61.000 61.000 64.000 70.000 71.000 67.000 67.000 64.000 67.000 67.000 71.000 71.000 70.000 70.000 64.000 64.000 64.000 72.000 70.000 71.000 56.000 60.000 60.000 65.000 58.000 58.000 59.000 59.000 55.000 55.000 53.000 59.000 62.000 67.000 65.000 65.000 61.000 61.000 62.000 61.000 65.000 63.000 63.000 58.000 58.000 58.000 58.000 56.000 59.000 58.000 58.000 59.000 58.000 58.000 58.000 61.000 61.000 61.000 62.000 61.000 61.000 59.000 58.000 66.000 66.000 65.000 64.000 67.000 66.000 65.000 71.000 64.000 64.000 68.000 67.000 63.000 64.000 67.000 67.000 66.000 71.000 67.000 71.000 65.000 65.000 62.000 62.000 68.000 64.000 61.000 67.000 44.000 44.000 72.000 72.000 57.000 63.000 70.000 66.000 68.000 74.000 74.000 70.000 68.000 70.000 71.000 66.000 70.000 70.000 57.000 60.000 64.000 68.000 64.000 64.000 64.000 64.000 68.000 71.000 71.000 70.000 70.000
VAdist TRAV12-2*01 52.000 54.000 54.000 61.000 61.000 61.000 7.000 7.000 0.000 4.000 12.000 12.000 42.000 39.000 39.000 44.000 39.000 44.000 40.000 38.000 42.000 42.000 46.000 68.000 64.000 70.000 68.000 69.000 69.000 69.000 70.000 69.000 61.000 61.000 68.000 65.000 65.000 60.000 60.000 57.000 70.000 60.000 60.000 56.000 52.000 43.000 43.000 43.000 63.000 55.000 58.000 59.000 63.000 63.000 63.000 59.000 63.000 59.000 59.000 63.000 67.000 65.000 65.000 67.000 63.000 63.000 63.000 61.000 59.000 58.000 58.000 63.000 63.000 59.000 59.000 63.000 63.000 59.000 49.000 50.000 53.000 53.000 56.000 49.000 52.000 49.000 49.000 51.000 49.000 59.000 59.000 59.000 59.000 60.000 66.000 67.000 63.000 63.000 60.000 71.000 63.000 67.000 67.000 66.000 66.000 60.000 60.000 60.000 68.000 66.000 67.000 56.000 60.000 60.000 65.000 56.000 56.000 57.000 57.000 51.000 51.000 49.000 59.000 62.000 67.000 65.000 65.000 61.000 61.000 62.000 61.000 65.000 67.000 67.000 58.000 58.000 58.000 56.000 54.000 57.000 56.000 56.000 57.000 56.000 56.000 56.000 59.000 59.000 59.000 60.000 59.000 59.000 57.000 56.000 66.000 66.000 65.000 64.000 67.000 66.000 65.000 71.000 64.000 64.000 68.000 67.000 63.000 64.000 67.000 67.000 66.000 71.000 67.000 71.000 65.000 68.000 59.000 59.000 65.000 61.000 58.000 64.000 40.000 40.000 72.000 72.000 60.000 64.000 70.000 67.000 69.000 74.000 74.000 70.000 69.000 70.000 71.000 66.000 70.000 70.000 60.000 63.000 67.000 68.000 67.000 67.000 67.000 67.000 68.000 74.000 74.000 71.000 71.000
VAdist TRAV12-4*01 52.000 54.000 54.000 61.000 61.000 61.000 11.000 11.000 4.000 0.000 12.000 12.000 42.000 43.000 43.000 40.000 39.000 40.000 36.000 34.000 46.000 46.000 46.000 69.000 65.000 70.000 69.000 69.000 69.000 69.000 70.000 69.000 61.000 61.000 68.000 65.000 65.000 60.000 60.000 57.000 70.000 64.000 64.000 56.000 56.000 39.000 39.000 39.000 63.000 55.000 58.000 59.000 59.000 59.000 63.000 59.000 63.000 59.000 59.000 63.000 63.000 65.000 65.000 63.000 63.000 63.000 59.000 61.000 59.000 58.000 58.000 63.000 59.000 59.000 59.000 59.000 59.000 59.000 49.000 46.000 49.000 49.000 56.000 49.000 52.000 49.000 49.000 47.000 49.000 59.000 59.000 59.000 59.000 60.000 66.000 67.000 63.000 63.000 60.000 71.000 63.000 67.000 67.000 66.000 66.000 60.000 60.000 60.000 68.000 66.000 67.000 56.000 60.000 60.000 65.000 56.000 56.000 57.000 57.000 51.000 51.000 49.000 59.000 62.000 67.000 65.000 65.000 65.000 65.000 62.000 61.000 65.000 67.000 67.000 54.000 54.000 54.000 56.000 54.000 57.000 56.000 56.000 57.000 56.000 56.000 56.000 59.000 59.000 59.000 60.000 59.000 59.000 57.000 56.000 66.000 66.000 65.000 64.000 67.000 66.000 65.000 71.000 65.000 65.000 68.000 67.000 63.000 64.000 67.000 67.000 66.000 71.000 67.000 71.000 65.000 68.000 63.000 59.000 65.000 61.000 58.000 64.000 36.000 36.000 72.000 72.000 60.000 64.000 66.000 63.000 65.000 74.000 74.000 70.000 69.000 66.000 71.000 62.000 66.000 66.000 60.000 63.000 67.000 68.000 67.000 67.000 67.000 67.000 68.000 74.000 74.000 71.000 71.000
VAdist TRAV12-6*01 60.000 58.000 58.000 62.000 62.000 62.000 11.000 11.000 12.000 12.000 0.000 0.000 38.000 38.000 38.000 47.000 42.000 39.000 43.000 41.000 41.000 41.000 37.000 68.000 64.000 69.000 68.000 68.000 68.000 68.000 69.000 68.000 61.000 61.000 67.000 64.000 64.000 60.000 60.000 57.000 70.000 64.000 64.000 55.000 55.000 43.000 43.000 43.000 58.000 58.000 53.000 54.000 58.000 58.000 58.000 54.000 58.000 54.000 54.000 58.000 62.000 60.000 60.000 62.000 62.000 62.000 58.000 64.000 54.000 57.000 53.000 58.000 58.000 54.000 54.000 58.000 58.000 54.000 47.000 48.000 51.000 51.000 54.000 47.000 50.000 47.000 47.000 49.000 47.000 63.000 63.000 63.000 63.000 64.000 67.000 71.000 64.000 64.000 61.000 67.000 64.000 71.000 71.000 67.000 67.000 64.000 61.000 61.000 72.000 67.000 71.000 57.000 61.000 61.000 62.000 57.000 57.000 58.000 58.000 54.000 54.000 52.000 59.000 62.000 66.000 65.000 65.000 64.000 64.000 58.000 57.000 61.000 62.000 62.000 58.000 58.000 58.000 62.000 60.000 58.000 57.000 57.000 58.000 57.000 57.000 57.000 60.000 60.000 60.000 61.000 60.000 60.000 58.000 57.000 66.000 66.000 65.000 65.000 67.000 67.000 65.000 71.000 65.000 65.000 68.000 68.000 64.000 65.000 67.000 67.000 67.000 71.000 67.000 71.000 65.000 64.000 65.000 59.000 65.000 57.000 54.000 62.000 43.000 43.000 71.000 71.000 59.000 63.000 69.000 66.000 68.000 73.000 73.000 69.000 68.000 69.000 70.000 65.000 69.000 69.000 59.000 62.000 67.000 68.000 67.000 67.000 67.000 67.000 68.000 74.000 74.000 71.000 71.000
VAdist TRAV12-6*02 60.000 58.000 58.000 62.000 62.000 62.000 11.000 11.000 12.000 12.000 0.000 0.000 38.000 38.000 38.000 47.000 42.000 39.000 43.000 41.000 41.000 41.000 37.000 68.000 64.000 69.000 68.000 68.000 68.000 68.000 69.000 68.000 61.000 61.000 67.000 64.000 64.000 60.000 60.000 57.000 70.000 64.000 64.000 55.000 55.000 43.000 43.000 43.000 58.000 58.000 53.000 54.000 58.000 58.000 58.000 54.000 58.000 54.000 54.000 58.000 62.000 60.000 60.000 62.000 62.000 62.000 58.000 64.000 54.000 57.000 53.000 58.000 58.000 54.000 54.000 58.000 58.000 54.000 47.000 48.000 51.000 51.000 54.000 47.000 50.000 47.000 47.000 49.000 47.000 63.000 63.000 63.000 63.000 64.000 67.000 71.000 64.000 64.000 61.000 67.000 64.000 71.000 71.000 67.000 67.000 64.000 61.000 61.000 72.000 67.000 71.000 57.000 61.000 61.000 62.000 57.000 57.000 58.000 58.000 54.000 54.000 52.000 59.000 62.000 66.000 65.000 65.000 64.000 64.000 58.000 57.000 61.000 62.000 62.000 58.000 58.000 58.000 62.000 60.000 58.000 57.000 57.000 58.000 57.000 57.000 57.000 60.000 60.000 60.000 61.000 60.000 60.000 58.000 57.000 66.000 66.000 65.000 65.000 67.000 67.000 65.000 71.000 65.000 65.000 68.000 68.000 64.000 65.000 67.000 67.000 67.000 71.000 67.000 71.000 65.000 64.000 65.000 59.000 65.000 57.000 54.000 62.000 43.000 43.000 71.000 71.000 59.000 63.000 69.000 66.000 68.000 73.000 73.000 69.000 68.000 69.000 70.000 65.000 69.000 69.000 59.000 62.000 67.000 68.000 67.000 67.000 67.000 67.000 68.000 74.000 74.000 71.000 71.000
VAdist TRAV13-1*01 69.000 57.000 57.000 59.000 59.000 59.000 38.000 38.000 42.000 42.000 38.000 38.000 0.000 3.000 3.000 27.000 27.000 15.000 30.000 20.000 10.000 10.000 11.000 63.000 63.000 66.000 70.000 65.000 65.000 65.000 71.000 65.000 67.000 65.000 57.000 54.000 54.000 67.000 67.000 61.000 66.000 73.000 73.000 61.000 60.000 47.000 47.000 47.000 51.000 60.000 55.000 54.000 51.000 51.000 58.000 54.000 51.000 56.000 54.000 58.000 55.000 53.000 53.000 55.000 55.000 55.000 51.000 62.000 52.000 55.000 51.000 56.000 51.000 56.000 56.000 51.000 51.000 52.000 38.000 38.000 47.000 47.000 49.000 42.000 46.000 38.000 38.000 39.000 42.000 59.000 59.000 59.000 59.000 65.000 71.000 70.000 68.000 68.000 65.000 66.000 68.000 70.000 70.000 71.000 71.000 65.000 65.000 65.000 71.000 71.000 70.000 55.000 59.000 59.000 62.000 58.000 58.000 58.000 58.000 42.000 42.000 41.000 62.000 65.000 63.000 66.000 66.000 63.000 63.000 66.000 69.000 65.000 48.000 48.000 62.000 62.000 62.000 62.000 60.000 54.000 54.000 54.000 55.000 54.000 54.000 54.000 57.000 57.000 57.000 58.000 57.000 57.000 55.000 54.000 64.000 64.000 70.000 59.000 65.000 61.000 66.000 73.000 70.000 70.000 66.000 62.000 65.000 66.000 65.000 65.000 61.000 69.000 67.000 73.000 70.000 69.000 65.000 63.000 67.000 66.000 63.000 67.000 39.000 39.000 68.000 68.000 61.000 64.000 65.000 66.000 68.000 68.000 68.000 64.000 69.000 65.000 67.000 69.000 65.000 65.000 61.000 64.000 68.000 68.000 68.000 68.000 66.000 66.000 68.000 71.000 71.000 68.000 68.000
VAdist TRAV13-10*01 69.000 57.000 57.000 60.000 60.000 60.000 35.000 35.000 39.000 43.000 38.000 38.000 3.000 0.000 0.000 28.000 28.000 16.000 31.000 21.000 7.000 7.000 11.000 62.000 62.000 66.000 69.000 65.000 65.000 65.000 71.000 65.000 67.000 65.000 58.000 55.000 55.000 67.000 67.000 61.000 69.000 70.000 70.000 61.000 57.000 48.000 48.000 48.000 52.000 60.000 55.000 54.000 52.000 52.000 58.000 54.000 52.000 56.000 54.000 58.000 56.000 54.000 54.000 56.000 56.000 56.000 52.000 62.000 52.000 55.000 51.000 56.000 52.000 56.000 56.000 52.000 52.000 52.000 38.000 39.000 48.000 48.000 49.000 42.000 46.000 38.000 38.000 40.000 42.000 62.000 62.000 62.000 62.000 65.000 71.000 70.000 68.000 68.000 65.000 66.000 68.000 70.000 70.000 71.000 71.000 65.000 65.000 65.000 71.000 71.000 70.000 58.000 62.000 62.000 62.000 58.000 58.000 58.000 58.000 42.000 42.000 41.000 62.000 65.000 63.000 66.000 66.000 60.000 60.000 66.000 69.000 65.000 49.000 49.000 63.000 63.000 63.000 62.000 60.000 54.000 54.000 54.000 55.000 54.000 54.000 54.000 57.000 57.000 57.000 58.000 57.000 57.000 55.000 54.000 64.000 64.000 70.000 62.000 65.000 64.000 66.000 73.000 69.000 69.000 66.000 65.000 68.000 69.000 65.000 65.000 64.000 69.000 67.000 73.000 70.000 69.000 62.000 63.000 67.000 66.000 63.000 67.000 40.000 40.000 68.000 68.000 61.000 64.000 66.000 67.000 69.000 68.000 68.000 64.000 69.000 66.000 67.000 70.000 66.000 66.000 61.000 64.000 68.000 68.000 68.000 68.000 66.000 66.000 68.000 71.000 71.000 68.000 68.000
VAdist TRAV13-10D*01 69.000 57.000 57.000 60.000 60.000 60.000 35.000 35.000 39.000 43.000 38.000 38.000 3.000 0.000 0.000 28.000 28.000 16.000 31.000 21.000 7.000 7.000 11.000 62.000 62.000 66.000 69.000 65.000 65.000 65.000 71.000 65.000 67.000 65.000 58.000 55.000 55.000 67.000 67.000 61.000 69.000 70.000 70.000 61.000 57.000 48.000 48.000 48.000 52.000 60.000 55.000 54.000 52.000 52.000 58.000 54.000 52.000 56.000 54.000 58.000 56.000 54.000 54.000 56.000 56.000 56.000 52.000 62.000 52.000 55.000 51.000 56.000 52.000 56.000 56.000 52.000 52.000 52.000 38.000 39.000 48.000 48.000 49.000 42.000 46.000 38.000 38.000 40.000 42.000 62.000 62.000 62.000 62.000 65.000 71.000 70.000 68.000 68.000 65.000 66.000 68.000 70.000 70.000 71.000 71.000 65.000 65.000 65.000 71.000 71.000 70.000 58.000 62.000 62.000 62.000 58.000 58.000 58.000 58.000 42.000 42.000 41.000 62.000 65.000 63.000 66.000 66.000 60.000 60.000 66.000 69.000 65.000 49.000 49.000 63.000 63.000 63.000 62.000 60.000 54.000 54.000 54.000 55.000 54.000 54.000 54.000 57.000 57.000 57.000 58.000 57.000 57.000 55.000 54.000 64.000 64.000 70.000 62.000 65.000 64.000 66.000 73.000 69.000 69.000 66.000 65.000 68.000 69.000 65.000 65.000 64.000 69.000 67.000 73.000 70.000 69.000 62.000 63.000 67.000 66.000 63.000 67.000 40.000 40.000 68.000 68.000 61.000 64.000 66.000 67.000 69.000 68.000 68.000 64.000 69.000 66.000 67.000 70.000 66.000 66.000 61.000 64.000 68.000 68.000 68.000 68.000 66.000 66.000 68.000 71.000 71.000 68.000 68.000
VAdist TRAV13-12*01 64.000 60.000 60.000 60.000 60.000 60.000 48.000 48.000 44.000 40.000 47.000 47.000 27.000 28.000 28.000 0.000 29.000 20.000 8.000 12.000 35.000 35.000 35.000 71.000 70.000 73.000 74.000 72.000 72.000 72.000 75.000 72.000 68.000 68.000 61.000 61.000 61.000 69.000 69.000 65.000 69.000 73.000 73.000 65.000 65.000 43.000 43.000 43.000 60.000 59.000 60.000 58.000 56.000 56.000 62.000 59.000 60.000 63.000 59.000 62.000 60.000 59.000 59.000 60.000 60.000 60.000 56.000 60.000 60.000 59.000 59.000 64.000 56.000 63.000 63.000 56.000 56.000 60.000 41.000 41.000 43.000 43.000 55.000 48.000 52.000 41.000 41.000 42.000 48.000 59.000 60.000 59.000 60.000 61.000 64.000 66.000 61.000 61.000 61.000 70.000 61.000 66.000 66.000 64.000 64.000 61.000 61.000 61.000 67.000 64.000 66.000 66.000 70.000 70.000 66.000 57.000 57.000 57.000 57.000 42.000 42.000 43.000 61.000 64.000 67.000 66.000 66.000 63.000 63.000 70.000 73.000 69.000 53.000 53.000 67.000 67.000 67.000 66.000 64.000 53.000 49.000 49.000 49.000 50.000 49.000 49.000 54.000 54.000 54.000 54.000 54.000 54.000 50.000 50.000 72.000 70.000 76.000 70.000 71.000 70.000 72.000 75.000 76.000 76.000 72.000 71.000 74.000 75.000 71.000 71.000 72.000 67.000 71.000 75.000 76.000 68.000 72.000 69.000 73.000 68.000 65.000 69.000 34.000 34.000 68.000 68.000 64.000 64.000 66.000 58.000 60.000 68.000 68.000 64.000 64.000 66.000 67.000 65.000 66.000 66.000 64.000 64.000 71.000 71.000 71.000 71.000 70.000 70.000 71.000 75.000 75.000 68.000 68.000
VAdist TRAV13-13*01 68.000 51.000 51.000 56.000 56.000 56.000 43.000 43.000 39.000 39.000 42.000 42.000 27.000 28.000 28.000 29.000 0.000 23.000 24.000 25.000 27.000 27.000 27.000 67.000 67.000 70.000 71.000 69.000 69.000 69.000 72.000 69.000 67.000 65.000 55.000 52.000 52.000 67.000 67.000 63.000 70.000 74.000 74.000 55.000 55.000 46.000 46.000 46.000 57.000 62.000 62.000 58.000 62.000 62.000 62.000 61.000 57.000 66.000 61.000 62.000 65.000 59.000 59.000 65.000 57.000 57.000 62.000 64.000 62.000 61.000 61.000 66.000 61.000 66.000 66.000 61.000 62.000 62.000 42.000 44.000 48.000 48.000 50.000 43.000 47.000 42.000 42.000 45.000 43.000 52.000 56.000 52.000 56.000 59.000 65.000 59.000 62.000 62.000 59.000 61.000 62.000 59.000 59.000 65.000 65.000 58.000 59.000 59.000 60.000 65.000 59.000 58.000 62.000 62.000 63.000 60.000 60.000 59.000 59.000 34.000 34.000 27.000 62.000 65.000 64.000 63.000 63.000 66.000 66.000 65.000 68.000 65.000 51.000 51.000 62.000 62.000 62.000 61.000 59.000 49.000 52.000 52.000 53.000 55.000 52.000 52.000 60.000 60.000 60.000 59.000 60.000 60.000 56.000 57.000 69.000 67.000 65.000 66.000 68.000 67.000 69.000 72.000 65.000 65.000 69.000 68.000 62.000 64.000 68.000 68.000 69.000 72.000 68.000 71.000 65.000 65.000 66.000 63.000 67.000 66.000 63.000 67.000 30.000 30.000 68.000 68.000 61.000 64.000 70.000 66.000 68.000 72.000 72.000 68.000 68.000 70.000 67.000 70.000 70.000 70.000 61.000 64.000 64.000 64.000 64.000 64.000 67.000 67.000 64.000 64.000 64.000 64.000 64.000
VAdist TRAV13-14*01 72.000 55.000 55.000 60.000 60.000 60.000 40.000 40.000 44.000 40.000 39.000 39.000 15.000 16.000 16.000 20.000 23.000 0.000 23.000 19.000 15.000 15.000 15.000 63.000 62.000 65.000 69.000 64.000 64.000 64.000 70.000 64.000 66.000 64.000 58.000 55.000 55.000 66.000 66.000 62.000 69.000 73.000 73.000 56.000 56.000 43.000 43.000 43.000 58.000 65.000 58.000 56.000 54.000 54.000 60.000 57.000 58.000 61.000 57.000 60.000 58.000 60.000 60.000 58.000 62.000 62.000 54.000 68.000 58.000 61.000 57.000 62.000 54.000 61.000 61.000 54.000 54.000 58.000 38.000 35.000 44.000 44.000 49.000 42.000 46.000 38.000 38.000 36.000 42.000 56.000 57.000 56.000 57.000 59.000 65.000 67.000 62.000 62.000 59.000 63.000 62.000 67.000 67.000 65.000 65.000 59.000 59.000 59.000 68.000 65.000 67.000 61.000 65.000 65.000 56.000 61.000 61.000 61.000 61.000 38.000 38.000 39.000 61.000 64.000 62.000 60.000 60.000 62.000 62.000 65.000 68.000 64.000 47.000 47.000 63.000 63.000 63.000 64.000 62.000 57.000 53.000 53.000 54.000 54.000 53.000 53.000 58.000 58.000 58.000 58.000 58.000 58.000 55.000 55.000 72.000 70.000 68.000 70.000 71.000 70.000 72.000 75.000 68.000 68.000 72.000 71.000 66.000 67.000 71.000 71.000 72.000 75.000 71.000 75.000 68.000 64.000 66.000 63.000 67.000 62.000 59.000 63.000 27.000 27.000 68.000 68.000 60.000 63.000 66.000 62.000 64.000 72.000 72.000 68.000 68.000 66.000 67.000 65.000 66.000 66.000 60.000 63.000 63.000 63.000 63.000 63.000 66.000 66.000 63.000 67.000 67.000 60.000 60.000
VAdist TRAV13-17*01 64.000 59.000 59.000 57.000 57.000 57.000 44.000 44.000 40.000 36.000 43.000 43.000 30.000 31.000 31.000 8.000 24.000 23.000 0.000 12.000 38.000 38.000 38.000 71.000 70.000 73.000 74.000 72.000 72.000 72.000 75.000 72.000 68.000 67.000 63.000 63.000 63.000 68.000 68.000 64.000 69.000 73.000 73.000 59.000 59.000 40.000 40.000 40.000 60.000 59.000 60.000 58.000 56.000 56.000 62.000 59.000 60.000 63.000 59.000 62.000 60.000 59.000 59.000 60.000 60.000 60.000 56.000 60.000 60.000 59.000 59.000 64.000 56.000 63.000 63.000 56.000 56.000 60.000 41.000 41.000 39.000 39.000 51.000 44.000 48.000 41.000 41.000 42.000 44.000 55.000 56.000 55.000 56.000 61.000 64.000 66.000 61.000 61.000 61.000 70.000 61.000 66.000 66.000 64.000 64.000 61.000 61.000 61.000 67.000 64.000 66.000 66.000 70.000 70.000 66.000 57.000 57.000 57.000 57.000 41.000 41.000 42.000 61.000 64.000 67.000 66.000 66.000 59.000 59.000 68.000 71.000 68.000 53.000 53.000 65.000 65.000 65.000 66.000 64.000 53.000 49.000 49.000 49.000 50.000 49.000 49.000 54.000 54.000 54.000 54.000 54.000 54.000 50.000 50.000 72.000 70.000 76.000 70.000 71.000 70.000 72.000 75.000 76.000 76.000 72.000 71.000 74.000 75.000 71.000 71.000 72.000 67.000 71.000 75.000 76.000 68.000 71.000 68.000 72.000 67.000 64.000 68.000 33.000 33.000 68.000 68.000 64.000 64.000 66.000 58.000 60.000 68.000 68.000 64.000 64.000 66.000 67.000 65.000 66.000 66.000 64.000 64.000 70.000 70.000 70.000 70.000 70.000 70.000 70.000 74.000 74.000 67.000 67.000
VAdist TRAV13-18*01 63.000 54.000 54.000 56.000 56.000 56.000 42.000 42.000 38.000 34.000 41.000 41.000 20.000 21.000 21.000 12.000 25.000 19.000 12.000 0.000 28.000 28.000 28.000 67.000 66.000 69.000 70.000 68.000 68.000 68.000 71.000 68.000 68.000 67.000 58.000 55.000 55.000 69.000 69.000 61.000 70.000 73.000 73.000 57.000 57.000 37.000 37.000 37.000 54.000 57.000 58.000 57.000 50.000 50.000 61.000 57.000 54.000 61.000 57.000 61.000 54.000 56.000 56.000 54.000 54.000 54.000 50.000 60.000 58.000 57.000 57.000 62.000 50.000 61.000 61.000 50.000 50.000 58.000 29.000 29.000 35.000 35.000 43.000 36.000 40.000 29.000 29.000 30.000 36.000 56.000 56.000 56.000 56.000 57.000 63.000 66.000 60.000 60.000 57.000 70.000 60.000 66.000 66.000 63.000 63.000 57.000 57.000 57.000 67.000 63.000 66.000 60.000 64.000 64.000 62.000 55.000 55.000 55.000 55.000 33.000 33.000 37.000 61.000 64.000 63.000 61.000 61.000 59.000 59.000 66.000 69.000 65.000 47.000 47.000 61.000 61.000 61.000 64.000 62.000 52.000 48.000 48.000 49.000 47.000 48.000 48.000 52.000 52.000 52.000 51.000 52.000 52.000 48.000 49.000 66.000 62.000 68.000 64.000 63.000 62.000 64.000 71.000 68.000 68.000 64.000 63.000 66.000 67.000 63.000 63.000 66.000 67.000 67.000 71.000 68.000 67.000 69.000 66.000 70.000 65.000 62.000 66.000 33.000 33.000 68.000 68.000 60.000 63.000 66.000 62.000 64.000 72.000 72.000 68.000 68.000 66.000 67.000 65.000 66.000 66.000 60.000 63.000 70.000 70.000 70.000 70.000 69.000 69.000 70.000 74.000 74.000 67.000 67.000
VAdist TRAV13-2*01 75.000 56.000 56.000 63.000 63.000 63.000 38.000 38.000 42.000 46.000 41.000 41.000 10.000 7.000 7.000 35.000 27.000 15.000 38.000 28.000 0.000 0.000 10.000 65.000 65.000 69.000 72.000 68.000 68.000 68.000 74.000 68.000 69.000 67.000 58.000 55.000 55.000 67.000 67.000 61.000 72.000 72.000 72.000 60.000 56.000 51.000 51.000 51.000 56.000 64.000 59.000 58.000 56.000 56.000 62.000 58.000 56.000 60.000 58.000 62.000 60.000 58.000 58.000 60.000 60.000 60.000 56.000 66.000 56.000 59.000 55.000 60.000 56.000 60.000 60.000 56.000 56.000 56.000 40.000 41.000 50.000 50.000 48.000 44.000 48.000 40.000 40.000 42.000 44.000 58.000 58.000 58.000 58.000 60.000 66.000 65.000 63.000 63.000 60.000 61.000 63.000 65.000 65.000 66.000 66.000 60.000 60.000 60.000 66.000 66.000 65.000 60.000 64.000 64.000 57.000 62.000 62.000 62.000 62.000 42.000 42.000 41.000 65.000 62.000 66.000 64.000 64.000 62.000 62.000 69.000 72.000 68.000 49.000 49.000 63.000 63.000 63.000 62.000 60.000 58.000 58.000 58.000 59.000 58.000 58.000 58.000 61.000 61.000 61.000 62.000 61.000 61.000 59.000 58.000 68.000 68.000 66.000 66.000 69.000 68.000 70.000 73.000 65.000 65.000 70.000 69.000 64.000 65.000 69.000 69.000 68.000 73.000 71.000 73.000 66.000 68.000 61.000 62.000 66.000 65.000 66.000 66.000 39.000 39.000 68.000 68.000 63.000 66.000 66.000 70.000 71.000 68.000 68.000 64.000 71.000 66.000 67.000 70.000 66.000 66.000 63.000 66.000 64.000 64.000 64.000 64.000 66.000 66.000 64.000 67.000 67.000 64.000 64.000
VAdist TRAV13-2D*01 75.000 56.000 56.000 63.000 63.000 63.000 38.000 38.000 42.000 46.000 41.000 41.000 10.000 7.000 7.000 35.000 27.000 15.000 38.000 28.000 0.000 0.000 10.000 65.000 65.000 69.000 72.000 68.000 68.000 68.000 74.000 68.000 69.000 67.000 58.000 55.000 55.000 67.000 67.000 61.000 72.000 72.000 72.000 60.000 56.000 51.000 51.000 51.000 56.000 64.000 59.000 58.000 56.000 56.000 62.000 58.000 56.000 60.000 58.000 62.000 60.000 58.000 58.000 60.000 60.000 60.000 56.000 66.000 56.000 59.000 55.000 60.000 56.000 60.000 60.000 56.000 56.000 56.000 40.000 41.000 50.000 50.000 48.000 44.000 48.000 40.000 40.000 42.000 44.000 58.000 58.000 58.000 58.000 60.000 66.000 65.000 63.000 63.000 60.000 61.000 63.000 65.000 65.000 66.000 66.000 60.000 60.000 60.000 66.000 66.000 65.000 60.000 64.000 64.000 57.000 62.000 62.000 62.000 62.000 42.000 42.000 41.000 65.000 62.000 66.000 64.000 64.000 62.000 62.000 69.000 72.000 68.000 49.000 49.000 63.000 63.000 63.000 62.000 60.000 58.000 58.000 58.000 59.000 58.000 58.000 58.000 61.000 61.000 61.000 62.000 61.000 61.000 59.000 58.000 68.000 68.000 66.000 66.000 69.000 68.000 70.000 73.000 65.000 65.000 70.000 69.000 64.000 65.000 69.000 69.000 68.000 73.000 71.000 73.000 66.000 68.000 61.000 62.000 66.000 65.000 66.000 66.000 39.000 39.000 68.000 68.000 63.000 66.000 66.000 70.000 71.000 68.000 68.000 64.000 71.000 66.000 67.000 70.000 66.000 66.000 63.000 66.000 64.000 64.000 64.000 64.000 66.000 66.000 64.000 67.000 67.000 64.000 64.000
VAdist TRAV13S1*01 73.000 56.000 56.000 60.000 60.000 60.000 42.000 42.000 46.000 46.000 37.000 37.000 11.000 11.000 11.000 35.000 27.000 15.000 38.000 28.000 10.000 10.000 0.000 63.000 63.000 66.000 70.000 65.000 65.000 65.000 71.000 65.000 67.000 65.000 57.000 54.000 54.000 62.000 62.000 56.000 70.000 74.000 74.000 57.000 57.000 51.000 51.000 51.000 56.000 64.000 59.000 58.000 56.000 56.000 62.000 58.000 56.000 60.000 58.000 62.000 60.000 58.000 58.000 60.000 60.000 60.000 56.000 66.000 56.000 56.000 52.000 60.000 56.000 60.000 60.000 56.000 56.000 56.000 34.000 38.000 47.000 47.000 45.000 38.000 42.000 34.000 34.000 39.000 38.000 58.000 58.000 58.000 58.000 62.000 65.000 67.000 62.000 62.000 59.000 63.000 62.000 67.000 67.000 65.000 65.000 62.000 59.000 59.000 68.000 65.000 67.000 58.000 62.000 62.000 56.000 62.000 62.000 62.000 62.000 37.000 37.000 42.000 62.000 65.000 63.000 63.000 63.000 64.000 64.000 66.000 69.000 65.000 49.000 49.000 63.000 63.000 63.000 60.000 60.000 61.000 61.000 61.000 62.000 61.000 61.000 61.000 61.000 61.000 61.000 62.000 61.000 61.000 62.000 61.000 68.000 68.000 66.000 67.000 69.000 69.000 70.000 73.000 66.000 66.000 70.000 70.000 65.000 66.000 69.000 69.000 69.000 73.000 71.000 73.000 66.000 65.000 66.000 63.000 67.000 62.000 59.000 63.000 39.000 39.000 67.000 67.000 60.000 63.000 65.000 66.000 68.000 68.000 68.000 64.000 68.000 65.000 66.000 70.000 66.000 65.000 60.000 63.000 64.000 64.000 64.000 64.000 66.000 66.000 64.000 67.000 67.000 64.000 64.000
VAdist TRAV14-1*01 76.000 78.000 78.000 67.000 67.000 67.000 68.000 68.000 68.000 69.000 68.000 68.000 63.000 62.000 62.000 71.000 67.000 63.000 71.000 67.000 65.000 65.000 63.000 0.000 4.000 38.000 15.000 30.000 30.000 30.000 24.000 30.000 70.000 70.000 70.000 67.000 67.000 66.000 66.000 70.000 43.000 70.000 70.000 72.000 70.000 66.000 66.000 66.000 74.000 66.000 77.000 77.000 74.000 74.000 77.000 77.000 74.000 66.000 77.000 77.000 73.000 75.000 75.000 70.000 73.000 73.000 73.000 72.000 70.000 74.000 74.000 66.000 73.000 66.000 66.000 73.000 73.000 70.000 70.000 70.000 74.000 74.000 74.000 70.000 69.000 70.000 70.000 71.000 70.000 82.000 78.000 82.000 78.000 75.000 70.000 74.000 74.000 74.000 68.000 74.000 74.000 74.000 74.000 73.000 73.000 75.000 68.000 68.000 75.000 70.000 74.000 59.000 63.000 63.000 68.000 74.000 74.000 74.000 74.000 70.000 70.000 70.000 70.000 73.000 45.000 77.000 77.000 73.000 73.000 38.000 39.000 36.000 72.000 72.000 71.000 71.000 71.000 77.000 77.000 74.000 74.000 77.000 78.000 74.000 77.000 77.000 77.000 77.000 77.000 74.000 77.000 77.000 75.000 75.000 72.000 71.000 72.000 75.000 71.000 71.000 72.000 79.000 67.000 67.000 72.000 72.000 71.000 72.000 71.000 71.000 71.000 75.000 72.000 79.000 72.000 67.000 70.000 74.000 71.000 69.000 66.000 72.000 67.000 67.000 74.000 74.000 61.000 64.000 73.000 69.000 71.000 66.000 66.000 70.000 70.000 73.000 73.000 73.000 73.000 73.000 61.000 64.000 78.000 78.000 78.000 78.000 73.000 73.000 74.000 78.000 78.000 78.000 78.000
VAdist TRAV14-10*01 72.000 74.000 74.000 69.000 69.000 69.000 64.000 64.000 64.000 65.000 64.000 64.000 63.000 62.000 62.000 70.000 67.000 62.000 70.000 66.000 65.000 65.000 63.000 4.000 0.000 34.000 11.000 26.000 26.000 26.000 20.000 26.000 66.000 66.000 70.000 67.000 67.000 62.000 62.000 66.000 42.000 66.000 66.000 68.000 66.000 62.000 62.000 62.000 74.000 62.000 73.000 73.000 74.000 74.000 73.000 73.000 74.000 62.000 73.000 73.000 73.000 75.000 75.000 70.000 73.000 73.000 73.000 72.000 70.000 74.000 74.000 66.000 73.000 62.000 62.000 73.000 73.000 70.000 66.000 66.000 70.000 70.000 70.000 66.000 65.000 66.000 66.000 67.000 66.000 78.000 74.000 78.000 74.000 74.000 69.000 74.000 73.000 73.000 67.000 74.000 73.000 74.000 74.000 72.000 72.000 74.000 67.000 67.000 75.000 69.000 74.000 59.000 63.000 63.000 67.000 70.000 70.000 70.000 70.000 69.000 69.000 70.000 66.000 69.000 41.000 76.000 76.000 72.000 72.000 34.000 35.000 32.000 71.000 71.000 71.000 71.000 71.000 77.000 77.000 74.000 73.000 76.000 77.000 73.000 76.000 76.000 76.000 76.000 76.000 73.000 76.000 76.000 74.000 74.000 72.000 71.000 72.000 75.000 71.000 71.000 72.000 79.000 67.000 67.000 72.000 72.000 71.000 72.000 71.000 71.000 71.000 75.000 72.000 79.000 72.000 66.000 69.000 74.000 70.000 68.000 65.000 71.000 63.000 63.000 74.000 74.000 57.000 60.000 73.000 65.000 67.000 66.000 66.000 70.000 66.000 73.000 73.000 69.000 73.000 73.000 57.000 60.000 74.000 74.000 74.000 74.000 73.000 73.000 70.000 78.000 78.000 77.000 77.000
VAdist TRAV14-11*01 76.000 68.000 68.000 63.000 63.000 63.000 70.000 70.000 70.000 70.000 69.000 69.000 66.000 66.000 66.000 73.000 70.000 65.000 73.000 69.000 69.000 69.000 66.000 38.000 34.000 0.000 34.000 8.000 8.000 8.000 37.000 12.000 73.000 73.000 75.000 72.000 72.000 74.000 74.000 78.000 44.000 68.000 68.000 65.000 64.000 66.000 66.000 66.000 78.000 62.000 70.000 70.000 78.000 78.000 70.000 70.000 78.000 66.000 70.000 70.000 77.000 79.000 79.000 74.000 77.000 77.000 77.000 76.000 74.000 74.000 74.000 70.000 77.000 66.000 66.000 77.000 77.000 74.000 65.000 67.000 71.000 71.000 69.000 65.000 64.000 65.000 65.000 68.000 65.000 75.000 71.000 75.000 71.000 75.000 72.000 71.000 76.000 76.000 70.000 71.000 75.000 71.000 71.000 74.000 75.000 74.000 69.000 69.000 72.000 72.000 71.000 70.000 71.000 71.000 70.000 59.000 59.000 62.000 62.000 68.000 68.000 72.000 69.000 72.000 41.000 77.000 77.000 69.000 69.000 53.000 57.000 52.000 71.000 71.000 74.000 74.000 74.000 75.000 75.000 68.000 67.000 70.000 71.000 67.000 70.000 70.000 70.000 70.000 70.000 67.000 70.000 70.000 68.000 68.000 80.000 80.000 80.000 76.000 80.000 80.000 80.000 84.000 80.000 80.000 80.000 80.000 80.000 80.000 80.000 80.000 80.000 84.000 80.000 84.000 80.000 76.000 71.000 78.000 71.000 76.000 69.000 74.000 66.000 66.000 76.000 76.000 61.000 64.000 70.000 69.000 71.000 74.000 74.000 78.000 67.000 70.000 75.000 66.000 70.000 70.000 61.000 64.000 78.000 78.000 78.000 78.000 83.000 83.000 78.000 82.000 82.000 81.000 81.000
VAdist TRAV14-12*01 72.000 74.000 74.000 66.000 66.000 66.000 68.000 68.000 68.000 69.000 68.000 68.000 70.000 69.000 69.000 74.000 71.000 69.000 74.000 70.000 72.000 72.000 70.000 15.000 11.000 34.000 0.000 26.000 26.000 26.000 9.000 26.000 70.000 70.000 69.000 66.000 66.000 66.000 66.000 70.000 38.000 66.000 66.000 68.000 66.000 59.000 59.000 59.000 74.000 62.000 73.000 73.000 74.000 74.000 73.000 73.000 74.000 62.000 73.000 73.000 73.000 75.000 75.000 70.000 73.000 73.000 73.000 72.000 70.000 74.000 74.000 66.000 73.000 62.000 62.000 73.000 73.000 70.000 66.000 66.000 70.000 70.000 70.000 66.000 65.000 66.000 66.000 67.000 66.000 78.000 74.000 78.000 74.000 74.000 69.000 74.000 73.000 73.000 67.000 74.000 73.000 74.000 74.000 72.000 72.000 74.000 67.000 67.000 75.000 69.000 74.000 63.000 63.000 63.000 70.000 70.000 70.000 70.000 70.000 69.000 69.000 70.000 69.000 72.000 38.000 76.000 76.000 72.000 72.000 31.000 32.000 30.000 75.000 75.000 75.000 75.000 75.000 77.000 77.000 74.000 73.000 76.000 77.000 73.000 76.000 76.000 76.000 76.000 76.000 73.000 76.000 76.000 74.000 74.000 72.000 72.000 72.000 76.000 72.000 72.000 72.000 80.000 67.000 67.000 72.000 72.000 72.000 72.000 72.000 72.000 72.000 76.000 72.000 80.000 72.000 66.000 70.000 74.000 71.000 69.000 66.000 71.000 67.000 67.000 78.000 78.000 60.000 63.000 70.000 63.000 65.000 70.000 70.000 74.000 64.000 70.000 77.000 66.000 70.000 70.000 60.000 63.000 74.000 74.000 74.000 74.000 73.000 73.000 70.000 78.000 78.000 77.000 77.000
VAdist TRAV14-2*01 72.000 70.000 70.000 63.000 63.000 63.000 69.000 69.000 69.000 69.000 68.000 68.000 65.000 65.000 65.000 72.000 69.000 64.000 72.000 68.000 68.000 68.000 65.000 30.000 26.000 8.000 26.000 0.000 0.000 0.000 33.000 4.000 73.000 73.000 74.000 71.000 71.000 73.000 73.000 77.000 43.000 72.000 72.000 68.000 67.000 62.000 62.000 62.000 74.000 62.000 70.000 70.000 74.000 74.000 70.000 70.000 74.000 62.000 70.000 70.000 73.000 75.000 75.000 70.000 73.000 73.000 73.000 72.000 70.000 74.000 74.000 66.000 73.000 62.000 62.000 73.000 73.000 70.000 64.000 66.000 70.000 70.000 68.000 64.000 63.000 64.000 64.000 67.000 64.000 74.000 70.000 74.000 70.000 74.000 71.000 70.000 75.000 75.000 69.000 70.000 74.000 70.000 70.000 73.000 74.000 73.000 68.000 68.000 71.000 71.000 70.000 66.000 67.000 67.000 69.000 63.000 63.000 66.000 66.000 67.000 67.000 71.000 72.000 75.000 37.000 76.000 76.000 72.000 72.000 48.000 49.000 47.000 73.000 73.000 70.000 70.000 70.000 75.000 75.000 68.000 67.000 70.000 71.000 67.000 70.000 70.000 70.000 70.000 70.000 67.000 70.000 70.000 68.000 68.000 76.000 76.000 76.000 72.000 76.000 76.000 76.000 80.000 76.000 76.000 76.000 76.000 76.000 76.000 76.000 76.000 76.000 80.000 76.000 80.000 76.000 76.000 67.000 78.000 67.000 76.000 69.000 74.000 65.000 65.000 75.000 75.000 60.000 63.000 70.000 68.000 70.000 74.000 74.000 78.000 66.000 70.000 74.000 66.000 70.000 70.000 60.000 63.000 77.000 77.000 77.000 77.000 78.000 78.000 73.000 81.000 81.000 80.000 80.000
VAdist TRAV14-2D*01 72.000 70.000 70.000 63.000 63.000 63.000 69.000 69.000 69.000 69.000 68.000 68.000 65.000 65.000 65.000 72.000 69.000 64.000 72.000 68.000 68.000 68.000 65.000 30.000 26.000 8.000 26.000 0.000 0.000 0.000 33.000 4.000 73.000 73.000 74.000 71.000 71.000 73.000 73.000 77.000 43.000 72.000 72.000 68.000 67.000 62.000 62.000 62.000 74.000 62.000 70.000 70.000 74.000 74.000 70.000 70.000 74.000 62.000 70.000 70.000 73.000 75.000 75.000 70.000 73.000 73.000 73.000 72.000 70.000 74.000 74.000 66.000 73.000 62.000 62.000 73.000 73.000 70.000 64.000 66.000 70.000 70.000 68.000 64.000 63.000 64.000 64.000 67.000 64.000 74.000 70.000 74.000 70.000 74.000 71.000 70.000 75.000 75.000 69.000 70.000 74.000 70.000 70.000 73.000 74.000 73.000 68.000 68.000 71.000 71.000 70.000 66.000 67.000 67.000 69.000 63.000 63.000 66.000 66.000 67.000 67.000 71.000 72.000 75.000 37.000 76.000 76.000 72.000 72.000 48.000 49.000 47.000 73.000 73.000 70.000 70.000 70.000 75.000 75.000 68.000 67.000 70.000 71.000 67.000 70.000 70.000 70.000 70.000 70.000 67.000 70.000 70.000 68.000 68.000 76.000 76.000 76.000 72.000 76.000 76.000 76.000 80.000 76.000 76.000 76.000 76.000 76.000 76.000 76.000 76.000 76.000 80.000 76.000 80.000 76.000 76.000 67.000 78.000 67.000 76.000 69.000 74.000 65.000 65.000 75.000 75.000 60.000 63.000 70.000 68.000 70.000 74.000 74.000 78.000 66.000 70.000 74.000 66.000 70.000 70.000 60.000 63.000 77.000 77.000 77.000 77.000 78.000 78.000 73.000 81.000 81.000 80.000 80.000
VAdist TRAV14-7*01 72.000 70.000 70.000 63.000 63.000 63.000 69.000 69.000 69.000 69.000 68.000 68.000 65.000 65.000 65.000 72.000 69.000 64.000 72.000 68.000 68.000 68.000 65.000 30.000 26.000 8.000 26.000 0.000 0.000 0.000 33.000 4.000 73.000 73.000 74.000 71.000 71.000 73.000 73.000 77.000 43.000 72.000 72.000 68.000 67.000 62.000 62.000 62.000 74.000 62.000 70.000 70.000 74.000 74.000 70.000 70.000 74.000 62.000 70.000 70.000 73.000 75.000 75.000 70.000 73.000 73.000 73.000 72.000 70.000 74.000 74.000 66.000 73.000 62.000 62.000 73.000 73.000 70.000 64.000 66.000 70.000 70.000 68.000 64.000 63.000 64.000 64.000 67.000 64.000 74.000 70.000 74.000 70.000 74.000 71.000 70.000 75.000 75.000 69.000 70.000 74.000 70.000 70.000 73.000 74.000 73.000 68.000 68.000 71.000 71.000 70.000 66.000 67.000 67.000 69.000 63.000 63.000 66.000 66.000 67.000 67.000 71.000 72.000 75.000 37.000 76.000 76.000 72.000 72.000 48.000 49.000 47.000 73.000 73.000 70.000 70.000 70.000 75.000 75.000 68.000 67.000 70.000 71.000 67.000 70.000 70.000 70.000 70.000 70.000 67.000 70.000 70.000 68.000 68.000 76.000 76.000 76.000 72.000 76.000 76.000 76.000 80.000 76.000 76.000 76.000 76.000 76.000 76.000 76.000 76.000 76.000 80.000 76.000 80.000 76.000 76.000 67.000 78.000 67.000 76.000 69.000 74.000 65.000 65.000 75.000 75.000 60.000 63.000 70.000 68.000 70.000 74.000 74.000 78.000 66.000 70.000 74.000 66.000 70.000 70.000 60.000 63.000 77.000 77.000 77.000 77.000 78.000 78.000 73.000 81.000 81.000 80.000 80.000
VAdist TRAV14-8*01 72.000 75.000 75.000 64.000 64.000 64.000 70.000 70.000 70.000 70.000 69.000 69.000 71.000 71.000 71.000 75.000 72.000 70.000 75.000 71.000 74.000 74.000 71.000 24.000 20.000 37.000 9.000 33.000 33.000 33.000 0.000 33.000 70.000 70.000 69.000 66.000 66.000 66.000 66.000 70.000 42.000 67.000 67.000 68.000 67.000 63.000 63.000 63.000 74.000 62.000 73.000 73.000 74.000 74.000 73.000 73.000 74.000 62.000 73.000 73.000 73.000 75.000 75.000 70.000 73.000 73.000 73.000 72.000 70.000 74.000 74.000 66.000 73.000 62.000 62.000 73.000 73.000 70.000 67.000 67.000 71.000 71.000 71.000 67.000 65.000 67.000 67.000 68.000 67.000 78.000 74.000 78.000 74.000 70.000 65.000 70.000 69.000 69.000 63.000 70.000 69.000 70.000 70.000 68.000 68.000 70.000 67.000 67.000 71.000 65.000 70.000 59.000 59.000 59.000 66.000 70.000 70.000 70.000 70.000 70.000 70.000 71.000 68.000 71.000 37.000 72.000 72.000 73.000 73.000 33.000 37.000 32.000 76.000 76.000 71.000 71.000 71.000 77.000 77.000 74.000 73.000 76.000 77.000 73.000 76.000 76.000 76.000 76.000 76.000 73.000 76.000 76.000 74.000 74.000 68.000 68.000 68.000 72.000 68.000 68.000 68.000 80.000 65.000 65.000 68.000 68.000 68.000 68.000 68.000 70.000 68.000 74.000 68.000 80.000 68.000 66.000 71.000 74.000 71.000 69.000 66.000 71.000 68.000 68.000 78.000 78.000 60.000 63.000 70.000 63.000 65.000 70.000 70.000 74.000 61.000 70.000 77.000 66.000 70.000 70.000 60.000 63.000 75.000 75.000 75.000 75.000 72.000 72.000 71.000 79.000 79.000 78.000 78.000
VAdist TRAV14S1*01 72.000 70.000 70.000 63.000 63.000 63.000 69.000 69.000 69.000 69.000 68.000 68.000 65.000 65.000 65.000 72.000 69.000 64.000 72.000 68.000 68.000 68.000 65.000 30.000 26.000 12.000 26.000 4.000 4.000 4.000 33.000 0.000 73.000 73.000 74.000 71.000 71.000 73.000 73.000 77.000 43.000 72.000 72.000 68.000 67.000 62.000 62.000 62.000 74.000 62.000 70.000 70.000 74.000 74.000 70.000 70.000 74.000 62.000 70.000 70.000 73.000 75.000 75.000 70.000 73.000 73.000 73.000 72.000 70.000 74.000 74.000 66.000 73.000 62.000 62.000 73.000 73.000 70.000 64.000 66.000 70.000 70.000 68.000 64.000 63.000 64.000 64.000 67.000 64.000 74.000 70.000 74.000 70.000 74.000 71.000 70.000 75.000 75.000 69.000 70.000 74.000 70.000 70.000 73.000 74.000 73.000 68.000 68.000 71.000 71.000 70.000 66.000 67.000 67.000 69.000 63.000 63.000 66.000 66.000 67.000 67.000 71.000 72.000 75.000 41.000 76.000 76.000 72.000 72.000 48.000 49.000 47.000 73.000 73.000 70.000 70.000 70.000 75.000 75.000 68.000 67.000 70.000 71.000 67.000 70.000 70.000 70.000 70.000 70.000 67.000 70.000 70.000 68.000 68.000 76.000 76.000 76.000 72.000 76.000 76.000 76.000 80.000 72.000 72.000 76.000 76.000 76.000 76.000 76.000 76.000 76.000 80.000 76.000 80.000 76.000 76.000 67.000 78.000 67.000 76.000 69.000 74.000 65.000 65.000 75.000 75.000 60.000 63.000 70.000 68.000 70.000 74.000 74.000 78.000 66.000 70.000 74.000 66.000 70.000 70.000 60.000 63.000 77.000 77.000 77.000 77.000 78.000 78.000 73.000 81.000 81.000 80.000 80.000
VAdist TRAV16*01 52.000 65.000 65.000 73.000 72.000 73.000 61.000 61.000 61.000 61.000 61.000 61.000 67.000 67.000 67.000 68.000 67.000 66.000 68.000 68.000 69.000 69.000 67.000 70.000 66.000 73.000 70.000 73.000 73.000 73.000 70.000 73.000 0.000 2.000 70.000 70.000 70.000 57.000 58.000 57.000 71.000 52.000 52.000 70.000 70.000 69.000 69.000 69.000 64.000 60.000 60.000 60.000 64.000 64.000 60.000 60.000 64.000 56.000 60.000 60.000 64.000 64.000 64.000 64.000 64.000 64.000 64.000 64.000 64.000 64.000 64.000 60.000 64.000 56.000 56.000 64.000 64.000 64.000 67.000 67.000 66.000 66.000 66.000 67.000 67.000 67.000 67.000 68.000 67.000 66.000 66.000 66.000 66.000 71.000 70.000 75.000 71.000 71.000 75.000 75.000 71.000 75.000 75.000 74.000 74.000 75.000 75.000 75.000 72.000 70.000 75.000 60.000 64.000 64.000 67.000 59.000 59.000 59.000 59.000 66.000 66.000 68.000 52.000 54.000 72.000 74.000 74.000 67.000 67.000 77.000 77.000 76.000 70.000 70.000 67.000 67.000 67.000 58.000 58.000 63.000 62.000 62.000 62.000 62.000 62.000 62.000 62.000 62.000 62.000 62.000 62.000 62.000 62.000 62.000 63.000 63.000 67.000 70.000 62.000 66.000 63.000 62.000 67.000 67.000 63.000 67.000 66.000 67.000 62.000 61.000 66.000 61.000 64.000 62.000 63.000 66.000 63.000 66.000 59.000 68.000 67.000 68.000 63.000 63.000 69.000 69.000 53.000 53.000 68.000 62.000 60.000 58.000 58.000 58.000 58.000 68.000 68.000 58.000 62.000 68.000 53.000 53.000 53.000 53.000 53.000 53.000 65.000 65.000 53.000 58.000 58.000 64.000 60.000
VAdist TRAV16*02 52.000 63.000 63.000 72.000 71.000 72.000 61.000 61.000 61.000 61.000 61.000 61.000 65.000 65.000 65.000 68.000 65.000 64.000 67.000 67.000 67.000 67.000 65.000 70.000 66.000 73.000 70.000 73.000 73.000 73.000 70.000 73.000 2.000 0.000 70.000 70.000 70.000 55.000 56.000 55.000 71.000 52.000 52.000 69.000 69.000 68.000 68.000 68.000 64.000 60.000 60.000 60.000 64.000 64.000 60.000 60.000 64.000 56.000 60.000 60.000 64.000 64.000 64.000 64.000 64.000 64.000 64.000 64.000 64.000 64.000 64.000 60.000 64.000 56.000 56.000 64.000 64.000 64.000 66.000 66.000 65.000 65.000 65.000 66.000 66.000 66.000 66.000 67.000 66.000 65.000 65.000 65.000 65.000 71.000 70.000 75.000 71.000 71.000 75.000 75.000 71.000 75.000 75.000 74.000 74.000 75.000 75.000 75.000 72.000 70.000 75.000 60.000 64.000 64.000 67.000 59.000 59.000 59.000 59.000 64.000 64.000 66.000 52.000 54.000 72.000 74.000 74.000 66.000 66.000 77.000 77.000 76.000 70.000 70.000 67.000 67.000 67.000 58.000 58.000 63.000 62.000 62.000 62.000 62.000 62.000 62.000 62.000 62.000 62.000 62.000 62.000 62.000 62.000 62.000 63.000 63.000 67.000 70.000 62.000 66.000 63.000 62.000 67.000 67.000 63.000 67.000 66.000 67.000 62.000 61.000 66.000 61.000 64.000 62.000 63.000 68.000 61.000 64.000 57.000 66.000 65.000 66.000 61.000 61.000 69.000 69.000 53.000 53.000 68.000 62.000 60.000 58.000 58.000 58.000 58.000 68.000 68.000 58.000 62.000 68.000 53.000 53.000 51.000 51.000 51.000 51.000 63.000 63.000 51.000 56.000 56.000 62.000 58.000
VAdist TRAV17-1*01 69.000 61.000 61.000 59.000 59.000 59.000 70.000 70.000 68.000 68.000 67.000 67.000 57.000 58.000 58.000 61.000 55.000 58.000 63.000 58.000 58.000 58.000 57.000 70.000 70.000 75.000 69.000 74.000 74.000 74.000 69.000 74.000 70.000 70.000 0.000 3.000 3.000 57.000 57.000 57.000 69.000 66.000 66.000 67.000 63.000 52.000 52.000 52.000 62.000 67.000 64.000 67.000 68.000 68.000 68.000 64.000 62.000 67.000 64.000 69.000 67.000 63.000 63.000 66.000 62.000 62.000 68.000 69.000 67.000 67.000 67.000 67.000 66.000 67.000 67.000 66.000 68.000 67.000 58.000 59.000 64.000 62.000 62.000 62.000 63.000 58.000 58.000 62.000 62.000 57.000 58.000 57.000 58.000 68.000 61.000 57.000 65.000 65.000 67.000 55.000 65.000 57.000 57.000 62.000 62.000 64.000 64.000 66.000 61.000 61.000 57.000 68.000 68.000 68.000 63.000 64.000 64.000 60.000 60.000 61.000 61.000 60.000 70.000 70.000 68.000 68.000 68.000 63.000 63.000 77.000 77.000 77.000 56.000 56.000 73.000 73.000 73.000 68.000 68.000 59.000 63.000 64.000 61.000 64.000 64.000 64.000 64.000 64.000 64.000 63.000 64.000 64.000 61.000 61.000 70.000 62.000 66.000 70.000 66.000 69.000 66.000 71.000 64.000 64.000 70.000 65.000 66.000 65.000 70.000 70.000 65.000 67.000 62.000 72.000 66.000 66.000 66.000 61.000 67.000 64.000 64.000 62.000 65.000 65.000 70.000 70.000 63.000 62.000 64.000 59.000 59.000 66.000 66.000 67.000 59.000 64.000 67.000 64.000 64.000 64.000 63.000 62.000 64.000 64.000 64.000 64.000 60.000 60.000 64.000 61.000 61.000 68.000 68.000
VAdist TRAV17-2*01 69.000 58.000 58.000 59.000 59.000 59.000 67.000 67.000 65.000 65.000 64.000 64.000 54.000 55.000 55.000 61.000 52.000 55.000 63.000 55.000 55.000 55.000 54.000 67.000 67.000 72.000 66.000 71.000 71.000 71.000 66.000 71.000 70.000 70.000 3.000 0.000 0.000 57.000 57.000 57.000 69.000 66.000 66.000 64.000 60.000 51.000 51.000 51.000 61.000 66.000 63.000 66.000 67.000 67.000 67.000 63.000 61.000 66.000 63.000 68.000 66.000 63.000 63.000 65.000 61.000 61.000 67.000 69.000 66.000 66.000 66.000 66.000 65.000 66.000 66.000 65.000 67.000 66.000 55.000 56.000 64.000 62.000 59.000 59.000 60.000 55.000 55.000 59.000 59.000 57.000 58.000 57.000 58.000 65.000 64.000 60.000 68.000 68.000 64.000 58.000 68.000 60.000 60.000 65.000 65.000 61.000 61.000 63.000 64.000 64.000 60.000 65.000 65.000 65.000 60.000 63.000 63.000 59.000 59.000 58.000 58.000 57.000 70.000 70.000 65.000 65.000 65.000 63.000 63.000 74.000 74.000 74.000 55.000 55.000 70.000 70.000 70.000 67.000 67.000 58.000 62.000 63.000 64.000 63.000 63.000 63.000 63.000 63.000 63.000 62.000 63.000 63.000 64.000 64.000 67.000 59.000 63.000 67.000 63.000 66.000 63.000 71.000 61.000 61.000 67.000 62.000 63.000 62.000 67.000 67.000 62.000 67.000 59.000 72.000 63.000 65.000 65.000 60.000 66.000 63.000 63.000 61.000 62.000 62.000 70.000 70.000 60.000 63.000 64.000 59.000 59.000 66.000 66.000 67.000 59.000 64.000 67.000 64.000 64.000 64.000 60.000 63.000 64.000 64.000 64.000 64.000 60.000 60.000 64.000 61.000 61.000 68.000 68.000
VAdist TRAV17-2*02 69.000 58.000 58.000 59.000 59.000 59.000 67.000 67.000 65.000 65.000 64.000 64.000 54.000 55.000 55.000 61.000 52.000 55.000 63.000 55.000 55.000 55.000 54.000 67.000 67.000 72.000 66.000 71.000 71.000 71.000 66.000 71.000 70.000 70.000 3.000 0.000 0.000 57.000 57.000 57.000 69.000 66.000 66.000 64.000 60.000 51.000 51.000 51.000 61.000 66.000 63.000 66.000 67.000 67.000 67.000 63.000 61.000 66.000 63.000 68.000 66.000 63.000 63.000 65.000 61.000 61.000 67.000 69.000 66.000 66.000 66.000 66.000 65.000 66.000 66.000 65.000 67.000 66.000 55.000 56.000 64.000 62.000 59.000 59.000 60.000 55.000 55.000 59.000 59.000 57.000 58.000 57.000 58.000 65.000 64.000 60.000 68.000 68.000 64.000 58.000 68.000 60.000 60.000 65.000 65.000 61.000 61.000 63.000 64.000 64.000 60.000 65.000 65.000 65.000 60.000 63.000 63.000 59.000 59.000 58.000 58.000 57.000 70.000 70.000 65.000 65.000 65.000 63.000 63.000 74.000 74.000 74.000 55.000 55.000 70.000 70.000 70.000 67.000 67.000 58.000 62.000 63.000 64.000 63.000 63.000 63.000 63.000 63.000 63.000 62.000 63.000 63.000 64.000 64.000 67.000 59.000 63.000 67.000 63.000 66.000 63.000 71.000 61.000 61.000 67.000 62.000 63.000 62.000 67.000 67.000 62.000 67.000 59.000 72.000 63.000 65.000 65.000 60.000 66.000 63.000 63.000 61.000 62.000 62.000 70.000 70.000 60.000 63.000 64.000 59.000 59.000 66.000 66.000 67.000 59.000 64.000 67.000 64.000 64.000 64.000 60.000 63.000 64.000 64.000 64.000 64.000 60.000 60.000 64.000 61.000 61.000 68.000 68.000
VAdist TRAV18-2*01 56.000 63.000 63.000 70.000 73.000 70.000 57.000 57.000 60.000 60.000 60.000 60.000 67.000 67.000 67.000 69.000 67.000 66.000 68.000 69.000 67.000 67.000 62.000 66.000 62.000 74.000 66.000 73.000 73.000 73.000 66.000 73.000 57.000 55.000 57.000 57.000 57.000 0.000 4.000 12.000 72.000 67.000 67.000 69.000 68.000 66.000 66.000 66.000 69.000 63.000 63.000 63.000 69.000 69.000 64.000 63.000 69.000 61.000 63.000 64.000 69.000 68.000 68.000 66.000 68.000 68.000 68.000 66.000 65.000 65.000 65.000 65.000 68.000 61.000 61.000 68.000 68.000 65.000 66.000 67.000 63.000 63.000 65.000 66.000 66.000 66.000 66.000 70.000 66.000 58.000 58.000 58.000 58.000 62.000 57.000 61.000 63.000 63.000 56.000 61.000 63.000 61.000 61.000 60.000 56.000 66.000 60.000 60.000 65.000 57.000 61.000 71.000 75.000 75.000 64.000 61.000 61.000 61.000 61.000 60.000 60.000 66.000 59.000 59.000 74.000 64.000 64.000 68.000 68.000 74.000 74.000 72.000 69.000 69.000 75.000 75.000 75.000 63.000 63.000 65.000 64.000 67.000 67.000 64.000 67.000 67.000 66.000 66.000 66.000 63.000 66.000 66.000 64.000 64.000 75.000 70.000 71.000 74.000 70.000 74.000 71.000 74.000 71.000 71.000 75.000 71.000 70.000 71.000 74.000 74.000 70.000 69.000 67.000 74.000 71.000 45.000 51.000 55.000 53.000 48.000 48.000 44.000 62.000 62.000 58.000 58.000 50.000 53.000 58.000 58.000 58.000 56.000 56.000 59.000 58.000 58.000 58.000 55.000 59.000 58.000 50.000 50.000 54.000 58.000 54.000 54.000 58.000 58.000 58.000 58.000 58.000 61.000 60.000
VAdist TRAV18S1*01 55.000 64.000 64.000 70.000 73.000 70.000 57.000 57.000 60.000 60.000 60.000 60.000 67.000 67.000 67.000 69.000 67.000 66.000 68.000 69.000 67.000 67.000 62.000 66.000 62.000 74.000 66.000 73.000 73.000 73.000 66.000 73.000 58.000 56.000 57.000 57.000 57.000 4.000 0.000 16.000 72.000 63.000 63.000 69.000 68.000 66.000 66.000 66.000 69.000 63.000 63.000 63.000 69.000 69.000 64.000 63.000 69.000 61.000 63.000 65.000 69.000 68.000 68.000 66.000 68.000 68.000 68.000 66.000 65.000 65.000 65.000 65.000 68.000 61.000 61.000 68.000 68.000 65.000 66.000 67.000 67.000 67.000 65.000 66.000 66.000 66.000 66.000 70.000 66.000 62.000 62.000 62.000 62.000 63.000 58.000 62.000 64.000 64.000 57.000 62.000 64.000 62.000 62.000 61.000 57.000 67.000 61.000 61.000 66.000 58.000 62.000 67.000 71.000 71.000 65.000 62.000 62.000 62.000 62.000 64.000 64.000 66.000 57.000 57.000 74.000 60.000 60.000 66.000 66.000 74.000 74.000 73.000 67.000 67.000 75.000 75.000 75.000 67.000 67.000 66.000 65.000 68.000 68.000 65.000 68.000 68.000 67.000 67.000 67.000 64.000 67.000 67.000 65.000 65.000 71.000 66.000 71.000 70.000 66.000 70.000 71.000 70.000 71.000 71.000 71.000 67.000 70.000 71.000 70.000 70.000 66.000 65.000 63.000 70.000 71.000 49.000 55.000 51.000 57.000 44.000 44.000 48.000 58.000 58.000 56.000 56.000 50.000 53.000 58.000 59.000 59.000 52.000 52.000 55.000 59.000 58.000 56.000 55.000 59.000 58.000 50.000 50.000 55.000 59.000 55.000 55.000 58.000 58.000 59.000 59.000 59.000 59.000 61.000
VAdist TRAV18S2*01 55.000 63.000 63.000 71.000 74.000 71.000 54.000 54.000 57.000 57.000 57.000 57.000 61.000 61.000 61.000 65.000 63.000 62.000 64.000 61.000 61.000 61.000 56.000 70.000 66.000 78.000 70.000 77.000 77.000 77.000 70.000 77.000 57.000 55.000 57.000 57.000 57.000 12.000 16.000 0.000 69.000 67.000 67.000 69.000 69.000 61.000 61.000 61.000 65.000 67.000 64.000 64.000 65.000 65.000 65.000 64.000 65.000 65.000 64.000 65.000 66.000 65.000 65.000 66.000 65.000 65.000 65.000 70.000 69.000 69.000 69.000 69.000 65.000 65.000 65.000 65.000 65.000 69.000 59.000 60.000 56.000 56.000 58.000 59.000 59.000 59.000 59.000 63.000 59.000 58.000 58.000 58.000 58.000 67.000 61.000 65.000 64.000 64.000 64.000 65.000 64.000 65.000 65.000 61.000 61.000 67.000 64.000 64.000 69.000 61.000 65.000 66.000 70.000 70.000 60.000 65.000 65.000 65.000 65.000 53.000 53.000 62.000 60.000 60.000 74.000 67.000 67.000 72.000 72.000 71.000 71.000 69.000 65.000 65.000 70.000 70.000 70.000 64.000 64.000 69.000 68.000 68.000 68.000 67.000 68.000 68.000 67.000 67.000 67.000 66.000 67.000 67.000 67.000 68.000 70.000 63.000 64.000 69.000 63.000 67.000 64.000 67.000 64.000 64.000 68.000 64.000 63.000 64.000 67.000 67.000 68.000 62.000 68.000 67.000 64.000 42.000 48.000 52.000 50.000 49.000 49.000 45.000 58.000 58.000 60.000 60.000 51.000 54.000 60.000 59.000 59.000 67.000 67.000 64.000 59.000 60.000 60.000 56.000 60.000 60.000 51.000 51.000 55.000 59.000 55.000 55.000 55.000 55.000 59.000 59.000 59.000 62.000 61.000
VAdist TRAV19*01 76.000 81.000 81.000 67.000 67.000 67.000 72.000 72.000 70.000 70.000 70.000 70.000 66.000 69.000 69.000 69.000 70.000 69.000 69.000 70.000 72.000 72.000 70.000 43.000 42.000 44.000 38.000 43.000 43.000 43.000 42.000 43.000 71.000 71.000 69.000 69.000 69.000 72.000 72.000 69.000 0.000 70.000 70.000 75.000 74.000 64.000 64.000 64.000 79.000 75.000 75.000 75.000 79.000 79.000 75.000 75.000 79.000 75.000 75.000 79.000 79.000 79.000 79.000 79.000 79.000 79.000 79.000 80.000 80.000 80.000 80.000 76.000 79.000 75.000 75.000 79.000 79.000 80.000 70.000 69.000 69.000 69.000 74.000 70.000 69.000 70.000 70.000 70.000 70.000 78.000 74.000 78.000 74.000 82.000 77.000 81.000 78.000 78.000 78.000 81.000 78.000 81.000 81.000 77.000 77.000 82.000 78.000 78.000 82.000 77.000 81.000 62.000 63.000 63.000 74.000 79.000 79.000 79.000 79.000 73.000 73.000 73.000 62.000 65.000 55.000 83.000 83.000 75.000 75.000 51.000 54.000 51.000 78.000 78.000 77.000 77.000 77.000 82.000 82.000 80.000 80.000 80.000 80.000 80.000 80.000 80.000 76.000 76.000 76.000 76.000 76.000 76.000 80.000 80.000 76.000 76.000 76.000 76.000 76.000 72.000 76.000 80.000 76.000 76.000 76.000 72.000 72.000 72.000 76.000 76.000 74.000 75.000 76.000 80.000 76.000 69.000 71.000 71.000 68.000 67.000 60.000 64.000 69.000 69.000 68.000 68.000 56.000 56.000 59.000 62.000 64.000 73.000 73.000 69.000 64.000 60.000 67.000 58.000 59.000 59.000 56.000 56.000 70.000 70.000 70.000 70.000 73.000 73.000 74.000 71.000 71.000 71.000 71.000
VAdist TRAV2*01 59.000 67.000 67.000 64.000 64.000 64.000 60.000 60.000 60.000 64.000 64.000 64.000 73.000 70.000 70.000 73.000 74.000 73.000 73.000 73.000 72.000 72.000 74.000 70.000 66.000 68.000 66.000 72.000 72.000 72.000 67.000 72.000 52.000 52.000 66.000 66.000 66.000 67.000 63.000 67.000 70.000 0.000 0.000 55.000 55.000 62.000 62.000 62.000 68.000 64.000 64.000 64.000 68.000 68.000 64.000 64.000 68.000 64.000 64.000 64.000 68.000 68.000 68.000 68.000 68.000 68.000 68.000 68.000 68.000 68.000 68.000 68.000 68.000 64.000 64.000 68.000 68.000 68.000 70.000 70.000 70.000 70.000 72.000 70.000 70.000 70.000 70.000 70.000 70.000 71.000 67.000 71.000 67.000 75.000 71.000 76.000 71.000 71.000 71.000 76.000 71.000 76.000 76.000 71.000 71.000 75.000 71.000 71.000 76.000 71.000 76.000 57.000 57.000 57.000 75.000 60.000 60.000 60.000 60.000 71.000 71.000 72.000 65.000 67.000 68.000 71.000 71.000 60.000 60.000 66.000 70.000 69.000 68.000 68.000 68.000 68.000 68.000 64.000 64.000 68.000 67.000 67.000 67.000 67.000 67.000 67.000 67.000 67.000 67.000 67.000 67.000 67.000 67.000 67.000 56.000 57.000 60.000 62.000 59.000 58.000 60.000 59.000 63.000 63.000 56.000 57.000 62.000 59.000 59.000 59.000 58.000 59.000 54.000 59.000 60.000 65.000 66.000 61.000 70.000 63.000 63.000 70.000 66.000 66.000 73.000 73.000 68.000 68.000 71.000 70.000 68.000 67.000 67.000 67.000 68.000 71.000 77.000 68.000 72.000 71.000 68.000 68.000 68.000 68.000 68.000 68.000 70.000 70.000 68.000 70.000 70.000 69.000 71.000
VAdist TRAV2*02 59.000 67.000 67.000 64.000 64.000 64.000 60.000 60.000 60.000 64.000 64.000 64.000 73.000 70.000 70.000 73.000 74.000 73.000 73.000 73.000 72.000 72.000 74.000 70.000 66.000 68.000 66.000 72.000 72.000 72.000 67.000 72.000 52.000 52.000 66.000 66.000 66.000 67.000 63.000 67.000 70.000 0.000 0.000 55.000 55.000 62.000 62.000 62.000 68.000 64.000 64.000 64.000 68.000 68.000 64.000 64.000 68.000 64.000 64.000 64.000 68.000 68.000 68.000 68.000 68.000 68.000 68.000 68.000 68.000 68.000 68.000 68.000 68.000 64.000 64.000 68.000 68.000 68.000 70.000 70.000 70.000 70.000 72.000 70.000 70.000 70.000 70.000 70.000 70.000 71.000 67.000 71.000 67.000 75.000 71.000 76.000 71.000 71.000 71.000 76.000 71.000 76.000 76.000 71.000 71.000 75.000 71.000 71.000 76.000 71.000 76.000 57.000 57.000 57.000 75.000 60.000 60.000 60.000 60.000 71.000 71.000 72.000 65.000 67.000 68.000 71.000 71.000 60.000 60.000 66.000 70.000 69.000 68.000 68.000 68.000 68.000 68.000 64.000 64.000 68.000 67.000 67.000 67.000 67.000 67.000 67.000 67.000 67.000 67.000 67.000 67.000 67.000 67.000 67.000 56.000 57.000 60.000 62.000 59.000 58.000 60.000 59.000 63.000 63.000 56.000 57.000 62.000 59.000 59.000 59.000 58.000 59.000 54.000 59.000 60.000 65.000 66.000 61.000 70.000 63.000 63.000 70.000 66.000 66.000 73.000 73.000 68.000 68.000 71.000 70.000 68.000 67.000 67.000 67.000 68.000 71.000 77.000 68.000 72.000 71.000 68.000 68.000 68.000 68.000 68.000 68.000 70.000 70.000 68.000 70.000 70.000 69.000 71.000
VAdist TRAV20-1*01 62.000 56.000 56.000 57.000 58.000 57.000 56.000 56.000 56.000 56.000 55.000 55.000 61.000 61.000 61.000 65.000 55.000 56.000 59.000 57.000 60.000 60.000 57.000 72.000 68.000 65.000 68.000 68.000 68.000 68.000 68.000 68.000 70.000 69.000 67.000 64.000 64.000 69.000 69.000 69.000 75.000 55.000 55.000 0.000 8.000 59.000 59.000 59.000 67.000 62.000 63.000 62.000 67.000 67.000 62.000 62.000 67.000 62.000 62.000 62.000 67.000 69.000 69.000 67.000 67.000 67.000 67.000 68.000 66.000 66.000 66.000 66.000 67.000 62.000 62.000 67.000 67.000 66.000 45.000 45.000 51.000 55.000 49.000 45.000 47.000 45.000 45.000 45.000 45.000 54.000 54.000 54.000 54.000 60.000 63.000 64.000 63.000 63.000 60.000 64.000 63.000 64.000 64.000 63.000 63.000 60.000 60.000 60.000 64.000 63.000 64.000 70.000 70.000 70.000 64.000 57.000 57.000 61.000 61.000 57.000 56.000 53.000 67.000 70.000 60.000 61.000 61.000 48.000 48.000 67.000 67.000 71.000 57.000 57.000 71.000 71.000 71.000 66.000 66.000 68.000 67.000 67.000 68.000 67.000 67.000 67.000 65.000 65.000 65.000 67.000 65.000 65.000 68.000 66.000 76.000 76.000 65.000 76.000 76.000 76.000 73.000 76.000 69.000 69.000 76.000 76.000 69.000 69.000 76.000 76.000 76.000 80.000 76.000 76.000 69.000 74.000 74.000 70.000 74.000 73.000 70.000 74.000 55.000 55.000 66.000 66.000 66.000 69.000 73.000 68.000 70.000 76.000 76.000 76.000 70.000 73.000 70.000 69.000 73.000 73.000 66.000 69.000 64.000 60.000 64.000 64.000 71.000 71.000 60.000 68.000 68.000 63.000 63.000
VAdist TRAV20-4*01 66.000 56.000 56.000 57.000 58.000 57.000 52.000 52.000 52.000 56.000 55.000 55.000 60.000 57.000 57.000 65.000 55.000 56.000 59.000 57.000 56.000 56.000 57.000 70.000 66.000 64.000 66.000 67.000 67.000 67.000 67.000 67.000 70.000 69.000 63.000 60.000 60.000 68.000 68.000 69.000 74.000 55.000 55.000 8.000 0.000 59.000 59.000 59.000 67.000 61.000 63.000 62.000 67.000 67.000 62.000 62.000 67.000 61.000 62.000 62.000 67.000 69.000 69.000 66.000 67.000 67.000 67.000 67.000 65.000 65.000 65.000 65.000 67.000 61.000 61.000 67.000 67.000 65.000 45.000 45.000 51.000 55.000 49.000 45.000 47.000 45.000 45.000 45.000 45.000 49.000 49.000 49.000 49.000 60.000 62.000 63.000 63.000 63.000 59.000 63.000 63.000 63.000 63.000 63.000 63.000 60.000 59.000 59.000 63.000 62.000 63.000 69.000 69.000 69.000 64.000 56.000 56.000 60.000 60.000 57.000 56.000 53.000 67.000 70.000 61.000 61.000 61.000 43.000 43.000 67.000 67.000 71.000 57.000 57.000 71.000 71.000 71.000 66.000 66.000 67.000 66.000 67.000 68.000 66.000 67.000 67.000 65.000 65.000 65.000 66.000 65.000 65.000 67.000 65.000 76.000 76.000 69.000 75.000 76.000 75.000 73.000 76.000 68.000 68.000 76.000 75.000 68.000 68.000 76.000 76.000 75.000 80.000 76.000 76.000 69.000 74.000 70.000 70.000 74.000 73.000 70.000 74.000 55.000 55.000 66.000 66.000 66.000 69.000 73.000 68.000 70.000 75.000 75.000 76.000 70.000 73.000 70.000 69.000 73.000 73.000 66.000 69.000 60.000 56.000 60.000 60.000 68.000 68.000 56.000 68.000 68.000 67.000 67.000
VAdist TRAV21-2*01 62.000 57.000 57.000 44.000 44.000 44.000 47.000 47.000 43.000 39.000 43.000 43.000 47.000 48.000 48.000 43.000 46.000 43.000 40.000 37.000 51.000 51.000 51.000 66.000 62.000 66.000 59.000 62.000 62.000 62.000 63.000 62.000 69.000 68.000 52.000 51.000 51.000 66.000 66.000 61.000 64.000 62.000 62.000 59.000 59.000 0.000 0.000 0.000 66.000 58.000 63.000 62.000 62.000 62.000 63.000 62.000 66.000 62.000 62.000 63.000 63.000 70.000 70.000 63.000 66.000 66.000 62.000 67.000 66.000 65.000 65.000 66.000 62.000 62.000 62.000 62.000 62.000 66.000 46.000 43.000 47.000 43.000 52.000 47.000 51.000 46.000 46.000 46.000 47.000 56.000 52.000 56.000 52.000 64.000 58.000 62.000 61.000 61.000 60.000 66.000 61.000 62.000 62.000 58.000 58.000 64.000 60.000 60.000 66.000 58.000 62.000 70.000 70.000 70.000 63.000 60.000 60.000 60.000 60.000 46.000 46.000 48.000 64.000 67.000 57.000 69.000 69.000 62.000 62.000 57.000 58.000 57.000 59.000 59.000 71.000 71.000 71.000 64.000 62.000 60.000 59.000 59.000 62.000 59.000 59.000 59.000 63.000 63.000 63.000 63.000 63.000 63.000 62.000 62.000 75.000 71.000 75.000 74.000 75.000 74.000 75.000 77.000 71.000 71.000 75.000 74.000 74.000 74.000 75.000 75.000 77.000 77.000 71.000 77.000 75.000 66.000 65.000 59.000 66.000 62.000 59.000 63.000 43.000 43.000 76.000 76.000 62.000 64.000 68.000 62.000 64.000 77.000 77.000 74.000 68.000 68.000 72.000 64.000 68.000 68.000 62.000 64.000 69.000 69.000 69.000 69.000 64.000 64.000 69.000 70.000 70.000 72.000 72.000
VAdist TRAV21-3*01 62.000 57.000 57.000 44.000 44.000 44.000 47.000 47.000 43.000 39.000 43.000 43.000 47.000 48.000 48.000 43.000 46.000 43.000 40.000 37.000 51.000 51.000 51.000 66.000 62.000 66.000 59.000 62.000 62.000 62.000 63.000 62.000 69.000 68.000 52.000 51.000 51.000 66.000 66.000 61.000 64.000 62.000 62.000 59.000 59.000 0.000 0.000 0.000 66.000 58.000 63.000 62.000 62.000 62.000 63.000 62.000 66.000 62.000 62.000 63.000 63.000 70.000 70.000 63.000 66.000 66.000 62.000 67.000 66.000 65.000 65.000 66.000 62.000 62.000 62.000 62.000 62.000 66.000 46.000 43.000 47.000 43.000 52.000 47.000 51.000 46.000 46.000 46.000 47.000 56.000 52.000 56.000 52.000 64.000 58.000 62.000 61.000 61.000 60.000 66.000 61.000 62.000 62.000 58.000 58.000 64.000 60.000 60.000 66.000 58.000 62.000 70.000 70.000 70.000 63.000 60.000 60.000 60.000 60.000 46.000 46.000 48.000 64.000 67.000 57.000 69.000 69.000 62.000 62.000 57.000 58.000 57.000 59.000 59.000 71.000 71.000 71.000 64.000 62.000 60.000 59.000 59.000 62.000 59.000 59.000 59.000 63.000 63.000 63.000 63.000 63.000 63.000 62.000 62.000 75.000 71.000 75.000 74.000 75.000 74.000 75.000 77.000 71.000 71.000 75.000 74.000 74.000 74.000 75.000 75.000 77.000 77.000 71.000 77.000 75.000 66.000 65.000 59.000 66.000 62.000 59.000 63.000 43.000 43.000 76.000 76.000 62.000 64.000 68.000 62.000 64.000 77.000 77.000 74.000 68.000 68.000 72.000 64.000 68.000 68.000 62.000 64.000 69.000 69.000 69.000 69.000 64.000 64.000 69.000 70.000 70.000 72.000 72.000
VAdist TRAV21-3*02 62.000 57.000 57.000 44.000 44.000 44.000 47.000 47.000 43.000 39.000 43.000 43.000 47.000 48.000 48.000 43.000 46.000 43.000 40.000 37.000 51.000 51.000 51.000 66.000 62.000 66.000 59.000 62.000 62.000 62.000 63.000 62.000 69.000 68.000 52.000 51.000 51.000 66.000 66.000 61.000 64.000 62.000 62.000 59.000 59.000 0.000 0.000 0.000 66.000 58.000 63.000 62.000 62.000 62.000 63.000 62.000 66.000 62.000 62.000 63.000 63.000 70.000 70.000 63.000 66.000 66.000 62.000 67.000 66.000 65.000 65.000 66.000 62.000 62.000 62.000 62.000 62.000 66.000 46.000 43.000 47.000 43.000 52.000 47.000 51.000 46.000 46.000 46.000 47.000 56.000 52.000 56.000 52.000 64.000 58.000 62.000 61.000 61.000 60.000 66.000 61.000 62.000 62.000 58.000 58.000 64.000 60.000 60.000 66.000 58.000 62.000 70.000 70.000 70.000 63.000 60.000 60.000 60.000 60.000 46.000 46.000 48.000 64.000 67.000 57.000 69.000 69.000 62.000 62.000 57.000 58.000 57.000 59.000 59.000 71.000 71.000 71.000 64.000 62.000 60.000 59.000 59.000 62.000 59.000 59.000 59.000 63.000 63.000 63.000 63.000 63.000 63.000 62.000 62.000 75.000 71.000 75.000 74.000 75.000 74.000 75.000 77.000 71.000 71.000 75.000 74.000 74.000 74.000 75.000 75.000 77.000 77.000 71.000 77.000 75.000 66.000 65.000 59.000 66.000 62.000 59.000 63.000 43.000 43.000 76.000 76.000 62.000 64.000 68.000 62.000 64.000 77.000 77.000 74.000 68.000 68.000 72.000 64.000 68.000 68.000 62.000 64.000 69.000 69.000 69.000 69.000 64.000 64.000 69.000 70.000 70.000 72.000 72.000
VAdist TRAV22-1*01 60.000 67.000 68.000 58.000 62.000 58.000 59.000 59.000 63.000 63.000 58.000 58.000 51.000 52.000 52.000 60.000 57.000 58.000 60.000 54.000 56.000 56.000 56.000 74.000 74.000 78.000 74.000 74.000 74.000 74.000 74.000 74.000 64.000 64.000 62.000 61.000 61.000 69.000 69.000 65.000 79.000 68.000 68.000 67.000 67.000 66.000 66.000 66.000 0.000 32.000 25.000 24.000 12.000 12.000 28.000 24.000 0.000 24.000 24.000 32.000 16.000 11.000 11.000 16.000 11.000 11.000 15.000 32.000 20.000 28.000 24.000 24.000 11.000 24.000 24.000 11.000 15.000 16.000 60.000 60.000 63.000 63.000 60.000 60.000 64.000 60.000 60.000 61.000 60.000 66.000 66.000 66.000 66.000 62.000 67.000 63.000 63.000 63.000 63.000 61.000 63.000 63.000 63.000 66.000 66.000 62.000 63.000 63.000 64.000 67.000 63.000 60.000 60.000 60.000 67.000 44.000 44.000 44.000 44.000 61.000 61.000 62.000 76.000 76.000 69.000 62.000 62.000 66.000 66.000 77.000 77.000 77.000 54.000 54.000 57.000 57.000 57.000 54.000 54.000 38.000 40.000 40.000 43.000 39.000 40.000 40.000 44.000 44.000 44.000 39.000 44.000 44.000 42.000 47.000 54.000 52.000 56.000 54.000 52.000 51.000 52.000 58.000 56.000 56.000 52.000 51.000 56.000 55.000 52.000 51.000 53.000 53.000 56.000 59.000 56.000 68.000 65.000 60.000 65.000 68.000 68.000 69.000 70.000 70.000 68.000 68.000 68.000 70.000 73.000 69.000 69.000 72.000 72.000 72.000 69.000 73.000 69.000 73.000 73.000 73.000 68.000 70.000 76.000 76.000 76.000 76.000 72.000 72.000 72.000 74.000 74.000 76.000 76.000
VAdist TRAV22-10*01 55.000 60.000 60.000 61.000 65.000 61.000 59.000 59.000 55.000 55.000 58.000 58.000 60.000 60.000 60.000 59.000 62.000 65.000 59.000 57.000 64.000 64.000 64.000 66.000 62.000 62.000 62.000 62.000 62.000 62.000 62.000 62.000 60.000 60.000 67.000 66.000 66.000 63.000 63.000 67.000 75.000 64.000 64.000 62.000 61.000 58.000 58.000 58.000 32.000 0.000 29.000 28.000 28.000 28.000 28.000 28.000 32.000 8.000 28.000 32.000 27.000 31.000 31.000 24.000 27.000 27.000 27.000 16.000 16.000 20.000 20.000 12.000 27.000 8.000 8.000 27.000 27.000 20.000 61.000 61.000 64.000 64.000 61.000 61.000 65.000 61.000 61.000 62.000 61.000 64.000 64.000 64.000 64.000 61.000 58.000 59.000 62.000 62.000 58.000 63.000 62.000 59.000 59.000 61.000 61.000 61.000 58.000 58.000 60.000 58.000 59.000 63.000 63.000 63.000 62.000 37.000 37.000 38.000 38.000 60.000 60.000 61.000 74.000 74.000 65.000 66.000 66.000 61.000 61.000 73.000 73.000 73.000 64.000 64.000 55.000 55.000 55.000 55.000 55.000 38.000 37.000 40.000 43.000 37.000 40.000 40.000 43.000 43.000 43.000 37.000 43.000 43.000 40.000 43.000 52.000 58.000 62.000 56.000 58.000 54.000 58.000 64.000 62.000 62.000 54.000 58.000 62.000 62.000 54.000 54.000 56.000 60.000 58.000 64.000 62.000 69.000 66.000 62.000 66.000 69.000 69.000 70.000 62.000 62.000 72.000 72.000 68.000 70.000 75.000 69.000 69.000 72.000 72.000 76.000 69.000 75.000 73.000 71.000 75.000 75.000 68.000 70.000 71.000 71.000 71.000 71.000 71.000 71.000 67.000 75.000 75.000 74.000 74.000
VAdist TRAV22-11*01 61.000 61.000 65.000 61.000 64.000 61.000 54.000 54.000 58.000 58.000 53.000 53.000 55.000 55.000 55.000 60.000 62.000 58.000 60.000 58.000 59.000 59.000 59.000 77.000 73.000 70.000 73.000 70.000 70.000 70.000 73.000 70.000 60.000 60.000 64.000 63.000 63.000 63.000 63.000 64.000 75.000 64.000 64.000 63.000 63.000 63.000 63.000 63.000 25.000 29.000 0.000 4.000 21.000 21.000 8.000 1.000 25.000 21.000 1.000 16.000 26.000 22.000 22.000 25.000 22.000 22.000 18.000 33.000 21.000 25.000 21.000 25.000 18.000 21.000 21.000 18.000 18.000 25.000 60.000 61.000 62.000 62.000 60.000 60.000 63.000 60.000 60.000 62.000 60.000 63.000 64.000 63.000 64.000 58.000 66.000 65.000 60.000 60.000 62.000 61.000 60.000 65.000 65.000 63.000 63.000 54.000 62.000 62.000 66.000 66.000 65.000 69.000 69.000 69.000 63.000 37.000 37.000 35.000 35.000 62.000 62.000 65.000 72.000 72.000 69.000 62.000 62.000 65.000 65.000 77.000 77.000 77.000 62.000 62.000 61.000 61.000 61.000 50.000 50.000 35.000 34.000 35.000 38.000 35.000 35.000 35.000 36.000 36.000 36.000 31.000 36.000 36.000 38.000 42.000 58.000 62.000 66.000 62.000 62.000 58.000 62.000 68.000 66.000 66.000 58.000 62.000 66.000 66.000 58.000 57.000 61.000 63.000 62.000 68.000 66.000 63.000 69.000 61.000 69.000 64.000 64.000 65.000 66.000 66.000 63.000 63.000 60.000 62.000 73.000 58.000 58.000 71.000 71.000 72.000 54.000 73.000 65.000 69.000 73.000 73.000 60.000 62.000 68.000 68.000 68.000 68.000 76.000 76.000 72.000 72.000 72.000 71.000 71.000
VAdist TRAV22-11*02 60.000 60.000 64.000 60.000 63.000 60.000 55.000 55.000 59.000 59.000 54.000 54.000 54.000 54.000 54.000 58.000 58.000 56.000 58.000 57.000 58.000 58.000 58.000 77.000 73.000 70.000 73.000 70.000 70.000 70.000 73.000 70.000 60.000 60.000 67.000 66.000 66.000 63.000 63.000 64.000 75.000 64.000 64.000 62.000 62.000 62.000 62.000 62.000 24.000 28.000 4.000 0.000 20.000 20.000 4.000 3.000 24.000 20.000 3.000 12.000 25.000 21.000 21.000 24.000 21.000 21.000 17.000 32.000 20.000 24.000 20.000 24.000 17.000 20.000 20.000 17.000 17.000 24.000 59.000 60.000 63.000 63.000 59.000 59.000 63.000 59.000 59.000 61.000 59.000 59.000 63.000 59.000 63.000 57.000 65.000 61.000 59.000 59.000 61.000 57.000 59.000 61.000 61.000 62.000 62.000 56.000 61.000 61.000 62.000 65.000 61.000 69.000 69.000 69.000 65.000 36.000 36.000 37.000 37.000 61.000 61.000 63.000 72.000 72.000 69.000 60.000 60.000 64.000 64.000 77.000 77.000 77.000 61.000 61.000 61.000 61.000 61.000 52.000 52.000 31.000 30.000 31.000 34.000 33.000 31.000 31.000 35.000 35.000 35.000 29.000 35.000 35.000 36.000 41.000 58.000 62.000 66.000 62.000 62.000 58.000 62.000 68.000 66.000 66.000 58.000 62.000 66.000 66.000 58.000 57.000 61.000 63.000 62.000 68.000 66.000 60.000 69.000 61.000 69.000 64.000 64.000 65.000 65.000 65.000 63.000 63.000 60.000 62.000 73.000 61.000 61.000 71.000 71.000 72.000 57.000 73.000 65.000 69.000 73.000 73.000 60.000 62.000 68.000 68.000 68.000 68.000 76.000 76.000 72.000 72.000 72.000 71.000 71.000
VAdist TRAV22-13*01 60.000 67.000 68.000 62.000 66.000 62.000 59.000 59.000 63.000 59.000 58.000 58.000 51.000 52.000 52.000 56.000 62.000 54.000 56.000 50.000 56.000 56.000 56.000 74.000 74.000 78.000 74.000 74.000 74.000 74.000 74.000 74.000 64.000 64.000 68.000 67.000 67.000 69.000 69.000 65.000 79.000 68.000 68.000 67.000 67.000 62.000 62.000 62.000 12.000 28.000 21.000 20.000 0.000 0.000 24.000 20.000 12.000 20.000 20.000 28.000 12.000 15.000 15.000 12.000 15.000 15.000 3.000 24.000 12.000 20.000 16.000 16.000 7.000 20.000 20.000 7.000 3.000 16.000 60.000 56.000 59.000 59.000 60.000 60.000 64.000 60.000 60.000 57.000 60.000 66.000 66.000 66.000 66.000 62.000 67.000 67.000 63.000 63.000 63.000 63.000 63.000 67.000 67.000 66.000 66.000 62.000 63.000 63.000 68.000 67.000 67.000 62.000 62.000 62.000 67.000 44.000 44.000 44.000 44.000 61.000 61.000 64.000 76.000 76.000 69.000 62.000 62.000 66.000 66.000 77.000 77.000 77.000 58.000 58.000 51.000 51.000 51.000 54.000 54.000 40.000 40.000 40.000 43.000 39.000 40.000 40.000 44.000 44.000 44.000 39.000 44.000 44.000 42.000 47.000 52.000 54.000 58.000 55.000 54.000 49.000 54.000 60.000 58.000 58.000 50.000 53.000 57.000 57.000 50.000 49.000 55.000 55.000 58.000 60.000 58.000 68.000 65.000 60.000 65.000 68.000 68.000 69.000 66.000 66.000 68.000 68.000 68.000 70.000 69.000 65.000 65.000 72.000 72.000 72.000 69.000 69.000 69.000 69.000 69.000 69.000 68.000 70.000 76.000 76.000 76.000 76.000 72.000 72.000 72.000 76.000 76.000 76.000 76.000
VAdist TRAV22-13*02 60.000 67.000 68.000 62.000 66.000 62.000 59.000 59.000 63.000 59.000 58.000 58.000 51.000 52.000 52.000 56.000 62.000 54.000 56.000 50.000 56.000 56.000 56.000 74.000 74.000 78.000 74.000 74.000 74.000 74.000 74.000 74.000 64.000 64.000 68.000 67.000 67.000 69.000 69.000 65.000 79.000 68.000 68.000 67.000 67.000 62.000 62.000 62.000 12.000 28.000 21.000 20.000 0.000 0.000 24.000 20.000 12.000 20.000 20.000 28.000 12.000 15.000 15.000 12.000 15.000 15.000 3.000 24.000 12.000 20.000 16.000 16.000 7.000 20.000 20.000 7.000 3.000 16.000 60.000 56.000 59.000 59.000 60.000 60.000 64.000 60.000 60.000 57.000 60.000 66.000 66.000 66.000 66.000 62.000 67.000 67.000 63.000 63.000 63.000 63.000 63.000 67.000 67.000 66.000 66.000 62.000 63.000 63.000 68.000 67.000 67.000 62.000 62.000 62.000 67.000 44.000 44.000 44.000 44.000 61.000 61.000 64.000 76.000 76.000 69.000 62.000 62.000 66.000 66.000 77.000 77.000 77.000 58.000 58.000 51.000 51.000 51.000 54.000 54.000 40.000 40.000 40.000 43.000 39.000 40.000 40.000 44.000 44.000 44.000 39.000 44.000 44.000 42.000 47.000 52.000 54.000 58.000 55.000 54.000 49.000 54.000 60.000 58.000 58.000 50.000 53.000 57.000 57.000 50.000 49.000 55.000 55.000 58.000 60.000 58.000 68.000 65.000 60.000 65.000 68.000 68.000 69.000 66.000 66.000 68.000 68.000 68.000 70.000 69.000 65.000 65.000 72.000 72.000 72.000 69.000 69.000 69.000 69.000 69.000 69.000 68.000 70.000 76.000 76.000 76.000 76.000 72.000 72.000 72.000 76.000 76.000 76.000 76.000
VAdist TRAV22-16*01 61.000 64.000 68.000 59.000 62.000 59.000 59.000 59.000 63.000 63.000 58.000 58.000 58.000 58.000 58.000 62.000 62.000 60.000 62.000 61.000 62.000 62.000 62.000 77.000 73.000 70.000 73.000 70.000 70.000 70.000 73.000 70.000 60.000 60.000 68.000 67.000 67.000 64.000 64.000 65.000 75.000 64.000 64.000 62.000 62.000 63.000 63.000 63.000 28.000 28.000 8.000 4.000 24.000 24.000 0.000 7.000 28.000 20.000 7.000 8.000 21.000 25.000 25.000 20.000 25.000 25.000 21.000 28.000 24.000 28.000 24.000 24.000 21.000 20.000 20.000 21.000 21.000 28.000 60.000 61.000 64.000 64.000 60.000 60.000 64.000 60.000 60.000 61.000 60.000 55.000 59.000 55.000 59.000 61.000 66.000 62.000 63.000 63.000 65.000 58.000 63.000 62.000 62.000 63.000 63.000 60.000 65.000 65.000 62.000 66.000 62.000 69.000 69.000 69.000 65.000 32.000 32.000 33.000 33.000 62.000 62.000 64.000 73.000 73.000 69.000 64.000 64.000 60.000 60.000 76.000 76.000 76.000 57.000 57.000 61.000 61.000 61.000 50.000 50.000 27.000 26.000 27.000 30.000 29.000 27.000 27.000 31.000 31.000 31.000 25.000 31.000 31.000 32.000 37.000 57.000 62.000 66.000 62.000 62.000 58.000 62.000 68.000 66.000 66.000 58.000 62.000 66.000 66.000 58.000 57.000 61.000 63.000 62.000 68.000 66.000 61.000 70.000 62.000 70.000 65.000 65.000 66.000 61.000 61.000 63.000 63.000 61.000 63.000 74.000 62.000 62.000 71.000 71.000 72.000 58.000 74.000 66.000 70.000 74.000 74.000 61.000 63.000 67.000 67.000 67.000 67.000 75.000 75.000 71.000 68.000 68.000 67.000 67.000
VAdist TRAV22-19*01 61.000 61.000 65.000 60.000 63.000 60.000 55.000 55.000 59.000 59.000 54.000 54.000 54.000 54.000 54.000 59.000 61.000 57.000 59.000 57.000 58.000 58.000 58.000 77.000 73.000 70.000 73.000 70.000 70.000 70.000 73.000 70.000 60.000 60.000 64.000 63.000 63.000 63.000 63.000 64.000 75.000 64.000 64.000 62.000 62.000 62.000 62.000 62.000 24.000 28.000 1.000 3.000 20.000 20.000 7.000 0.000 24.000 20.000 0.000 15.000 25.000 21.000 21.000 24.000 21.000 21.000 17.000 32.000 20.000 24.000 20.000 24.000 17.000 20.000 20.000 17.000 17.000 24.000 59.000 60.000 63.000 63.000 59.000 59.000 63.000 59.000 59.000 61.000 59.000 62.000 63.000 62.000 63.000 57.000 65.000 64.000 59.000 59.000 61.000 60.000 59.000 64.000 64.000 62.000 62.000 53.000 61.000 61.000 65.000 65.000 64.000 69.000 69.000 69.000 62.000 36.000 36.000 34.000 34.000 61.000 61.000 64.000 72.000 72.000 69.000 61.000 61.000 64.000 64.000 77.000 77.000 77.000 61.000 61.000 61.000 61.000 61.000 49.000 49.000 34.000 33.000 34.000 37.000 34.000 34.000 34.000 35.000 35.000 35.000 30.000 35.000 35.000 37.000 41.000 58.000 62.000 66.000 62.000 62.000 58.000 62.000 68.000 66.000 66.000 58.000 62.000 66.000 66.000 58.000 57.000 61.000 63.000 62.000 68.000 66.000 63.000 69.000 61.000 69.000 64.000 64.000 65.000 66.000 66.000 63.000 63.000 60.000 62.000 73.000 58.000 58.000 71.000 71.000 72.000 54.000 73.000 65.000 69.000 73.000 73.000 60.000 62.000 68.000 68.000 68.000 68.000 76.000 76.000 72.000 72.000 72.000 71.000 71.000
VAdist TRAV22-1D*01 60.000 67.000 68.000 58.000 62.000 58.000 59.000 59.000 63.000 63.000 58.000 58.000 51.000 52.000 52.000 60.000 57.000 58.000 60.000 54.000 56.000 56.000 56.000 74.000 74.000 78.000 74.000 74.000 74.000 74.000 74.000 74.000 64.000 64.000 62.000 61.000 61.000 69.000 69.000 65.000 79.000 68.000 68.000 67.000 67.000 66.000 66.000 66.000 0.000 32.000 25.000 24.000 12.000 12.000 28.000 24.000 0.000 24.000 24.000 32.000 16.000 11.000 11.000 16.000 11.000 11.000 15.000 32.000 20.000 28.000 24.000 24.000 11.000 24.000 24.000 11.000 15.000 16.000 60.000 60.000 63.000 63.000 60.000 60.000 64.000 60.000 60.000 61.000 60.000 66.000 66.000 66.000 66.000 62.000 67.000 63.000 63.000 63.000 63.000 61.000 63.000 63.000 63.000 66.000 66.000 62.000 63.000 63.000 64.000 67.000 63.000 60.000 60.000 60.000 67.000 44.000 44.000 44.000 44.000 61.000 61.000 62.000 76.000 76.000 69.000 62.000 62.000 66.000 66.000 77.000 77.000 77.000 54.000 54.000 57.000 57.000 57.000 54.000 54.000 38.000 40.000 40.000 43.000 39.000 40.000 40.000 44.000 44.000 44.000 39.000 44.000 44.000 42.000 47.000 54.000 52.000 56.000 54.000 52.000 51.000 52.000 58.000 56.000 56.000 52.000 51.000 56.000 55.000 52.000 51.000 53.000 53.000 56.000 59.000 56.000 68.000 65.000 60.000 65.000 68.000 68.000 69.000 70.000 70.000 68.000 68.000 68.000 70.000 73.000 69.000 69.000 72.000 72.000 72.000 69.000 73.000 69.000 73.000 73.000 73.000 68.000 70.000 76.000 76.000 76.000 76.000 72.000 72.000 72.000 74.000 74.000 76.000 76.000
VAdist TRAV22-20*01 57.000 64.000 64.000 62.000 66.000 62.000 55.000 55.000 59.000 59.000 54.000 54.000 56.000 56.000 56.000 63.000 66.000 61.000 63.000 61.000 60.000 60.000 60.000 66.000 62.000 66.000 62.000 62.000 62.000 62.000 62.000 62.000 56.000 56.000 67.000 66.000 66.000 61.000 61.000 65.000 75.000 64.000 64.000 62.000 61.000 62.000 62.000 62.000 24.000 8.000 21.000 20.000 20.000 20.000 20.000 20.000 24.000 0.000 20.000 24.000 19.000 23.000 23.000 16.000 23.000 23.000 19.000 16.000 8.000 16.000 12.000 4.000 19.000 0.000 0.000 19.000 19.000 12.000 60.000 60.000 63.000 63.000 60.000 60.000 64.000 60.000 60.000 61.000 60.000 62.000 62.000 62.000 62.000 65.000 62.000 63.000 66.000 66.000 62.000 59.000 66.000 63.000 63.000 65.000 65.000 65.000 62.000 62.000 64.000 62.000 63.000 63.000 63.000 63.000 62.000 35.000 35.000 36.000 36.000 64.000 64.000 65.000 72.000 72.000 64.000 66.000 66.000 57.000 57.000 73.000 73.000 73.000 60.000 60.000 55.000 55.000 55.000 53.000 53.000 36.000 35.000 38.000 41.000 35.000 38.000 38.000 41.000 41.000 41.000 35.000 41.000 41.000 38.000 41.000 52.000 58.000 62.000 56.000 58.000 54.000 58.000 64.000 62.000 62.000 54.000 58.000 62.000 62.000 54.000 53.000 56.000 59.000 58.000 64.000 62.000 67.000 64.000 60.000 64.000 67.000 67.000 68.000 66.000 66.000 68.000 68.000 64.000 66.000 73.000 65.000 65.000 68.000 68.000 72.000 65.000 73.000 69.000 69.000 73.000 73.000 64.000 66.000 71.000 71.000 71.000 71.000 71.000 71.000 67.000 75.000 75.000 74.000 74.000
VAdist TRAV22-21*01 61.000 61.000 65.000 60.000 63.000 60.000 55.000 55.000 59.000 59.000 54.000 54.000 54.000 54.000 54.000 59.000 61.000 57.000 59.000 57.000 58.000 58.000 58.000 77.000 73.000 70.000 73.000 70.000 70.000 70.000 73.000 70.000 60.000 60.000 64.000 63.000 63.000 63.000 63.000 64.000 75.000 64.000 64.000 62.000 62.000 62.000 62.000 62.000 24.000 28.000 1.000 3.000 20.000 20.000 7.000 0.000 24.000 20.000 0.000 15.000 25.000 21.000 21.000 24.000 21.000 21.000 17.000 32.000 20.000 24.000 20.000 24.000 17.000 20.000 20.000 17.000 17.000 24.000 59.000 60.000 63.000 63.000 59.000 59.000 63.000 59.000 59.000 61.000 59.000 62.000 63.000 62.000 63.000 57.000 65.000 64.000 59.000 59.000 61.000 60.000 59.000 64.000 64.000 62.000 62.000 53.000 61.000 61.000 65.000 65.000 64.000 69.000 69.000 69.000 62.000 36.000 36.000 34.000 34.000 61.000 61.000 64.000 72.000 72.000 69.000 61.000 61.000 64.000 64.000 77.000 77.000 77.000 61.000 61.000 61.000 61.000 61.000 49.000 49.000 34.000 33.000 34.000 37.000 34.000 34.000 34.000 35.000 35.000 35.000 30.000 35.000 35.000 37.000 41.000 58.000 62.000 66.000 62.000 62.000 58.000 62.000 68.000 66.000 66.000 58.000 62.000 66.000 66.000 58.000 57.000 61.000 63.000 62.000 68.000 66.000 63.000 69.000 61.000 69.000 64.000 64.000 65.000 66.000 66.000 63.000 63.000 60.000 62.000 73.000 58.000 58.000 71.000 71.000 72.000 54.000 73.000 65.000 69.000 73.000 73.000 60.000 62.000 68.000 68.000 68.000 68.000 76.000 76.000 72.000 72.000 72.000 71.000 71.000
VAdist TRAV22-22*01 61.000 64.000 68.000 59.000 62.000 59.000 59.000 59.000 63.000 63.000 58.000 58.000 58.000 58.000 58.000 62.000 62.000 60.000 62.000 61.000 62.000 62.000 62.000 77.000 73.000 70.000 73.000 70.000 70.000 70.000 73.000 70.000 60.000 60.000 69.000 68.000 68.000 64.000 65.000 65.000 79.000 64.000 64.000 62.000 62.000 63.000 63.000 63.000 32.000 32.000 16.000 12.000 28.000 28.000 8.000 15.000 32.000 24.000 15.000 0.000 25.000 29.000 29.000 24.000 29.000 29.000 25.000 32.000 28.000 32.000 28.000 28.000 25.000 24.000 24.000 25.000 25.000 32.000 60.000 61.000 63.000 63.000 60.000 60.000 64.000 60.000 60.000 61.000 60.000 55.000 59.000 55.000 59.000 58.000 67.000 59.000 64.000 64.000 62.000 55.000 64.000 59.000 59.000 60.000 60.000 57.000 62.000 62.000 63.000 67.000 59.000 69.000 69.000 69.000 66.000 28.000 28.000 29.000 29.000 61.000 61.000 64.000 73.000 73.000 69.000 65.000 65.000 60.000 60.000 76.000 76.000 76.000 57.000 57.000 61.000 61.000 61.000 45.000 49.000 23.000 22.000 23.000 26.000 25.000 23.000 23.000 31.000 31.000 31.000 25.000 31.000 31.000 28.000 33.000 57.000 62.000 66.000 62.000 62.000 58.000 62.000 68.000 66.000 66.000 58.000 62.000 66.000 66.000 58.000 57.000 61.000 63.000 62.000 68.000 66.000 64.000 69.000 62.000 69.000 69.000 69.000 69.000 61.000 61.000 64.000 64.000 62.000 64.000 74.000 59.000 59.000 71.000 71.000 72.000 59.000 74.000 67.000 70.000 74.000 74.000 62.000 64.000 71.000 71.000 71.000 71.000 75.000 75.000 71.000 72.000 72.000 71.000 71.000
VAdist TRAV22-26*01 61.000 72.000 68.000 62.000 66.000 62.000 63.000 63.000 67.000 63.000 62.000 62.000 55.000 56.000 56.000 60.000 65.000 58.000 60.000 54.000 60.000 60.000 60.000 73.000 73.000 77.000 73.000 73.000 73.000 73.000 73.000 73.000 64.000 64.000 67.000 66.000 66.000 69.000 69.000 66.000 79.000 68.000 68.000 67.000 67.000 63.000 63.000 63.000 16.000 27.000 26.000 25.000 12.000 12.000 21.000 25.000 16.000 19.000 25.000 25.000 0.000 16.000 16.000 3.000 16.000 16.000 12.000 23.000 19.000 27.000 23.000 19.000 8.000 19.000 19.000 8.000 12.000 23.000 61.000 57.000 60.000 60.000 61.000 61.000 65.000 61.000 61.000 57.000 61.000 62.000 62.000 62.000 62.000 67.000 67.000 63.000 68.000 68.000 66.000 61.000 68.000 63.000 63.000 68.000 68.000 67.000 66.000 66.000 63.000 67.000 63.000 60.000 60.000 60.000 67.000 39.000 39.000 39.000 39.000 62.000 62.000 63.000 77.000 77.000 65.000 66.000 66.000 61.000 61.000 76.000 76.000 76.000 50.000 50.000 49.000 49.000 49.000 48.000 48.000 33.000 35.000 32.000 35.000 34.000 32.000 32.000 36.000 36.000 36.000 34.000 36.000 36.000 37.000 42.000 49.000 52.000 56.000 54.000 52.000 47.000 52.000 58.000 56.000 56.000 48.000 51.000 56.000 55.000 48.000 47.000 53.000 53.000 56.000 59.000 56.000 69.000 66.000 61.000 66.000 69.000 69.000 70.000 62.000 62.000 68.000 68.000 69.000 71.000 70.000 67.000 67.000 71.000 71.000 72.000 71.000 70.000 70.000 70.000 70.000 70.000 69.000 71.000 75.000 75.000 75.000 75.000 71.000 71.000 71.000 66.000 66.000 68.000 68.000
VAdist TRAV22-27*01 60.000 66.000 70.000 55.000 59.000 55.000 61.000 61.000 65.000 65.000 60.000 60.000 53.000 54.000 54.000 59.000 59.000 60.000 59.000 56.000 58.000 58.000 58.000 75.000 75.000 79.000 75.000 75.000 75.000 75.000 75.000 75.000 64.000 64.000 63.000 63.000 63.000 68.000 68.000 65.000 79.000 68.000 68.000 69.000 69.000 70.000 70.000 70.000 11.000 31.000 22.000 21.000 15.000 15.000 25.000 21.000 11.000 23.000 21.000 29.000 16.000 0.000 0.000 15.000 8.000 8.000 12.000 27.000 19.000 27.000 23.000 23.000 8.000 23.000 23.000 8.000 12.000 23.000 62.000 62.000 63.000 63.000 62.000 62.000 66.000 62.000 62.000 63.000 62.000 66.000 66.000 66.000 66.000 61.000 67.000 63.000 61.000 61.000 64.000 61.000 61.000 63.000 63.000 64.000 64.000 61.000 64.000 64.000 64.000 67.000 63.000 62.000 62.000 62.000 69.000 47.000 47.000 47.000 47.000 63.000 63.000 64.000 76.000 76.000 71.000 64.000 64.000 65.000 65.000 79.000 79.000 79.000 58.000 58.000 55.000 55.000 55.000 58.000 58.000 41.000 43.000 44.000 44.000 42.000 44.000 44.000 48.000 48.000 48.000 42.000 48.000 48.000 42.000 47.000 52.000 54.000 58.000 56.000 54.000 49.000 54.000 58.000 58.000 58.000 50.000 53.000 58.000 57.000 50.000 49.000 54.000 52.000 58.000 59.000 58.000 72.000 69.000 64.000 69.000 72.000 72.000 73.000 72.000 72.000 68.000 68.000 70.000 70.000 73.000 65.000 65.000 70.000 70.000 71.000 65.000 73.000 69.000 73.000 73.000 73.000 70.000 70.000 76.000 76.000 76.000 76.000 72.000 72.000 72.000 74.000 74.000 76.000 76.000
VAdist TRAV22-27*02 60.000 66.000 70.000 55.000 59.000 55.000 61.000 61.000 65.000 65.000 60.000 60.000 53.000 54.000 54.000 59.000 59.000 60.000 59.000 56.000 58.000 58.000 58.000 75.000 75.000 79.000 75.000 75.000 75.000 75.000 75.000 75.000 64.000 64.000 63.000 63.000 63.000 68.000 68.000 65.000 79.000 68.000 68.000 69.000 69.000 70.000 70.000 70.000 11.000 31.000 22.000 21.000 15.000 15.000 25.000 21.000 11.000 23.000 21.000 29.000 16.000 0.000 0.000 15.000 8.000 8.000 12.000 27.000 19.000 27.000 23.000 23.000 8.000 23.000 23.000 8.000 12.000 23.000 62.000 62.000 63.000 63.000 62.000 62.000 66.000 62.000 62.000 63.000 62.000 66.000 66.000 66.000 66.000 61.000 67.000 63.000 61.000 61.000 64.000 61.000 61.000 63.000 63.000 64.000 64.000 61.000 64.000 64.000 64.000 67.000 63.000 62.000 62.000 62.000 69.000 47.000 47.000 47.000 47.000 63.000 63.000 64.000 76.000 76.000 71.000 64.000 64.000 65.000 65.000 79.000 79.000 79.000 58.000 58.000 55.000 55.000 55.000 58.000 58.000 41.000 43.000 44.000 44.000 42.000 44.000 44.000 48.000 48.000 48.000 42.000 48.000 48.000 42.000 47.000 52.000 54.000 58.000 56.000 54.000 49.000 54.000 58.000 58.000 58.000 50.000 53.000 58.000 57.000 50.000 49.000 54.000 52.000 58.000 59.000 58.000 72.000 69.000 64.000 69.000 72.000 72.000 73.000 72.000 72.000 68.000 68.000 70.000 70.000 73.000 65.000 65.000 70.000 70.000 71.000 65.000 73.000 69.000 73.000 73.000 73.000 70.000 70.000 76.000 76.000 76.000 76.000 72.000 72.000 72.000 74.000 74.000 76.000 76.000
VAdist TRAV22-28*01 61.000 71.000 71.000 61.000 65.000 61.000 63.000 63.000 67.000 63.000 62.000 62.000 55.000 56.000 56.000 60.000 65.000 58.000 60.000 54.000 60.000 60.000 60.000 70.000 70.000 74.000 70.000 70.000 70.000 70.000 70.000 70.000 64.000 64.000 66.000 65.000 65.000 66.000 66.000 66.000 79.000 68.000 68.000 67.000 66.000 63.000 63.000 63.000 16.000 24.000 25.000 24.000 12.000 12.000 20.000 24.000 16.000 16.000 24.000 24.000 3.000 15.000 15.000 0.000 15.000 15.000 11.000 20.000 16.000 24.000 20.000 16.000 7.000 16.000 16.000 7.000 11.000 20.000 61.000 57.000 60.000 60.000 61.000 61.000 65.000 61.000 61.000 57.000 61.000 61.000 61.000 61.000 61.000 66.000 64.000 60.000 67.000 67.000 63.000 58.000 67.000 60.000 60.000 67.000 67.000 66.000 63.000 63.000 60.000 64.000 60.000 60.000 60.000 60.000 67.000 36.000 36.000 36.000 36.000 62.000 62.000 63.000 77.000 77.000 68.000 66.000 66.000 58.000 58.000 76.000 76.000 76.000 53.000 53.000 49.000 49.000 49.000 51.000 51.000 30.000 32.000 35.000 38.000 31.000 35.000 35.000 39.000 39.000 39.000 31.000 39.000 39.000 34.000 39.000 49.000 52.000 56.000 54.000 52.000 47.000 52.000 58.000 56.000 56.000 48.000 51.000 56.000 55.000 48.000 47.000 53.000 53.000 56.000 59.000 56.000 69.000 66.000 61.000 66.000 69.000 69.000 70.000 62.000 62.000 68.000 68.000 69.000 71.000 70.000 66.000 66.000 68.000 68.000 72.000 70.000 70.000 70.000 70.000 70.000 70.000 69.000 71.000 74.000 74.000 74.000 74.000 70.000 70.000 70.000 69.000 69.000 71.000 71.000
VAdist TRAV22-29*01 60.000 64.000 68.000 55.000 59.000 55.000 63.000 63.000 63.000 63.000 62.000 62.000 55.000 56.000 56.000 60.000 57.000 62.000 60.000 54.000 60.000 60.000 60.000 73.000 73.000 77.000 73.000 73.000 73.000 73.000 73.000 73.000 64.000 64.000 62.000 61.000 61.000 68.000 68.000 65.000 79.000 68.000 68.000 67.000 67.000 66.000 66.000 66.000 11.000 27.000 22.000 21.000 15.000 15.000 25.000 21.000 11.000 23.000 21.000 29.000 16.000 8.000 8.000 15.000 0.000 0.000 12.000 27.000 19.000 19.000 23.000 23.000 8.000 23.000 23.000 8.000 12.000 23.000 61.000 61.000 64.000 64.000 61.000 61.000 65.000 61.000 61.000 62.000 61.000 66.000 66.000 66.000 66.000 59.000 66.000 62.000 60.000 60.000 62.000 64.000 60.000 62.000 62.000 63.000 63.000 59.000 62.000 62.000 63.000 66.000 62.000 60.000 60.000 60.000 67.000 43.000 43.000 43.000 43.000 61.000 61.000 62.000 76.000 76.000 69.000 62.000 62.000 65.000 65.000 77.000 77.000 77.000 58.000 58.000 53.000 53.000 53.000 54.000 54.000 37.000 39.000 40.000 43.000 38.000 40.000 40.000 44.000 44.000 44.000 38.000 44.000 44.000 41.000 46.000 50.000 52.000 56.000 54.000 52.000 47.000 52.000 58.000 56.000 56.000 48.000 51.000 56.000 55.000 48.000 47.000 52.000 53.000 56.000 59.000 56.000 68.000 65.000 60.000 65.000 68.000 68.000 69.000 70.000 70.000 68.000 68.000 68.000 70.000 73.000 66.000 66.000 71.000 71.000 72.000 66.000 73.000 69.000 73.000 73.000 73.000 68.000 70.000 76.000 76.000 76.000 76.000 72.000 72.000 72.000 74.000 74.000 76.000 76.000
VAdist TRAV22-29*02 60.000 64.000 68.000 55.000 59.000 55.000 63.000 63.000 63.000 63.000 62.000 62.000 55.000 56.000 56.000 60.000 57.000 62.000 60.000 54.000 60.000 60.000 60.000 73.000 73.000 77.000 73.000 73.000 73.000 73.000 73.000 73.000 64.000 64.000 62.000 61.000 61.000 68.000 68.000 65.000 79.000 68.000 68.000 67.000 67.000 66.000 66.000 66.000 11.000 27.000 22.000 21.000 15.000 15.000 25.000 21.000 11.000 23.000 21.000 29.000 16.000 8.000 8.000 15.000 0.000 0.000 12.000 27.000 19.000 19.000 23.000 23.000 8.000 23.000 23.000 8.000 12.000 23.000 61.000 61.000 64.000 64.000 61.000 61.000 65.000 61.000 61.000 62.000 61.000 66.000 66.000 66.000 66.000 59.000 66.000 62.000 60.000 60.000 62.000 64.000 60.000 62.000 62.000 63.000 63.000 59.000 62.000 62.000 63.000 66.000 62.000 60.000 60.000 60.000 67.000 43.000 43.000 43.000 43.000 61.000 61.000 62.000 76.000 76.000 69.000 62.000 62.000 65.000 65.000 77.000 77.000 77.000 58.000 58.000 53.000 53.000 53.000 54.000 54.000 37.000 39.000 40.000 43.000 38.000 40.000 40.000 44.000 44.000 44.000 38.000 44.000 44.000 41.000 46.000 50.000 52.000 56.000 54.000 52.000 47.000 52.000 58.000 56.000 56.000 48.000 51.000 56.000 55.000 48.000 47.000 52.000 53.000 56.000 59.000 56.000 68.000 65.000 60.000 65.000 68.000 68.000 69.000 70.000 70.000 68.000 68.000 68.000 70.000 73.000 66.000 66.000 71.000 71.000 72.000 66.000 73.000 69.000 73.000 73.000 73.000 68.000 70.000 76.000 76.000 76.000 76.000 72.000 72.000 72.000 74.000 74.000 76.000 76.000
VAdist TRAV22-3*01 60.000 64.000 68.000 59.000 63.000 59.000 59.000 59.000 63.000 59.000 58.000 58.000 51.000 52.000 52.000 56.000 62.000 54.000 56.000 50.000 56.000 56.000 56.000 73.000 73.000 77.000 73.000 73.000 73.000 73.000 73.000 73.000 64.000 64.000 68.000 67.000 67.000 68.000 68.000 65.000 79.000 68.000 68.000 67.000 67.000 62.000 62.000 62.000 15.000 27.000 18.000 17.000 3.000 3.000 21.000 17.000 15.000 19.000 17.000 25.000 12.000 12.000 12.000 11.000 12.000 12.000 0.000 23.000 11.000 19.000 15.000 15.000 4.000 19.000 19.000 4.000 0.000 15.000 60.000 56.000 59.000 59.000 60.000 60.000 64.000 60.000 60.000 57.000 60.000 66.000 66.000 66.000 66.000 59.000 66.000 66.000 60.000 60.000 62.000 62.000 60.000 66.000 66.000 63.000 63.000 59.000 62.000 62.000 67.000 66.000 66.000 62.000 62.000 62.000 67.000 43.000 43.000 43.000 43.000 61.000 61.000 64.000 76.000 76.000 69.000 62.000 62.000 65.000 65.000 77.000 77.000 77.000 58.000 58.000 51.000 51.000 51.000 54.000 54.000 39.000 39.000 40.000 43.000 38.000 40.000 40.000 44.000 44.000 44.000 38.000 44.000 44.000 41.000 46.000 52.000 54.000 58.000 55.000 54.000 49.000 54.000 60.000 58.000 58.000 50.000 53.000 57.000 57.000 50.000 49.000 54.000 55.000 58.000 60.000 58.000 68.000 65.000 60.000 65.000 68.000 68.000 69.000 66.000 66.000 68.000 68.000 68.000 70.000 69.000 62.000 62.000 71.000 71.000 72.000 66.000 69.000 69.000 69.000 69.000 69.000 68.000 70.000 76.000 76.000 76.000 76.000 72.000 72.000 72.000 76.000 76.000 76.000 76.000
VAdist TRAV22-31*01 58.000 66.000 66.000 59.000 63.000 59.000 65.000 65.000 61.000 61.000 64.000 64.000 62.000 62.000 62.000 60.000 64.000 68.000 60.000 60.000 66.000 66.000 66.000 72.000 72.000 76.000 72.000 72.000 72.000 72.000 72.000 72.000 64.000 64.000 69.000 69.000 69.000 66.000 66.000 70.000 80.000 68.000 68.000 68.000 67.000 67.000 67.000 67.000 32.000 16.000 33.000 32.000 24.000 24.000 28.000 32.000 32.000 16.000 32.000 32.000 23.000 27.000 27.000 20.000 27.000 27.000 23.000 0.000 12.000 16.000 16.000 12.000 27.000 16.000 16.000 27.000 23.000 16.000 68.000 68.000 69.000 69.000 68.000 68.000 72.000 68.000 68.000 68.000 68.000 56.000 56.000 56.000 56.000 64.000 61.000 61.000 64.000 64.000 61.000 65.000 64.000 61.000 61.000 64.000 64.000 64.000 61.000 61.000 61.000 61.000 61.000 65.000 65.000 65.000 69.000 37.000 37.000 38.000 38.000 64.000 64.000 64.000 77.000 77.000 70.000 69.000 69.000 54.000 54.000 78.000 78.000 78.000 65.000 65.000 57.000 57.000 57.000 53.000 53.000 34.000 34.000 37.000 37.000 34.000 37.000 37.000 40.000 40.000 40.000 34.000 40.000 40.000 34.000 37.000 53.000 60.000 64.000 58.000 60.000 56.000 60.000 64.000 64.000 64.000 56.000 60.000 64.000 64.000 56.000 55.000 58.000 59.000 60.000 64.000 64.000 73.000 70.000 65.000 70.000 73.000 73.000 74.000 64.000 64.000 68.000 68.000 71.000 71.000 74.000 70.000 70.000 68.000 68.000 72.000 70.000 74.000 70.000 74.000 74.000 74.000 71.000 71.000 74.000 74.000 74.000 74.000 70.000 70.000 70.000 71.000 71.000 71.000 71.000
VAdist TRAV22-33*01 61.000 64.000 64.000 62.000 66.000 62.000 55.000 55.000 59.000 59.000 54.000 54.000 52.000 52.000 52.000 60.000 62.000 58.000 60.000 58.000 56.000 56.000 56.000 70.000 70.000 74.000 70.000 70.000 70.000 70.000 70.000 70.000 64.000 64.000 67.000 66.000 66.000 65.000 65.000 69.000 80.000 68.000 68.000 66.000 65.000 66.000 66.000 66.000 20.000 16.000 21.000 20.000 12.000 12.000 24.000 20.000 20.000 8.000 20.000 28.000 19.000 19.000 19.000 16.000 19.000 19.000 11.000 12.000 0.000 8.000 4.000 4.000 15.000 8.000 8.000 15.000 11.000 4.000 64.000 64.000 67.000 67.000 64.000 64.000 68.000 64.000 64.000 65.000 64.000 66.000 66.000 66.000 66.000 62.000 63.000 63.000 63.000 63.000 59.000 59.000 63.000 63.000 63.000 66.000 66.000 62.000 59.000 59.000 64.000 63.000 63.000 63.000 63.000 63.000 67.000 39.000 39.000 40.000 40.000 65.000 65.000 65.000 76.000 76.000 68.000 63.000 63.000 58.000 58.000 77.000 77.000 77.000 61.000 61.000 55.000 55.000 55.000 53.000 53.000 36.000 36.000 39.000 42.000 36.000 39.000 39.000 42.000 42.000 42.000 36.000 42.000 42.000 39.000 42.000 52.000 58.000 62.000 56.000 58.000 54.000 58.000 64.000 62.000 62.000 54.000 58.000 62.000 62.000 54.000 53.000 56.000 59.000 58.000 64.000 62.000 68.000 65.000 60.000 65.000 68.000 68.000 69.000 70.000 70.000 68.000 68.000 68.000 70.000 73.000 69.000 69.000 68.000 68.000 72.000 69.000 73.000 69.000 73.000 73.000 73.000 68.000 70.000 75.000 75.000 75.000 75.000 71.000 71.000 71.000 75.000 75.000 75.000 75.000
VAdist TRAV22-37*01 65.000 64.000 64.000 62.000 66.000 62.000 58.000 58.000 58.000 58.000 57.000 57.000 55.000 55.000 55.000 59.000 61.000 61.000 59.000 57.000 59.000 59.000 56.000 74.000 74.000 74.000 74.000 74.000 74.000 74.000 74.000 74.000 64.000 64.000 67.000 66.000 66.000 65.000 65.000 69.000 80.000 68.000 68.000 66.000 65.000 65.000 65.000 65.000 28.000 20.000 25.000 24.000 20.000 20.000 28.000 24.000 28.000 16.000 24.000 32.000 27.000 27.000 27.000 24.000 19.000 19.000 19.000 16.000 8.000 0.000 4.000 12.000 23.000 16.000 16.000 23.000 19.000 12.000 61.000 65.000 68.000 68.000 61.000 61.000 65.000 61.000 61.000 66.000 61.000 66.000 66.000 66.000 66.000 62.000 63.000 63.000 63.000 63.000 59.000 63.000 63.000 63.000 63.000 66.000 66.000 62.000 59.000 59.000 64.000 63.000 63.000 67.000 67.000 67.000 67.000 39.000 39.000 40.000 40.000 61.000 61.000 64.000 76.000 76.000 72.000 63.000 63.000 58.000 58.000 81.000 81.000 81.000 65.000 65.000 59.000 59.000 59.000 53.000 53.000 35.000 35.000 38.000 41.000 35.000 38.000 38.000 42.000 42.000 42.000 36.000 42.000 42.000 38.000 41.000 56.000 62.000 66.000 60.000 62.000 58.000 62.000 68.000 66.000 66.000 58.000 62.000 66.000 66.000 58.000 57.000 60.000 63.000 62.000 68.000 66.000 68.000 69.000 60.000 69.000 68.000 68.000 69.000 69.000 69.000 68.000 68.000 68.000 70.000 72.000 69.000 69.000 68.000 68.000 72.000 69.000 72.000 69.000 73.000 73.000 72.000 68.000 70.000 75.000 75.000 75.000 75.000 75.000 75.000 75.000 75.000 75.000 75.000 75.000
VAdist TRAV22-39*01 65.000 64.000 64.000 62.000 66.000 62.000 54.000 54.000 58.000 58.000 53.000 53.000 51.000 51.000 51.000 59.000 61.000 57.000 59.000 57.000 55.000 55.000 52.000 74.000 74.000 74.000 74.000 74.000 74.000 74.000 74.000 74.000 64.000 64.000 67.000 66.000 66.000 65.000 65.000 69.000 80.000 68.000 68.000 66.000 65.000 65.000 65.000 65.000 24.000 20.000 21.000 20.000 16.000 16.000 24.000 20.000 24.000 12.000 20.000 28.000 23.000 23.000 23.000 20.000 23.000 23.000 15.000 16.000 4.000 4.000 0.000 8.000 19.000 12.000 12.000 19.000 15.000 8.000 60.000 64.000 67.000 67.000 60.000 60.000 64.000 60.000 60.000 65.000 60.000 66.000 66.000 66.000 66.000 62.000 63.000 63.000 63.000 63.000 59.000 59.000 63.000 63.000 63.000 66.000 66.000 62.000 59.000 59.000 64.000 63.000 63.000 67.000 67.000 67.000 67.000 39.000 39.000 40.000 40.000 61.000 61.000 64.000 76.000 76.000 72.000 63.000 63.000 58.000 58.000 81.000 81.000 81.000 61.000 61.000 59.000 59.000 59.000 53.000 53.000 35.000 35.000 38.000 41.000 35.000 38.000 38.000 42.000 42.000 42.000 36.000 42.000 42.000 38.000 41.000 56.000 62.000 66.000 60.000 62.000 58.000 62.000 68.000 66.000 66.000 58.000 62.000 66.000 66.000 58.000 57.000 60.000 63.000 62.000 68.000 66.000 68.000 69.000 60.000 69.000 68.000 68.000 69.000 69.000 69.000 68.000 68.000 68.000 70.000 72.000 69.000 69.000 68.000 68.000 72.000 69.000 72.000 69.000 73.000 73.000 72.000 68.000 70.000 75.000 75.000 75.000 75.000 75.000 75.000 75.000 75.000 75.000 75.000 75.000
VAdist TRAV22-40*01 61.000 68.000 68.000 62.000 66.000 62.000 59.000 59.000 63.000 63.000 58.000 58.000 56.000 56.000 56.000 64.000 66.000 62.000 64.000 62.000 60.000 60.000 60.000 66.000 66.000 70.000 66.000 66.000 66.000 66.000 66.000 66.000 60.000 60.000 67.000 66.000 66.000 65.000 65.000 69.000 76.000 68.000 68.000 66.000 65.000 66.000 66.000 66.000 24.000 12.000 25.000 24.000 16.000 16.000 24.000 24.000 24.000 4.000 24.000 28.000 19.000 23.000 23.000 16.000 23.000 23.000 15.000 12.000 4.000 12.000 8.000 0.000 19.000 4.000 4.000 19.000 15.000 8.000 64.000 64.000 67.000 67.000 64.000 64.000 68.000 64.000 64.000 65.000 64.000 66.000 66.000 66.000 66.000 66.000 63.000 63.000 67.000 67.000 63.000 59.000 67.000 63.000 63.000 66.000 66.000 66.000 63.000 63.000 64.000 63.000 63.000 63.000 63.000 63.000 63.000 39.000 39.000 40.000 40.000 65.000 65.000 65.000 76.000 76.000 68.000 67.000 67.000 58.000 58.000 77.000 77.000 77.000 61.000 61.000 55.000 55.000 55.000 53.000 53.000 36.000 36.000 39.000 42.000 36.000 39.000 39.000 42.000 42.000 42.000 36.000 42.000 42.000 39.000 42.000 52.000 58.000 62.000 56.000 58.000 54.000 58.000 64.000 62.000 62.000 54.000 58.000 62.000 62.000 54.000 53.000 56.000 59.000 58.000 64.000 62.000 68.000 65.000 60.000 65.000 68.000 68.000 69.000 70.000 70.000 68.000 68.000 68.000 70.000 73.000 69.000 69.000 68.000 68.000 72.000 69.000 73.000 69.000 73.000 73.000 73.000 68.000 70.000 75.000 75.000 75.000 75.000 71.000 71.000 71.000 75.000 75.000 75.000 75.000
VAdist TRAV22-5*01 60.000 64.000 68.000 59.000 63.000 59.000 59.000 59.000 63.000 59.000 58.000 58.000 51.000 52.000 52.000 56.000 61.000 54.000 56.000 50.000 56.000 56.000 56.000 73.000 73.000 77.000 73.000 73.000 73.000 73.000 73.000 73.000 64.000 64.000 66.000 65.000 65.000 68.000 68.000 65.000 79.000 68.000 68.000 67.000 67.000 62.000 62.000 62.000 11.000 27.000 18.000 17.000 7.000 7.000 21.000 17.000 11.000 19.000 17.000 25.000 8.000 8.000 8.000 7.000 8.000 8.000 4.000 27.000 15.000 23.000 19.000 19.000 0.000 19.000 19.000 0.000 4.000 19.000 60.000 56.000 59.000 59.000 60.000 60.000 64.000 60.000 60.000 57.000 60.000 66.000 66.000 66.000 66.000 59.000 66.000 62.000 60.000 60.000 62.000 60.000 60.000 62.000 62.000 63.000 63.000 59.000 62.000 62.000 63.000 66.000 62.000 60.000 60.000 60.000 67.000 43.000 43.000 43.000 43.000 61.000 61.000 62.000 76.000 76.000 69.000 62.000 62.000 65.000 65.000 77.000 77.000 77.000 58.000 58.000 49.000 49.000 49.000 54.000 54.000 37.000 39.000 40.000 43.000 38.000 40.000 40.000 44.000 44.000 44.000 38.000 44.000 44.000 41.000 46.000 50.000 52.000 56.000 54.000 52.000 47.000 52.000 58.000 56.000 56.000 48.000 51.000 56.000 55.000 48.000 47.000 52.000 53.000 56.000 59.000 56.000 68.000 65.000 60.000 65.000 68.000 68.000 69.000 66.000 66.000 68.000 68.000 68.000 70.000 69.000 62.000 62.000 71.000 71.000 72.000 66.000 69.000 69.000 69.000 69.000 69.000 68.000 70.000 76.000 76.000 76.000 76.000 72.000 72.000 72.000 74.000 74.000 76.000 76.000
VAdist TRAV22-6*01 57.000 64.000 64.000 62.000 66.000 62.000 55.000 55.000 59.000 59.000 54.000 54.000 56.000 56.000 56.000 63.000 66.000 61.000 63.000 61.000 60.000 60.000 60.000 66.000 62.000 66.000 62.000 62.000 62.000 62.000 62.000 62.000 56.000 56.000 67.000 66.000 66.000 61.000 61.000 65.000 75.000 64.000 64.000 62.000 61.000 62.000 62.000 62.000 24.000 8.000 21.000 20.000 20.000 20.000 20.000 20.000 24.000 0.000 20.000 24.000 19.000 23.000 23.000 16.000 23.000 23.000 19.000 16.000 8.000 16.000 12.000 4.000 19.000 0.000 0.000 19.000 19.000 12.000 60.000 60.000 63.000 63.000 60.000 60.000 64.000 60.000 60.000 61.000 60.000 62.000 62.000 62.000 62.000 65.000 62.000 63.000 66.000 66.000 62.000 59.000 66.000 63.000 63.000 65.000 65.000 65.000 62.000 62.000 64.000 62.000 63.000 63.000 63.000 63.000 62.000 35.000 35.000 36.000 36.000 64.000 64.000 65.000 72.000 72.000 64.000 66.000 66.000 57.000 57.000 73.000 73.000 73.000 60.000 60.000 55.000 55.000 55.000 53.000 53.000 36.000 35.000 38.000 41.000 35.000 38.000 38.000 41.000 41.000 41.000 35.000 41.000 41.000 38.000 41.000 52.000 58.000 62.000 56.000 58.000 54.000 58.000 64.000 62.000 62.000 54.000 58.000 62.000 62.000 54.000 53.000 56.000 59.000 58.000 64.000 62.000 67.000 64.000 60.000 64.000 67.000 67.000 68.000 66.000 66.000 68.000 68.000 64.000 66.000 73.000 65.000 65.000 68.000 68.000 72.000 65.000 73.000 69.000 69.000 73.000 73.000 64.000 66.000 71.000 71.000 71.000 71.000 71.000 71.000 67.000 75.000 75.000 74.000 74.000
VAdist TRAV22-6*02 57.000 64.000 64.000 62.000 66.000 62.000 55.000 55.000 59.000 59.000 54.000 54.000 56.000 56.000 56.000 63.000 66.000 61.000 63.000 61.000 60.000 60.000 60.000 66.000 62.000 66.000 62.000 62.000 62.000 62.000 62.000 62.000 56.000 56.000 67.000 66.000 66.000 61.000 61.000 65.000 75.000 64.000 64.000 62.000 61.000 62.000 62.000 62.000 24.000 8.000 21.000 20.000 20.000 20.000 20.000 20.000 24.000 0.000 20.000 24.000 19.000 23.000 23.000 16.000 23.000 23.000 19.000 16.000 8.000 16.000 12.000 4.000 19.000 0.000 0.000 19.000 19.000 12.000 60.000 60.000 63.000 63.000 60.000 60.000 64.000 60.000 60.000 61.000 60.000 62.000 62.000 62.000 62.000 65.000 62.000 63.000 66.000 66.000 62.000 59.000 66.000 63.000 63.000 65.000 65.000 65.000 62.000 62.000 64.000 62.000 63.000 63.000 63.000 63.000 62.000 35.000 35.000 36.000 36.000 64.000 64.000 65.000 72.000 72.000 64.000 66.000 66.000 57.000 57.000 73.000 73.000 73.000 60.000 60.000 55.000 55.000 55.000 53.000 53.000 36.000 35.000 38.000 41.000 35.000 38.000 38.000 41.000 41.000 41.000 35.000 41.000 41.000 38.000 41.000 52.000 58.000 62.000 56.000 58.000 54.000 58.000 64.000 62.000 62.000 54.000 58.000 62.000 62.000 54.000 53.000 56.000 59.000 58.000 64.000 62.000 67.000 64.000 60.000 64.000 67.000 67.000 68.000 66.000 66.000 68.000 68.000 64.000 66.000 73.000 65.000 65.000 68.000 68.000 72.000 65.000 73.000 69.000 69.000 73.000 73.000 64.000 66.000 71.000 71.000 71.000 71.000 71.000 71.000 67.000 75.000 75.000 74.000 74.000
VAdist TRAV22-7*01 60.000 64.000 68.000 59.000 63.000 59.000 59.000 59.000 63.000 59.000 58.000 58.000 51.000 52.000 52.000 56.000 61.000 54.000 56.000 50.000 56.000 56.000 56.000 73.000 73.000 77.000 73.000 73.000 73.000 73.000 73.000 73.000 64.000 64.000 66.000 65.000 65.000 68.000 68.000 65.000 79.000 68.000 68.000 67.000 67.000 62.000 62.000 62.000 11.000 27.000 18.000 17.000 7.000 7.000 21.000 17.000 11.000 19.000 17.000 25.000 8.000 8.000 8.000 7.000 8.000 8.000 4.000 27.000 15.000 23.000 19.000 19.000 0.000 19.000 19.000 0.000 4.000 19.000 60.000 56.000 59.000 59.000 60.000 60.000 64.000 60.000 60.000 57.000 60.000 66.000 66.000 66.000 66.000 59.000 66.000 62.000 60.000 60.000 62.000 60.000 60.000 62.000 62.000 63.000 63.000 59.000 62.000 62.000 63.000 66.000 62.000 60.000 60.000 60.000 67.000 43.000 43.000 43.000 43.000 61.000 61.000 62.000 76.000 76.000 69.000 62.000 62.000 65.000 65.000 77.000 77.000 77.000 58.000 58.000 49.000 49.000 49.000 54.000 54.000 37.000 39.000 40.000 43.000 38.000 40.000 40.000 44.000 44.000 44.000 38.000 44.000 44.000 41.000 46.000 50.000 52.000 56.000 54.000 52.000 47.000 52.000 58.000 56.000 56.000 48.000 51.000 56.000 55.000 48.000 47.000 52.000 53.000 56.000 59.000 56.000 68.000 65.000 60.000 65.000 68.000 68.000 69.000 66.000 66.000 68.000 68.000 68.000 70.000 69.000 62.000 62.000 71.000 71.000 72.000 66.000 69.000 69.000 69.000 69.000 69.000 68.000 70.000 76.000 76.000 76.000 76.000 72.000 72.000 72.000 74.000 74.000 76.000 76.000
VAdist TRAV22-9*01 60.000 64.000 68.000 59.000 63.000 59.000 59.000 59.000 63.000 59.000 58.000 58.000 51.000 52.000 52.000 56.000 62.000 54.000 56.000 50.000 56.000 56.000 56.000 73.000 73.000 77.000 73.000 73.000 73.000 73.000 73.000 73.000 64.000 64.000 68.000 67.000 67.000 68.000 68.000 65.000 79.000 68.000 68.000 67.000 67.000 62.000 62.000 62.000 15.000 27.000 18.000 17.000 3.000 3.000 21.000 17.000 15.000 19.000 17.000 25.000 12.000 12.000 12.000 11.000 12.000 12.000 0.000 23.000 11.000 19.000 15.000 15.000 4.000 19.000 19.000 4.000 0.000 15.000 60.000 56.000 59.000 59.000 60.000 60.000 64.000 60.000 60.000 57.000 60.000 66.000 66.000 66.000 66.000 59.000 66.000 66.000 60.000 60.000 62.000 62.000 60.000 66.000 66.000 63.000 63.000 59.000 62.000 62.000 67.000 66.000 66.000 62.000 62.000 62.000 67.000 43.000 43.000 43.000 43.000 61.000 61.000 64.000 76.000 76.000 69.000 62.000 62.000 65.000 65.000 77.000 77.000 77.000 58.000 58.000 51.000 51.000 51.000 54.000 54.000 39.000 39.000 40.000 43.000 38.000 40.000 40.000 44.000 44.000 44.000 38.000 44.000 44.000 41.000 46.000 52.000 54.000 58.000 55.000 54.000 49.000 54.000 60.000 58.000 58.000 50.000 53.000 57.000 57.000 50.000 49.000 54.000 55.000 58.000 60.000 58.000 68.000 65.000 60.000 65.000 68.000 68.000 69.000 66.000 66.000 68.000 68.000 68.000 70.000 69.000 62.000 62.000 71.000 71.000 72.000 66.000 69.000 69.000 69.000 69.000 69.000 68.000 70.000 76.000 76.000 76.000 76.000 72.000 72.000 72.000 76.000 76.000 76.000 76.000
VAdist TRAV22S1*01 61.000 64.000 64.000 62.000 66.000 62.000 55.000 55.000 59.000 59.000 54.000 54.000 52.000 52.000 52.000 60.000 62.000 58.000 60.000 58.000 56.000 56.000 56.000 70.000 70.000 74.000 70.000 70.000 70.000 70.000 70.000 70.000 64.000 64.000 67.000 66.000 66.000 65.000 65.000 69.000 80.000 68.000 68.000 66.000 65.000 66.000 66.000 66.000 16.000 20.000 25.000 24.000 16.000 16.000 28.000 24.000 16.000 12.000 24.000 32.000 23.000 23.000 23.000 20.000 23.000 23.000 15.000 16.000 4.000 12.000 8.000 8.000 19.000 12.000 12.000 19.000 15.000 0.000 64.000 64.000 67.000 67.000 64.000 64.000 68.000 64.000 64.000 65.000 64.000 66.000 66.000 66.000 66.000 62.000 63.000 63.000 63.000 63.000 59.000 59.000 63.000 63.000 63.000 66.000 66.000 62.000 59.000 59.000 64.000 63.000 63.000 63.000 63.000 63.000 67.000 39.000 39.000 40.000 40.000 65.000 65.000 65.000 76.000 76.000 68.000 63.000 63.000 58.000 58.000 77.000 77.000 77.000 61.000 61.000 59.000 59.000 59.000 53.000 53.000 36.000 36.000 39.000 42.000 36.000 39.000 39.000 42.000 42.000 42.000 36.000 42.000 42.000 39.000 42.000 56.000 58.000 62.000 56.000 58.000 58.000 58.000 64.000 62.000 62.000 58.000 58.000 62.000 62.000 58.000 57.000 56.000 59.000 58.000 64.000 62.000 68.000 65.000 60.000 65.000 68.000 68.000 69.000 70.000 70.000 68.000 68.000 68.000 70.000 73.000 69.000 69.000 68.000 68.000 72.000 69.000 73.000 69.000 73.000 73.000 73.000 68.000 70.000 75.000 75.000 75.000 75.000 71.000 71.000 71.000 75.000 75.000 75.000 75.000
VAdist TRAV23-1*01 61.000 51.000 51.000 55.000 55.000 55.000 48.000 48.000 49.000 49.000 47.000 47.000 38.000 38.000 38.000 41.000 42.000 38.000 41.000 29.000 40.000 40.000 34.000 70.000 66.000 65.000 66.000 64.000 64.000 64.000 67.000 64.000 67.000 66.000 58.000 55.000 55.000 66.000 66.000 59.000 70.000 70.000 70.000 45.000 45.000 46.000 46.000 46.000 60.000 61.000 60.000 59.000 60.000 60.000 60.000 59.000 60.000 60.000 59.000 60.000 61.000 62.000 62.000 61.000 61.000 61.000 60.000 68.000 64.000 61.000 60.000 64.000 60.000 60.000 60.000 60.000 60.000 64.000 0.000 11.000 18.000 22.000 14.000 7.000 11.000 0.000 0.000 14.000 7.000 54.000 54.000 54.000 54.000 62.000 66.000 63.000 69.000 69.000 66.000 62.000 69.000 63.000 63.000 66.000 66.000 62.000 66.000 66.000 67.000 66.000 63.000 61.000 61.000 61.000 63.000 56.000 56.000 56.000 56.000 29.000 28.000 31.000 59.000 62.000 61.000 62.000 62.000 58.000 58.000 63.000 66.000 63.000 57.000 57.000 69.000 69.000 69.000 64.000 64.000 60.000 59.000 59.000 60.000 58.000 59.000 59.000 60.000 60.000 60.000 59.000 60.000 60.000 59.000 60.000 70.000 67.000 67.000 70.000 68.000 68.000 68.000 71.000 67.000 67.000 68.000 68.000 67.000 67.000 68.000 68.000 72.000 72.000 71.000 71.000 67.000 67.000 67.000 63.000 67.000 66.000 63.000 67.000 48.000 48.000 70.000 70.000 56.000 59.000 67.000 59.000 61.000 76.000 76.000 72.000 60.000 67.000 66.000 64.000 68.000 67.000 56.000 59.000 63.000 63.000 63.000 63.000 67.000 67.000 63.000 70.000 70.000 66.000 66.000
VAdist TRAV23-11*01 61.000 51.000 51.000 51.000 51.000 51.000 49.000 49.000 50.000 46.000 48.000 48.000 38.000 39.000 39.000 41.000 44.000 35.000 41.000 29.000 41.000 41.000 38.000 70.000 66.000 67.000 66.000 66.000 66.000 66.000 67.000 66.000 67.000 66.000 59.000 56.000 56.000 67.000 67.000 60.000 69.000 70.000 70.000 45.000 45.000 43.000 43.000 43.000 60.000 61.000 61.000 60.000 56.000 56.000 61.000 60.000 60.000 60.000 60.000 61.000 57.000 62.000 62.000 57.000 61.000 61.000 56.000 68.000 64.000 65.000 64.000 64.000 56.000 60.000 60.000 56.000 56.000 64.000 11.000 0.000 16.000 20.000 19.000 12.000 16.000 11.000 11.000 3.000 12.000 54.000 54.000 54.000 54.000 67.000 67.000 68.000 70.000 70.000 67.000 67.000 70.000 68.000 68.000 67.000 67.000 67.000 67.000 67.000 72.000 67.000 68.000 60.000 60.000 60.000 64.000 58.000 58.000 58.000 58.000 36.000 35.000 35.000 59.000 62.000 61.000 67.000 67.000 58.000 58.000 63.000 66.000 63.000 57.000 57.000 65.000 65.000 65.000 66.000 65.000 62.000 61.000 61.000 62.000 60.000 61.000 61.000 61.000 61.000 61.000 60.000 61.000 61.000 61.000 62.000 70.000 67.000 67.000 69.000 68.000 67.000 68.000 71.000 67.000 67.000 68.000 67.000 66.000 66.000 68.000 68.000 71.000 72.000 71.000 71.000 67.000 67.000 67.000 63.000 67.000 66.000 63.000 67.000 42.000 42.000 72.000 72.000 58.000 61.000 64.000 56.000 58.000 76.000 76.000 72.000 62.000 64.000 68.000 60.000 64.000 64.000 58.000 61.000 63.000 63.000 63.000 63.000 67.000 67.000 63.000 70.000 70.000 66.000 66.000
VAdist TRAV23-21*01 61.000 54.000 54.000 56.000 56.000 56.000 52.000 52.000 53.000 49.000 51.000 51.000 47.000 48.000 48.000 43.000 48.000 44.000 39.000 35.000 50.000 50.000 47.000 74.000 70.000 71.000 70.000 70.000 70.000 70.000 71.000 70.000 66.000 65.000 64.000 64.000 64.000 63.000 67.000 56.000 69.000 70.000 70.000 51.000 51.000 47.000 47.000 47.000 63.000 64.000 62.000 63.000 59.000 59.000 64.000 63.000 63.000 63.000 63.000 63.000 60.000 63.000 63.000 60.000 64.000 64.000 59.000 69.000 67.000 68.000 67.000 67.000 59.000 63.000 63.000 59.000 59.000 67.000 18.000 16.000 0.000 4.000 28.000 21.000 24.000 18.000 18.000 19.000 21.000 51.000 51.000 51.000 51.000 71.000 68.000 69.000 71.000 71.000 71.000 68.000 71.000 69.000 69.000 68.000 68.000 71.000 71.000 71.000 73.000 68.000 69.000 64.000 64.000 64.000 68.000 60.000 60.000 60.000 60.000 35.000 36.000 40.000 59.000 62.000 65.000 72.000 72.000 57.000 57.000 67.000 70.000 66.000 60.000 60.000 69.000 69.000 69.000 65.000 63.000 64.000 63.000 63.000 63.000 62.000 63.000 63.000 63.000 63.000 63.000 62.000 63.000 63.000 62.000 63.000 74.000 71.000 71.000 73.000 72.000 71.000 72.000 71.000 71.000 71.000 72.000 71.000 70.000 70.000 72.000 72.000 75.000 72.000 75.000 71.000 71.000 65.000 65.000 65.000 65.000 68.000 65.000 65.000 49.000 49.000 72.000 72.000 62.000 62.000 64.000 55.000 57.000 76.000 76.000 72.000 61.000 64.000 68.000 60.000 64.000 64.000 62.000 62.000 62.000 62.000 62.000 62.000 68.000 68.000 62.000 69.000 69.000 66.000 65.000
VAdist TRAV23-23*01 65.000 58.000 58.000 60.000 60.000 60.000 52.000 52.000 53.000 49.000 51.000 51.000 47.000 48.000 48.000 43.000 48.000 44.000 39.000 35.000 50.000 50.000 47.000 74.000 70.000 71.000 70.000 70.000 70.000 70.000 71.000 70.000 66.000 65.000 62.000 62.000 62.000 63.000 67.000 56.000 69.000 70.000 70.000 55.000 55.000 43.000 43.000 43.000 63.000 64.000 62.000 63.000 59.000 59.000 64.000 63.000 63.000 63.000 63.000 63.000 60.000 63.000 63.000 60.000 64.000 64.000 59.000 69.000 67.000 68.000 67.000 67.000 59.000 63.000 63.000 59.000 59.000 67.000 22.000 20.000 4.000 0.000 32.000 25.000 28.000 22.000 22.000 23.000 25.000 55.000 55.000 55.000 55.000 71.000 68.000 69.000 71.000 71.000 71.000 68.000 71.000 69.000 69.000 68.000 68.000 71.000 71.000 71.000 73.000 68.000 69.000 64.000 64.000 64.000 68.000 60.000 60.000 60.000 60.000 31.000 32.000 44.000 59.000 62.000 68.000 72.000 72.000 61.000 61.000 67.000 70.000 66.000 60.000 60.000 69.000 69.000 69.000 65.000 63.000 64.000 63.000 63.000 63.000 62.000 63.000 63.000 63.000 63.000 63.000 62.000 63.000 63.000 62.000 63.000 74.000 71.000 71.000 73.000 72.000 71.000 72.000 71.000 67.000 67.000 72.000 71.000 70.000 70.000 72.000 72.000 75.000 72.000 75.000 71.000 71.000 65.000 65.000 65.000 65.000 68.000 65.000 63.000 49.000 49.000 72.000 72.000 62.000 62.000 64.000 55.000 57.000 76.000 76.000 72.000 61.000 64.000 68.000 60.000 64.000 64.000 62.000 62.000 65.000 65.000 65.000 65.000 71.000 71.000 65.000 72.000 72.000 69.000 68.000
VAdist TRAV23-26*01 63.000 52.000 52.000 60.000 59.000 60.000 55.000 55.000 56.000 56.000 54.000 54.000 49.000 49.000 49.000 55.000 50.000 49.000 51.000 43.000 48.000 48.000 45.000 74.000 70.000 69.000 70.000 68.000 68.000 68.000 71.000 68.000 66.000 65.000 62.000 59.000 59.000 65.000 65.000 58.000 74.000 72.000 72.000 49.000 49.000 52.000 52.000 52.000 60.000 61.000 60.000 59.000 60.000 60.000 60.000 59.000 60.000 60.000 59.000 60.000 61.000 62.000 62.000 61.000 61.000 61.000 60.000 68.000 64.000 61.000 60.000 64.000 60.000 60.000 60.000 60.000 60.000 64.000 14.000 19.000 28.000 32.000 0.000 7.000 11.000 14.000 14.000 22.000 7.000 53.000 53.000 53.000 53.000 63.000 67.000 64.000 70.000 70.000 67.000 63.000 70.000 64.000 64.000 67.000 67.000 63.000 67.000 67.000 68.000 67.000 64.000 64.000 64.000 64.000 64.000 58.000 58.000 58.000 58.000 35.000 34.000 37.000 66.000 66.000 65.000 62.000 62.000 61.000 61.000 67.000 70.000 67.000 54.000 54.000 69.000 69.000 69.000 69.000 69.000 62.000 61.000 61.000 62.000 60.000 61.000 61.000 62.000 62.000 62.000 61.000 62.000 62.000 61.000 62.000 69.000 67.000 65.000 68.000 66.000 67.000 66.000 69.000 65.000 65.000 67.000 66.000 65.000 65.000 67.000 67.000 70.000 70.000 71.000 69.000 65.000 68.000 68.000 64.000 68.000 67.000 67.000 68.000 52.000 52.000 70.000 70.000 58.000 61.000 66.000 66.000 66.000 76.000 76.000 72.000 65.000 66.000 66.000 63.000 67.000 66.000 58.000 61.000 62.000 62.000 62.000 62.000 67.000 67.000 62.000 71.000 71.000 69.000 69.000
VAdist TRAV23-27*01 61.000 51.000 51.000 56.000 56.000 56.000 48.000 48.000 49.000 49.000 47.000 47.000 42.000 42.000 42.000 48.000 43.000 42.000 44.000 36.000 44.000 44.000 38.000 70.000 66.000 65.000 66.000 64.000 64.000 64.000 67.000 64.000 67.000 66.000 62.000 59.000 59.000 66.000 66.000 59.000 70.000 70.000 70.000 45.000 45.000 47.000 47.000 47.000 60.000 61.000 60.000 59.000 60.000 60.000 60.000 59.000 60.000 60.000 59.000 60.000 61.000 62.000 62.000 61.000 61.000 61.000 60.000 68.000 64.000 61.000 60.000 64.000 60.000 60.000 60.000 60.000 60.000 64.000 7.000 12.000 21.000 25.000 7.000 0.000 4.000 7.000 7.000 15.000 0.000 54.000 54.000 54.000 54.000 62.000 66.000 63.000 69.000 69.000 66.000 62.000 69.000 63.000 63.000 66.000 66.000 62.000 66.000 66.000 67.000 66.000 63.000 61.000 61.000 61.000 63.000 56.000 56.000 56.000 56.000 30.000 29.000 32.000 59.000 62.000 61.000 62.000 62.000 58.000 58.000 63.000 66.000 63.000 57.000 57.000 69.000 69.000 69.000 64.000 64.000 60.000 59.000 59.000 60.000 58.000 59.000 59.000 60.000 60.000 60.000 59.000 60.000 60.000 59.000 60.000 70.000 67.000 67.000 70.000 68.000 68.000 68.000 71.000 67.000 67.000 68.000 68.000 67.000 67.000 68.000 68.000 72.000 72.000 71.000 71.000 67.000 67.000 67.000 63.000 67.000 66.000 63.000 67.000 45.000 45.000 70.000 70.000 56.000 59.000 67.000 59.000 61.000 76.000 76.000 72.000 60.000 67.000 66.000 64.000 68.000 67.000 56.000 59.000 63.000 63.000 63.000 63.000 68.000 68.000 63.000 70.000 70.000 66.000 66.000
VAdist TRAV23-27*02 61.000 52.000 52.000 60.000 60.000 60.000 51.000 51.000 52.000 52.000 50.000 50.000 46.000 46.000 46.000 52.000 47.000 46.000 48.000 40.000 48.000 48.000 42.000 69.000 65.000 64.000 65.000 63.000 63.000 63.000 65.000 63.000 67.000 66.000 63.000 60.000 60.000 66.000 66.000 59.000 69.000 70.000 70.000 47.000 47.000 51.000 51.000 51.000 64.000 65.000 63.000 63.000 64.000 64.000 64.000 63.000 64.000 64.000 63.000 64.000 65.000 66.000 66.000 65.000 65.000 65.000 64.000 72.000 68.000 65.000 64.000 68.000 64.000 64.000 64.000 64.000 64.000 68.000 11.000 16.000 24.000 28.000 11.000 4.000 0.000 11.000 11.000 19.000 4.000 58.000 58.000 58.000 58.000 64.000 68.000 65.000 71.000 71.000 68.000 64.000 71.000 65.000 65.000 68.000 68.000 64.000 68.000 68.000 69.000 68.000 65.000 61.000 61.000 61.000 65.000 60.000 60.000 60.000 60.000 34.000 33.000 36.000 59.000 62.000 60.000 64.000 64.000 60.000 60.000 62.000 65.000 62.000 59.000 59.000 69.000 69.000 69.000 66.000 66.000 64.000 63.000 63.000 64.000 62.000 63.000 63.000 64.000 64.000 64.000 63.000 64.000 64.000 63.000 64.000 70.000 67.000 67.000 70.000 68.000 68.000 68.000 71.000 67.000 67.000 68.000 68.000 67.000 67.000 68.000 68.000 72.000 72.000 71.000 71.000 67.000 67.000 67.000 63.000 67.000 66.000 63.000 67.000 45.000 45.000 70.000 70.000 56.000 59.000 67.000 59.000 61.000 76.000 76.000 72.000 58.000 67.000 66.000 64.000 68.000 67.000 56.000 59.000 63.000 63.000 63.000 63.000 68.000 68.000 63.000 70.000 70.000 66.000 66.000
VAdist TRAV23-3*01 61.000 51.000 51.000 55.000 55.000 55.000 48.000 48.000 49.000 49.000 47.000 47.000 38.000 38.000 38.000 41.000 42.000 38.000 41.000 29.000 40.000 40.000 34.000 70.000 66.000 65.000 66.000 64.000 64.000 64.000 67.000 64.000 67.000 66.000 58.000 55.000 55.000 66.000 66.000 59.000 70.000 70.000 70.000 45.000 45.000 46.000 46.000 46.000 60.000 61.000 60.000 59.000 60.000 60.000 60.000 59.000 60.000 60.000 59.000 60.000 61.000 62.000 62.000 61.000 61.000 61.000 60.000 68.000 64.000 61.000 60.000 64.000 60.000 60.000 60.000 60.000 60.000 64.000 0.000 11.000 18.000 22.000 14.000 7.000 11.000 0.000 0.000 14.000 7.000 54.000 54.000 54.000 54.000 62.000 66.000 63.000 69.000 69.000 66.000 62.000 69.000 63.000 63.000 66.000 66.000 62.000 66.000 66.000 67.000 66.000 63.000 61.000 61.000 61.000 63.000 56.000 56.000 56.000 56.000 29.000 28.000 31.000 59.000 62.000 61.000 62.000 62.000 58.000 58.000 63.000 66.000 63.000 57.000 57.000 69.000 69.000 69.000 64.000 64.000 60.000 59.000 59.000 60.000 58.000 59.000 59.000 60.000 60.000 60.000 59.000 60.000 60.000 59.000 60.000 70.000 67.000 67.000 70.000 68.000 68.000 68.000 71.000 67.000 67.000 68.000 68.000 67.000 67.000 68.000 68.000 72.000 72.000 71.000 71.000 67.000 67.000 67.000 63.000 67.000 66.000 63.000 67.000 48.000 48.000 70.000 70.000 56.000 59.000 67.000 59.000 61.000 76.000 76.000 72.000 60.000 67.000 66.000 64.000 68.000 67.000 56.000 59.000 63.000 63.000 63.000 63.000 67.000 67.000 63.000 70.000 70.000 66.000 66.000
VAdist TRAV23-6*01 61.000 51.000 51.000 55.000 55.000 55.000 48.000 48.000 49.000 49.000 47.000 47.000 38.000 38.000 38.000 41.000 42.000 38.000 41.000 29.000 40.000 40.000 34.000 70.000 66.000 65.000 66.000 64.000 64.000 64.000 67.000 64.000 67.000 66.000 58.000 55.000 55.000 66.000 66.000 59.000 70.000 70.000 70.000 45.000 45.000 46.000 46.000 46.000 60.000 61.000 60.000 59.000 60.000 60.000 60.000 59.000 60.000 60.000 59.000 60.000 61.000 62.000 62.000 61.000 61.000 61.000 60.000 68.000 64.000 61.000 60.000 64.000 60.000 60.000 60.000 60.000 60.000 64.000 0.000 11.000 18.000 22.000 14.000 7.000 11.000 0.000 0.000 14.000 7.000 54.000 54.000 54.000 54.000 62.000 66.000 63.000 69.000 69.000 66.000 62.000 69.000 63.000 63.000 66.000 66.000 62.000 66.000 66.000 67.000 66.000 63.000 61.000 61.000 61.000 63.000 56.000 56.000 56.000 56.000 29.000 28.000 31.000 59.000 62.000 61.000 62.000 62.000 58.000 58.000 63.000 66.000 63.000 57.000 57.000 69.000 69.000 69.000 64.000 64.000 60.000 59.000 59.000 60.000 58.000 59.000 59.000 60.000 60.000 60.000 59.000 60.000 60.000 59.000 60.000 70.000 67.000 67.000 70.000 68.000 68.000 68.000 71.000 67.000 67.000 68.000 68.000 67.000 67.000 68.000 68.000 72.000 72.000 71.000 71.000 67.000 67.000 67.000 63.000 67.000 66.000 63.000 67.000 48.000 48.000 70.000 70.000 56.000 59.000 67.000 59.000 61.000 76.000 76.000 72.000 60.000 67.000 66.000 64.000 68.000 67.000 56.000 59.000 63.000 63.000 63.000 63.000 67.000 67.000 63.000 70.000 70.000 66.000 66.000
VAdist TRAV23-8*01 64.000 52.000 52.000 51.000 51.000 51.000 50.000 50.000 51.000 47.000 49.000 49.000 39.000 40.000 40.000 42.000 45.000 36.000 42.000 30.000 42.000 42.000 39.000 71.000 67.000 68.000 67.000 67.000 67.000 67.000 68.000 67.000 68.000 67.000 62.000 59.000 59.000 70.000 70.000 63.000 70.000 70.000 70.000 45.000 45.000 46.000 46.000 46.000 61.000 62.000 62.000 61.000 57.000 57.000 61.000 61.000 61.000 61.000 61.000 61.000 57.000 63.000 63.000 57.000 62.000 62.000 57.000 68.000 65.000 66.000 65.000 65.000 57.000 61.000 61.000 57.000 57.000 65.000 14.000 3.000 19.000 23.000 22.000 15.000 19.000 14.000 14.000 0.000 15.000 54.000 54.000 54.000 54.000 68.000 70.000 71.000 71.000 71.000 68.000 70.000 71.000 71.000 71.000 70.000 70.000 68.000 68.000 68.000 72.000 70.000 71.000 59.000 59.000 59.000 65.000 58.000 58.000 58.000 58.000 39.000 38.000 38.000 62.000 65.000 61.000 68.000 68.000 58.000 58.000 63.000 66.000 63.000 57.000 57.000 64.000 64.000 64.000 66.000 65.000 62.000 61.000 61.000 62.000 60.000 61.000 61.000 61.000 61.000 61.000 60.000 61.000 61.000 61.000 62.000 70.000 66.000 66.000 68.000 67.000 66.000 67.000 70.000 66.000 66.000 67.000 66.000 65.000 65.000 67.000 67.000 70.000 71.000 70.000 70.000 66.000 70.000 70.000 66.000 70.000 69.000 66.000 70.000 42.000 42.000 72.000 72.000 61.000 64.000 67.000 59.000 61.000 75.000 75.000 71.000 65.000 67.000 71.000 63.000 67.000 67.000 61.000 64.000 63.000 63.000 63.000 63.000 67.000 67.000 63.000 70.000 70.000 66.000 66.000
VAdist TRAV23S1*01 61.000 51.000 51.000 56.000 56.000 56.000 48.000 48.000 49.000 49.000 47.000 47.000 42.000 42.000 42.000 48.000 43.000 42.000 44.000 36.000 44.000 44.000 38.000 70.000 66.000 65.000 66.000 64.000 64.000 64.000 67.000 64.000 67.000 66.000 62.000 59.000 59.000 66.000 66.000 59.000 70.000 70.000 70.000 45.000 45.000 47.000 47.000 47.000 60.000 61.000 60.000 59.000 60.000 60.000 60.000 59.000 60.000 60.000 59.000 60.000 61.000 62.000 62.000 61.000 61.000 61.000 60.000 68.000 64.000 61.000 60.000 64.000 60.000 60.000 60.000 60.000 60.000 64.000 7.000 12.000 21.000 25.000 7.000 0.000 4.000 7.000 7.000 15.000 0.000 54.000 54.000 54.000 54.000 62.000 66.000 63.000 69.000 69.000 66.000 62.000 69.000 63.000 63.000 66.000 66.000 62.000 66.000 66.000 67.000 66.000 63.000 61.000 61.000 61.000 63.000 56.000 56.000 56.000 56.000 30.000 29.000 32.000 59.000 62.000 61.000 62.000 62.000 58.000 58.000 63.000 66.000 63.000 57.000 57.000 69.000 69.000 69.000 64.000 64.000 60.000 59.000 59.000 60.000 58.000 59.000 59.000 60.000 60.000 60.000 59.000 60.000 60.000 59.000 60.000 70.000 67.000 67.000 70.000 68.000 68.000 68.000 71.000 67.000 67.000 68.000 68.000 67.000 67.000 68.000 68.000 72.000 72.000 71.000 71.000 67.000 67.000 67.000 63.000 67.000 66.000 63.000 67.000 45.000 45.000 70.000 70.000 56.000 59.000 67.000 59.000 61.000 76.000 76.000 72.000 60.000 67.000 66.000 64.000 68.000 67.000 56.000 59.000 63.000 63.000 63.000 63.000 68.000 68.000 63.000 70.000 70.000 66.000 66.000
VAdist TRAV24-3*01 61.000 59.000 59.000 56.000 56.000 56.000 61.000 61.000 59.000 59.000 63.000 63.000 59.000 62.000 62.000 59.000 52.000 56.000 55.000 56.000 58.000 58.000 58.000 82.000 78.000 75.000 78.000 74.000 74.000 74.000 78.000 74.000 66.000 65.000 57.000 57.000 57.000 58.000 62.000 58.000 78.000 71.000 71.000 54.000 49.000 56.000 56.000 56.000 66.000 64.000 63.000 59.000 66.000 66.000 55.000 62.000 66.000 62.000 62.000 55.000 62.000 66.000 66.000 61.000 66.000 66.000 66.000 56.000 66.000 66.000 66.000 66.000 66.000 62.000 62.000 66.000 66.000 66.000 54.000 54.000 51.000 55.000 53.000 54.000 58.000 54.000 54.000 54.000 54.000 0.000 4.000 0.000 4.000 60.000 59.000 55.000 60.000 60.000 59.000 57.000 60.000 55.000 55.000 60.000 60.000 59.000 59.000 59.000 55.000 59.000 55.000 74.000 74.000 74.000 65.000 49.000 49.000 48.000 48.000 57.000 57.000 58.000 70.000 70.000 67.000 62.000 62.000 50.000 50.000 78.000 78.000 77.000 55.000 55.000 75.000 75.000 75.000 52.000 52.000 49.000 48.000 49.000 49.000 51.000 49.000 49.000 52.000 52.000 52.000 50.000 52.000 52.000 51.000 52.000 78.000 77.000 74.000 71.000 78.000 75.000 78.000 78.000 74.000 74.000 79.000 74.000 70.000 70.000 79.000 78.000 74.000 77.000 77.000 78.000 74.000 68.000 68.000 73.000 71.000 75.000 75.000 69.000 51.000 51.000 68.000 68.000 68.000 68.000 76.000 61.000 61.000 75.000 75.000 76.000 62.000 76.000 68.000 72.000 76.000 76.000 68.000 68.000 49.000 45.000 49.000 49.000 57.000 57.000 45.000 61.000 61.000 58.000 57.000
VAdist TRAV24-4*01 62.000 60.000 60.000 52.000 52.000 52.000 61.000 61.000 59.000 59.000 63.000 63.000 59.000 62.000 62.000 60.000 56.000 57.000 56.000 56.000 58.000 58.000 58.000 78.000 74.000 71.000 74.000 70.000 70.000 70.000 74.000 70.000 66.000 65.000 58.000 58.000 58.000 58.000 62.000 58.000 74.000 67.000 67.000 54.000 49.000 52.000 52.000 52.000 66.000 64.000 64.000 63.000 66.000 66.000 59.000 63.000 66.000 62.000 63.000 59.000 62.000 66.000 66.000 61.000 66.000 66.000 66.000 56.000 66.000 66.000 66.000 66.000 66.000 62.000 62.000 66.000 66.000 66.000 54.000 54.000 51.000 55.000 53.000 54.000 58.000 54.000 54.000 54.000 54.000 4.000 0.000 4.000 0.000 60.000 55.000 59.000 56.000 56.000 55.000 61.000 56.000 59.000 59.000 56.000 56.000 60.000 55.000 55.000 59.000 55.000 59.000 74.000 74.000 74.000 66.000 49.000 49.000 49.000 49.000 57.000 57.000 59.000 70.000 70.000 63.000 63.000 63.000 50.000 50.000 74.000 78.000 73.000 55.000 55.000 75.000 75.000 75.000 53.000 53.000 53.000 52.000 53.000 53.000 52.000 53.000 53.000 52.000 52.000 52.000 51.000 52.000 52.000 52.000 52.000 78.000 77.000 74.000 71.000 78.000 75.000 78.000 78.000 74.000 74.000 79.000 74.000 70.000 70.000 79.000 78.000 74.000 77.000 77.000 78.000 74.000 72.000 68.000 73.000 71.000 75.000 75.000 69.000 52.000 52.000 68.000 68.000 68.000 68.000 76.000 62.000 62.000 75.000 75.000 76.000 63.000 76.000 68.000 72.000 76.000 76.000 68.000 68.000 49.000 45.000 49.000 49.000 57.000 57.000 45.000 61.000 61.000 58.000 57.000
VAdist TRAV24-6*01 61.000 59.000 59.000 56.000 56.000 56.000 61.000 61.000 59.000 59.000 63.000 63.000 59.000 62.000 62.000 59.000 52.000 56.000 55.000 56.000 58.000 58.000 58.000 82.000 78.000 75.000 78.000 74.000 74.000 74.000 78.000 74.000 66.000 65.000 57.000 57.000 57.000 58.000 62.000 58.000 78.000 71.000 71.000 54.000 49.000 56.000 56.000 56.000 66.000 64.000 63.000 59.000 66.000 66.000 55.000 62.000 66.000 62.000 62.000 55.000 62.000 66.000 66.000 61.000 66.000 66.000 66.000 56.000 66.000 66.000 66.000 66.000 66.000 62.000 62.000 66.000 66.000 66.000 54.000 54.000 51.000 55.000 53.000 54.000 58.000 54.000 54.000 54.000 54.000 0.000 4.000 0.000 4.000 60.000 59.000 55.000 60.000 60.000 59.000 57.000 60.000 55.000 55.000 60.000 60.000 59.000 59.000 59.000 55.000 59.000 55.000 74.000 74.000 74.000 65.000 49.000 49.000 48.000 48.000 57.000 57.000 58.000 70.000 70.000 67.000 62.000 62.000 50.000 50.000 78.000 78.000 77.000 55.000 55.000 75.000 75.000 75.000 52.000 52.000 49.000 48.000 49.000 49.000 51.000 49.000 49.000 52.000 52.000 52.000 50.000 52.000 52.000 51.000 52.000 78.000 77.000 74.000 71.000 78.000 75.000 78.000 78.000 74.000 74.000 79.000 74.000 70.000 70.000 79.000 78.000 74.000 77.000 77.000 78.000 74.000 68.000 68.000 73.000 71.000 75.000 75.000 69.000 51.000 51.000 68.000 68.000 68.000 68.000 76.000 61.000 61.000 75.000 75.000 76.000 62.000 76.000 68.000 72.000 76.000 76.000 68.000 68.000 49.000 45.000 49.000 49.000 57.000 57.000 45.000 61.000 61.000 58.000 57.000
VAdist TRAV24-8*01 62.000 60.000 60.000 52.000 52.000 52.000 61.000 61.000 59.000 59.000 63.000 63.000 59.000 62.000 62.000 60.000 56.000 57.000 56.000 56.000 58.000 58.000 58.000 78.000 74.000 71.000 74.000 70.000 70.000 70.000 74.000 70.000 66.000 65.000 58.000 58.000 58.000 58.000 62.000 58.000 74.000 67.000 67.000 54.000 49.000 52.000 52.000 52.000 66.000 64.000 64.000 63.000 66.000 66.000 59.000 63.000 66.000 62.000 63.000 59.000 62.000 66.000 66.000 61.000 66.000 66.000 66.000 56.000 66.000 66.000 66.000 66.000 66.000 62.000 62.000 66.000 66.000 66.000 54.000 54.000 51.000 55.000 53.000 54.000 58.000 54.000 54.000 54.000 54.000 4.000 0.000 4.000 0.000 60.000 55.000 59.000 56.000 56.000 55.000 61.000 56.000 59.000 59.000 56.000 56.000 60.000 55.000 55.000 59.000 55.000 59.000 74.000 74.000 74.000 66.000 49.000 49.000 49.000 49.000 57.000 57.000 59.000 70.000 70.000 63.000 63.000 63.000 50.000 50.000 74.000 78.000 73.000 55.000 55.000 75.000 75.000 75.000 53.000 53.000 53.000 52.000 53.000 53.000 52.000 53.000 53.000 52.000 52.000 52.000 51.000 52.000 52.000 52.000 52.000 78.000 77.000 74.000 71.000 78.000 75.000 78.000 78.000 74.000 74.000 79.000 74.000 70.000 70.000 79.000 78.000 74.000 77.000 77.000 78.000 74.000 72.000 68.000 73.000 71.000 75.000 75.000 69.000 52.000 52.000 68.000 68.000 68.000 68.000 76.000 62.000 62.000 75.000 75.000 76.000 63.000 76.000 68.000 72.000 76.000 76.000 68.000 68.000 49.000 45.000 49.000 49.000 57.000 57.000 45.000 61.000 61.000 58.000 57.000
VAdist TRAV25-1*01 68.000 57.000 61.000 64.000 64.000 64.000 64.000 64.000 60.000 60.000 64.000 64.000 65.000 65.000 65.000 61.000 59.000 59.000 61.000 57.000 60.000 60.000 62.000 75.000 74.000 75.000 74.000 74.000 74.000 74.000 70.000 74.000 71.000 71.000 68.000 65.000 65.000 62.000 63.000 67.000 82.000 75.000 75.000 60.000 60.000 64.000 64.000 64.000 62.000 61.000 58.000 57.000 62.000 62.000 61.000 57.000 62.000 65.000 57.000 58.000 67.000 61.000 61.000 66.000 59.000 59.000 59.000 64.000 62.000 62.000 62.000 66.000 59.000 65.000 65.000 59.000 59.000 62.000 62.000 67.000 71.000 71.000 63.000 62.000 64.000 62.000 62.000 68.000 62.000 60.000 60.000 60.000 60.000 0.000 29.000 21.000 23.000 23.000 11.000 25.000 19.000 21.000 21.000 18.000 14.000 8.000 19.000 19.000 26.000 29.000 21.000 70.000 70.000 70.000 35.000 57.000 57.000 57.000 57.000 53.000 53.000 59.000 64.000 61.000 71.000 23.000 23.000 63.000 63.000 75.000 75.000 75.000 58.000 58.000 71.000 71.000 71.000 56.000 56.000 60.000 56.000 57.000 58.000 56.000 57.000 57.000 55.000 55.000 55.000 55.000 55.000 55.000 57.000 56.000 71.000 71.000 67.000 69.000 69.000 69.000 69.000 79.000 67.000 67.000 69.000 69.000 67.000 68.000 69.000 71.000 68.000 75.000 69.000 79.000 67.000 67.000 69.000 66.000 68.000 69.000 70.000 69.000 64.000 64.000 63.000 63.000 57.000 60.000 71.000 61.000 62.000 71.000 71.000 72.000 65.000 71.000 62.000 66.000 67.000 71.000 57.000 60.000 64.000 60.000 64.000 64.000 68.000 68.000 60.000 65.000 65.000 61.000 61.000
VAdist TRAV25-13*01 66.000 62.000 62.000 63.000 63.000 63.000 70.000 70.000 66.000 66.000 67.000 67.000 71.000 71.000 71.000 64.000 65.000 65.000 64.000 63.000 66.000 66.000 65.000 70.000 69.000 72.000 69.000 71.000 71.000 71.000 65.000 71.000 70.000 70.000 61.000 64.000 64.000 57.000 58.000 61.000 77.000 71.000 71.000 63.000 62.000 58.000 58.000 58.000 67.000 58.000 66.000 65.000 67.000 67.000 66.000 65.000 67.000 62.000 65.000 67.000 67.000 67.000 67.000 64.000 66.000 66.000 66.000 61.000 63.000 63.000 63.000 63.000 66.000 62.000 62.000 66.000 66.000 63.000 66.000 67.000 68.000 68.000 67.000 66.000 68.000 66.000 66.000 70.000 66.000 59.000 55.000 59.000 55.000 29.000 0.000 24.000 6.000 6.000 18.000 28.000 14.000 24.000 24.000 15.000 15.000 29.000 22.000 22.000 24.000 0.000 24.000 73.000 73.000 73.000 26.000 62.000 62.000 62.000 62.000 55.000 55.000 61.000 73.000 70.000 69.000 38.000 38.000 60.000 60.000 74.000 78.000 74.000 62.000 62.000 74.000 74.000 74.000 59.000 59.000 63.000 59.000 62.000 59.000 59.000 62.000 62.000 61.000 61.000 61.000 58.000 61.000 61.000 56.000 56.000 74.000 74.000 70.000 72.000 72.000 72.000 72.000 79.000 70.000 70.000 72.000 72.000 70.000 71.000 72.000 74.000 72.000 75.000 72.000 79.000 70.000 62.000 71.000 64.000 70.000 64.000 65.000 64.000 67.000 67.000 72.000 72.000 70.000 69.000 76.000 69.000 70.000 76.000 76.000 80.000 66.000 76.000 68.000 75.000 76.000 76.000 70.000 69.000 63.000 59.000 63.000 63.000 71.000 71.000 59.000 64.000 64.000 64.000 60.000
VAdist TRAV25-17*01 65.000 62.000 62.000 63.000 63.000 63.000 71.000 71.000 67.000 67.000 71.000 71.000 70.000 70.000 70.000 66.000 59.000 67.000 66.000 66.000 65.000 65.000 67.000 74.000 74.000 71.000 74.000 70.000 70.000 70.000 70.000 70.000 75.000 75.000 57.000 60.000 60.000 61.000 62.000 65.000 81.000 76.000 76.000 64.000 63.000 62.000 62.000 62.000 63.000 59.000 65.000 61.000 67.000 67.000 62.000 64.000 63.000 63.000 64.000 59.000 63.000 63.000 63.000 60.000 62.000 62.000 66.000 61.000 63.000 63.000 63.000 63.000 62.000 63.000 63.000 62.000 66.000 63.000 63.000 68.000 69.000 69.000 64.000 63.000 65.000 63.000 63.000 71.000 63.000 55.000 59.000 55.000 59.000 21.000 24.000 0.000 30.000 30.000 22.000 6.000 25.000 0.000 0.000 18.000 19.000 19.000 25.000 25.000 8.000 24.000 0.000 71.000 71.000 71.000 40.000 56.000 56.000 55.000 55.000 57.000 57.000 56.000 70.000 67.000 73.000 36.000 36.000 63.000 63.000 79.000 79.000 79.000 61.000 61.000 72.000 72.000 72.000 55.000 55.000 52.000 54.000 57.000 54.000 57.000 57.000 57.000 59.000 59.000 59.000 56.000 59.000 59.000 54.000 54.000 72.000 72.000 68.000 71.000 70.000 70.000 70.000 77.000 68.000 68.000 70.000 70.000 69.000 69.000 70.000 72.000 70.000 73.000 70.000 78.000 68.000 64.000 67.000 63.000 70.000 70.000 71.000 67.000 66.000 66.000 67.000 67.000 66.000 65.000 72.000 61.000 62.000 72.000 72.000 76.000 65.000 72.000 63.000 72.000 72.000 72.000 66.000 65.000 67.000 63.000 67.000 67.000 71.000 71.000 63.000 65.000 65.000 67.000 67.000
VAdist TRAV25-19*01 69.000 56.000 60.000 60.000 60.000 60.000 67.000 67.000 63.000 63.000 64.000 64.000 68.000 68.000 68.000 61.000 62.000 62.000 61.000 60.000 63.000 63.000 62.000 74.000 73.000 76.000 73.000 75.000 75.000 75.000 69.000 75.000 71.000 71.000 65.000 68.000 68.000 63.000 64.000 64.000 78.000 71.000 71.000 63.000 63.000 61.000 61.000 61.000 63.000 62.000 60.000 59.000 63.000 63.000 63.000 59.000 63.000 66.000 59.000 64.000 68.000 61.000 61.000 67.000 60.000 60.000 60.000 64.000 63.000 63.000 63.000 67.000 60.000 66.000 66.000 60.000 60.000 63.000 69.000 70.000 71.000 71.000 70.000 69.000 71.000 69.000 69.000 71.000 69.000 60.000 56.000 60.000 56.000 23.000 6.000 30.000 0.000 0.000 18.000 34.000 8.000 30.000 30.000 15.000 15.000 23.000 22.000 22.000 27.000 6.000 30.000 73.000 73.000 73.000 27.000 65.000 65.000 65.000 65.000 58.000 58.000 64.000 76.000 73.000 70.000 35.000 35.000 63.000 63.000 74.000 78.000 74.000 63.000 63.000 74.000 74.000 74.000 60.000 60.000 66.000 62.000 63.000 60.000 62.000 63.000 63.000 62.000 62.000 62.000 61.000 62.000 62.000 59.000 59.000 74.000 74.000 70.000 72.000 72.000 72.000 72.000 79.000 70.000 70.000 72.000 72.000 70.000 71.000 72.000 74.000 71.000 75.000 72.000 79.000 70.000 65.000 74.000 67.000 73.000 67.000 68.000 67.000 67.000 67.000 72.000 72.000 73.000 72.000 79.000 69.000 70.000 79.000 79.000 80.000 66.000 79.000 71.000 78.000 79.000 79.000 73.000 72.000 64.000 60.000 64.000 64.000 72.000 72.000 60.000 65.000 65.000 65.000 61.000
VAdist TRAV25-19*02 69.000 56.000 60.000 60.000 60.000 60.000 67.000 67.000 63.000 63.000 64.000 64.000 68.000 68.000 68.000 61.000 62.000 62.000 61.000 60.000 63.000 63.000 62.000 74.000 73.000 76.000 73.000 75.000 75.000 75.000 69.000 75.000 71.000 71.000 65.000 68.000 68.000 63.000 64.000 64.000 78.000 71.000 71.000 63.000 63.000 61.000 61.000 61.000 63.000 62.000 60.000 59.000 63.000 63.000 63.000 59.000 63.000 66.000 59.000 64.000 68.000 61.000 61.000 67.000 60.000 60.000 60.000 64.000 63.000 63.000 63.000 67.000 60.000 66.000 66.000 60.000 60.000 63.000 69.000 70.000 71.000 71.000 70.000 69.000 71.000 69.000 69.000 71.000 69.000 60.000 56.000 60.000 56.000 23.000 6.000 30.000 0.000 0.000 18.000 34.000 8.000 30.000 30.000 15.000 15.000 23.000 22.000 22.000 27.000 6.000 30.000 73.000 73.000 73.000 27.000 65.000 65.000 65.000 65.000 58.000 58.000 64.000 76.000 73.000 70.000 35.000 35.000 63.000 63.000 74.000 78.000 74.000 63.000 63.000 74.000 74.000 74.000 60.000 60.000 66.000 62.000 63.000 60.000 62.000 63.000 63.000 62.000 62.000 62.000 61.000 62.000 62.000 59.000 59.000 74.000 74.000 70.000 72.000 72.000 72.000 72.000 79.000 70.000 70.000 72.000 72.000 70.000 71.000 72.000 74.000 71.000 75.000 72.000 79.000 70.000 65.000 74.000 67.000 73.000 67.000 68.000 67.000 67.000 67.000 72.000 72.000 73.000 72.000 79.000 69.000 70.000 79.000 79.000 80.000 66.000 79.000 71.000 78.000 79.000 79.000 73.000 72.000 64.000 60.000 64.000 64.000 72.000 72.000 60.000 65.000 65.000 65.000 61.000
VAdist TRAV25-2*01 68.000 60.000 60.000 63.000 63.000 63.000 64.000 64.000 60.000 60.000 61.000 61.000 65.000 65.000 65.000 61.000 59.000 59.000 61.000 57.000 60.000 60.000 59.000 68.000 67.000 70.000 67.000 69.000 69.000 69.000 63.000 69.000 75.000 75.000 67.000 64.000 64.000 56.000 57.000 64.000 78.000 71.000 71.000 60.000 59.000 60.000 60.000 60.000 63.000 58.000 62.000 61.000 63.000 63.000 65.000 61.000 63.000 62.000 61.000 62.000 66.000 64.000 64.000 63.000 62.000 62.000 62.000 61.000 59.000 59.000 59.000 63.000 62.000 62.000 62.000 62.000 62.000 59.000 66.000 67.000 71.000 71.000 67.000 66.000 68.000 66.000 66.000 68.000 66.000 59.000 55.000 59.000 55.000 11.000 18.000 22.000 18.000 18.000 0.000 26.000 14.000 22.000 22.000 13.000 9.000 15.000 8.000 8.000 27.000 18.000 22.000 70.000 70.000 70.000 31.000 56.000 56.000 56.000 56.000 55.000 55.000 61.000 68.000 65.000 66.000 27.000 27.000 60.000 60.000 71.000 75.000 71.000 57.000 57.000 71.000 71.000 71.000 57.000 57.000 58.000 54.000 57.000 58.000 54.000 57.000 57.000 55.000 55.000 55.000 53.000 55.000 55.000 55.000 54.000 71.000 71.000 67.000 69.000 69.000 69.000 69.000 79.000 67.000 67.000 69.000 69.000 67.000 68.000 69.000 71.000 69.000 75.000 69.000 79.000 67.000 64.000 73.000 66.000 72.000 66.000 67.000 66.000 64.000 64.000 64.000 64.000 62.000 65.000 71.000 64.000 65.000 68.000 68.000 72.000 69.000 71.000 63.000 70.000 71.000 71.000 62.000 65.000 67.000 63.000 67.000 67.000 71.000 71.000 63.000 68.000 68.000 64.000 64.000
VAdist TRAV25-21*01 69.000 66.000 66.000 65.000 65.000 65.000 67.000 67.000 71.000 71.000 67.000 67.000 66.000 66.000 66.000 70.000 61.000 63.000 70.000 70.000 61.000 61.000 63.000 74.000 74.000 71.000 74.000 70.000 70.000 70.000 70.000 70.000 75.000 75.000 55.000 58.000 58.000 61.000 62.000 65.000 81.000 76.000 76.000 64.000 63.000 66.000 66.000 66.000 61.000 63.000 61.000 57.000 63.000 63.000 58.000 60.000 61.000 59.000 60.000 55.000 61.000 61.000 61.000 58.000 64.000 64.000 62.000 65.000 59.000 63.000 59.000 59.000 60.000 59.000 59.000 60.000 62.000 59.000 62.000 67.000 68.000 68.000 63.000 62.000 64.000 62.000 62.000 70.000 62.000 57.000 61.000 57.000 61.000 25.000 28.000 6.000 34.000 34.000 26.000 0.000 29.000 6.000 6.000 22.000 23.000 23.000 29.000 29.000 14.000 28.000 6.000 69.000 69.000 69.000 40.000 58.000 58.000 57.000 57.000 61.000 61.000 58.000 70.000 67.000 73.000 36.000 36.000 63.000 63.000 79.000 79.000 79.000 57.000 57.000 70.000 70.000 70.000 57.000 57.000 52.000 56.000 59.000 56.000 59.000 59.000 59.000 61.000 61.000 61.000 58.000 61.000 61.000 56.000 56.000 70.000 70.000 66.000 69.000 68.000 68.000 68.000 75.000 66.000 66.000 68.000 68.000 67.000 67.000 68.000 70.000 68.000 71.000 68.000 76.000 66.000 64.000 67.000 63.000 70.000 70.000 71.000 67.000 70.000 70.000 67.000 67.000 66.000 65.000 72.000 61.000 62.000 72.000 72.000 76.000 65.000 72.000 63.000 72.000 72.000 72.000 66.000 65.000 67.000 63.000 67.000 67.000 71.000 71.000 63.000 63.000 63.000 67.000 67.000
VAdist TRAV25-22*01 68.000 55.000 59.000 59.000 59.000 59.000 67.000 67.000 63.000 63.000 64.000 64.000 68.000 68.000 68.000 61.000 62.000 62.000 61.000 60.000 63.000 63.000 62.000 74.000 73.000 75.000 73.000 74.000 74.000 74.000 69.000 74.000 71.000 71.000 65.000 68.000 68.000 63.000 64.000 64.000 78.000 71.000 71.000 63.000 63.000 61.000 61.000 61.000 63.000 62.000 60.000 59.000 63.000 63.000 63.000 59.000 63.000 66.000 59.000 64.000 68.000 61.000 61.000 67.000 60.000 60.000 60.000 64.000 63.000 63.000 63.000 67.000 60.000 66.000 66.000 60.000 60.000 63.000 69.000 70.000 71.000 71.000 70.000 69.000 71.000 69.000 69.000 71.000 69.000 60.000 56.000 60.000 56.000 19.000 14.000 25.000 8.000 8.000 14.000 29.000 0.000 25.000 25.000 7.000 11.000 15.000 14.000 14.000 22.000 14.000 25.000 73.000 73.000 73.000 30.000 64.000 64.000 64.000 64.000 58.000 58.000 64.000 72.000 69.000 70.000 34.000 34.000 63.000 63.000 74.000 78.000 74.000 59.000 59.000 74.000 74.000 74.000 59.000 59.000 66.000 62.000 63.000 60.000 62.000 63.000 63.000 61.000 61.000 61.000 61.000 61.000 61.000 59.000 58.000 74.000 74.000 70.000 72.000 72.000 72.000 72.000 79.000 70.000 70.000 72.000 72.000 70.000 71.000 72.000 74.000 71.000 75.000 72.000 79.000 70.000 65.000 73.000 63.000 73.000 63.000 64.000 66.000 67.000 67.000 68.000 68.000 69.000 68.000 75.000 65.000 66.000 75.000 75.000 76.000 62.000 75.000 67.000 74.000 75.000 75.000 69.000 68.000 60.000 56.000 60.000 60.000 72.000 72.000 56.000 61.000 61.000 61.000 57.000
VAdist TRAV25-23*01 65.000 62.000 62.000 63.000 63.000 63.000 71.000 71.000 67.000 67.000 71.000 71.000 70.000 70.000 70.000 66.000 59.000 67.000 66.000 66.000 65.000 65.000 67.000 74.000 74.000 71.000 74.000 70.000 70.000 70.000 70.000 70.000 75.000 75.000 57.000 60.000 60.000 61.000 62.000 65.000 81.000 76.000 76.000 64.000 63.000 62.000 62.000 62.000 63.000 59.000 65.000 61.000 67.000 67.000 62.000 64.000 63.000 63.000 64.000 59.000 63.000 63.000 63.000 60.000 62.000 62.000 66.000 61.000 63.000 63.000 63.000 63.000 62.000 63.000 63.000 62.000 66.000 63.000 63.000 68.000 69.000 69.000 64.000 63.000 65.000 63.000 63.000 71.000 63.000 55.000 59.000 55.000 59.000 21.000 24.000 0.000 30.000 30.000 22.000 6.000 25.000 0.000 0.000 18.000 19.000 19.000 25.000 25.000 8.000 24.000 0.000 71.000 71.000 71.000 40.000 56.000 56.000 55.000 55.000 57.000 57.000 56.000 70.000 67.000 73.000 36.000 36.000 63.000 63.000 79.000 79.000 79.000 61.000 61.000 72.000 72.000 72.000 55.000 55.000 52.000 54.000 57.000 54.000 57.000 57.000 57.000 59.000 59.000 59.000 56.000 59.000 59.000 54.000 54.000 72.000 72.000 68.000 71.000 70.000 70.000 70.000 77.000 68.000 68.000 70.000 70.000 69.000 69.000 70.000 72.000 70.000 73.000 70.000 78.000 68.000 64.000 67.000 63.000 70.000 70.000 71.000 67.000 66.000 66.000 67.000 67.000 66.000 65.000 72.000 61.000 62.000 72.000 72.000 76.000 65.000 72.000 63.000 72.000 72.000 72.000 66.000 65.000 67.000 63.000 67.000 67.000 71.000 71.000 63.000 65.000 65.000 67.000 67.000
VAdist TRAV25-25*01 65.000 62.000 62.000 63.000 63.000 63.000 71.000 71.000 67.000 67.000 71.000 71.000 70.000 70.000 70.000 66.000 59.000 67.000 66.000 66.000 65.000 65.000 67.000 74.000 74.000 71.000 74.000 70.000 70.000 70.000 70.000 70.000 75.000 75.000 57.000 60.000 60.000 61.000 62.000 65.000 81.000 76.000 76.000 64.000 63.000 62.000 62.000 62.000 63.000 59.000 65.000 61.000 67.000 67.000 62.000 64.000 63.000 63.000 64.000 59.000 63.000 63.000 63.000 60.000 62.000 62.000 66.000 61.000 63.000 63.000 63.000 63.000 62.000 63.000 63.000 62.000 66.000 63.000 63.000 68.000 69.000 69.000 64.000 63.000 65.000 63.000 63.000 71.000 63.000 55.000 59.000 55.000 59.000 21.000 24.000 0.000 30.000 30.000 22.000 6.000 25.000 0.000 0.000 18.000 19.000 19.000 25.000 25.000 8.000 24.000 0.000 71.000 71.000 71.000 40.000 56.000 56.000 55.000 55.000 57.000 57.000 56.000 70.000 67.000 73.000 36.000 36.000 63.000 63.000 79.000 79.000 79.000 61.000 61.000 72.000 72.000 72.000 55.000 55.000 52.000 54.000 57.000 54.000 57.000 57.000 57.000 59.000 59.000 59.000 56.000 59.000 59.000 54.000 54.000 72.000 72.000 68.000 71.000 70.000 70.000 70.000 77.000 68.000 68.000 70.000 70.000 69.000 69.000 70.000 72.000 70.000 73.000 70.000 78.000 68.000 64.000 67.000 63.000 70.000 70.000 71.000 67.000 66.000 66.000 67.000 67.000 66.000 65.000 72.000 61.000 62.000 72.000 72.000 76.000 65.000 72.000 63.000 72.000 72.000 72.000 66.000 65.000 67.000 63.000 67.000 67.000 71.000 71.000 63.000 65.000 65.000 67.000 67.000
VAdist TRAV25-26*01 65.000 62.000 66.000 59.000 59.000 59.000 70.000 70.000 66.000 66.000 67.000 67.000 71.000 71.000 71.000 64.000 65.000 65.000 64.000 63.000 66.000 66.000 65.000 73.000 72.000 74.000 72.000 73.000 73.000 73.000 68.000 73.000 74.000 74.000 62.000 65.000 65.000 60.000 61.000 61.000 77.000 71.000 71.000 63.000 63.000 58.000 58.000 58.000 66.000 61.000 63.000 62.000 66.000 66.000 63.000 62.000 66.000 65.000 62.000 60.000 68.000 64.000 64.000 67.000 63.000 63.000 63.000 64.000 66.000 66.000 66.000 66.000 63.000 65.000 65.000 63.000 63.000 66.000 66.000 67.000 68.000 68.000 67.000 66.000 68.000 66.000 66.000 70.000 66.000 60.000 56.000 60.000 56.000 18.000 15.000 18.000 15.000 15.000 13.000 22.000 7.000 18.000 18.000 0.000 4.000 14.000 13.000 13.000 26.000 15.000 18.000 73.000 73.000 73.000 33.000 60.000 60.000 60.000 60.000 55.000 55.000 61.000 69.000 66.000 70.000 37.000 37.000 63.000 63.000 74.000 78.000 74.000 59.000 59.000 74.000 74.000 74.000 59.000 59.000 62.000 58.000 59.000 56.000 58.000 59.000 59.000 57.000 57.000 57.000 57.000 57.000 57.000 55.000 54.000 74.000 74.000 70.000 72.000 72.000 72.000 72.000 79.000 70.000 70.000 72.000 72.000 70.000 71.000 72.000 74.000 71.000 75.000 72.000 79.000 70.000 62.000 70.000 60.000 70.000 60.000 61.000 63.000 67.000 67.000 68.000 68.000 66.000 65.000 72.000 58.000 59.000 75.000 75.000 76.000 63.000 72.000 64.000 71.000 72.000 72.000 66.000 65.000 64.000 60.000 64.000 64.000 72.000 72.000 60.000 65.000 65.000 61.000 61.000
VAdist TRAV25-26*02 65.000 63.000 67.000 60.000 60.000 60.000 70.000 70.000 66.000 66.000 67.000 67.000 71.000 71.000 71.000 64.000 65.000 65.000 64.000 63.000 66.000 66.000 65.000 73.000 72.000 75.000 72.000 74.000 74.000 74.000 68.000 74.000 74.000 74.000 62.000 65.000 65.000 56.000 57.000 61.000 77.000 71.000 71.000 63.000 63.000 58.000 58.000 58.000 66.000 61.000 63.000 62.000 66.000 66.000 63.000 62.000 66.000 65.000 62.000 60.000 68.000 64.000 64.000 67.000 63.000 63.000 63.000 64.000 66.000 66.000 66.000 66.000 63.000 65.000 65.000 63.000 63.000 66.000 66.000 67.000 68.000 68.000 67.000 66.000 68.000 66.000 66.000 70.000 66.000 60.000 56.000 60.000 56.000 14.000 15.000 19.000 15.000 15.000 9.000 23.000 11.000 19.000 19.000 4.000 0.000 18.000 17.000 17.000 27.000 15.000 19.000 73.000 73.000 73.000 33.000 60.000 60.000 60.000 60.000 55.000 55.000 61.000 65.000 62.000 70.000 33.000 33.000 63.000 63.000 74.000 78.000 74.000 59.000 59.000 74.000 74.000 74.000 59.000 59.000 62.000 58.000 59.000 56.000 58.000 59.000 59.000 57.000 57.000 57.000 57.000 57.000 57.000 55.000 54.000 74.000 74.000 70.000 72.000 72.000 72.000 72.000 79.000 70.000 70.000 72.000 72.000 70.000 71.000 72.000 74.000 71.000 75.000 72.000 79.000 70.000 62.000 71.000 64.000 70.000 64.000 65.000 64.000 67.000 67.000 64.000 64.000 62.000 61.000 68.000 58.000 59.000 71.000 71.000 72.000 63.000 68.000 60.000 67.000 68.000 68.000 62.000 61.000 68.000 64.000 68.000 68.000 72.000 72.000 64.000 69.000 69.000 65.000 65.000
VAdist TRAV25-3*01 68.000 56.000 60.000 63.000 63.000 63.000 64.000 64.000 60.000 60.000 64.000 64.000 65.000 65.000 65.000 61.000 58.000 59.000 61.000 57.000 60.000 60.000 62.000 75.000 74.000 74.000 74.000 73.000 73.000 73.000 70.000 73.000 75.000 75.000 64.000 61.000 61.000 66.000 67.000 67.000 82.000 75.000 75.000 60.000 60.000 64.000 64.000 64.000 62.000 61.000 54.000 56.000 62.000 62.000 60.000 53.000 62.000 65.000 53.000 57.000 67.000 61.000 61.000 66.000 59.000 59.000 59.000 64.000 62.000 62.000 62.000 66.000 59.000 65.000 65.000 59.000 59.000 62.000 62.000 67.000 71.000 71.000 63.000 62.000 64.000 62.000 62.000 68.000 62.000 59.000 60.000 59.000 60.000 8.000 29.000 19.000 23.000 23.000 15.000 23.000 15.000 19.000 19.000 14.000 18.000 0.000 15.000 15.000 24.000 29.000 19.000 70.000 70.000 70.000 31.000 57.000 57.000 53.000 53.000 53.000 53.000 59.000 72.000 69.000 71.000 27.000 27.000 63.000 63.000 75.000 75.000 75.000 58.000 58.000 71.000 71.000 71.000 52.000 52.000 59.000 55.000 56.000 57.000 56.000 56.000 56.000 55.000 55.000 55.000 55.000 55.000 55.000 57.000 56.000 71.000 71.000 67.000 69.000 69.000 69.000 69.000 79.000 67.000 67.000 69.000 69.000 67.000 68.000 69.000 71.000 68.000 75.000 69.000 79.000 67.000 66.000 72.000 62.000 72.000 65.000 66.000 68.000 64.000 64.000 67.000 67.000 65.000 68.000 75.000 57.000 58.000 75.000 75.000 76.000 61.000 75.000 66.000 74.000 75.000 75.000 65.000 68.000 64.000 60.000 64.000 64.000 72.000 72.000 60.000 65.000 65.000 61.000 61.000
VAdist TRAV25-4*01 68.000 59.000 59.000 64.000 64.000 64.000 64.000 64.000 60.000 60.000 61.000 61.000 65.000 65.000 65.000 61.000 59.000 59.000 61.000 57.000 60.000 60.000 59.000 68.000 67.000 69.000 67.000 68.000 68.000 68.000 67.000 68.000 75.000 75.000 64.000 61.000 61.000 60.000 61.000 64.000 78.000 71.000 71.000 60.000 59.000 60.000 60.000 60.000 63.000 58.000 62.000 61.000 63.000 63.000 65.000 61.000 63.000 62.000 61.000 62.000 66.000 64.000 64.000 63.000 62.000 62.000 62.000 61.000 59.000 59.000 59.000 63.000 62.000 62.000 62.000 62.000 62.000 59.000 66.000 67.000 71.000 71.000 67.000 66.000 68.000 66.000 66.000 68.000 66.000 59.000 55.000 59.000 55.000 19.000 22.000 25.000 22.000 22.000 8.000 29.000 14.000 25.000 25.000 13.000 17.000 15.000 0.000 3.000 30.000 22.000 25.000 74.000 74.000 74.000 35.000 56.000 56.000 56.000 56.000 55.000 55.000 61.000 73.000 70.000 68.000 35.000 35.000 60.000 60.000 71.000 75.000 71.000 57.000 57.000 75.000 75.000 75.000 57.000 57.000 58.000 54.000 57.000 58.000 54.000 57.000 57.000 55.000 55.000 55.000 53.000 55.000 55.000 55.000 54.000 75.000 75.000 71.000 73.000 73.000 73.000 73.000 79.000 71.000 71.000 73.000 73.000 71.000 72.000 73.000 73.000 73.000 77.000 73.000 79.000 71.000 64.000 72.000 62.000 72.000 62.000 63.000 65.000 64.000 64.000 68.000 68.000 66.000 69.000 75.000 64.000 65.000 72.000 72.000 76.000 69.000 75.000 67.000 74.000 75.000 75.000 66.000 69.000 63.000 59.000 63.000 63.000 71.000 71.000 59.000 64.000 64.000 60.000 60.000
VAdist TRAV25-6*01 68.000 59.000 59.000 64.000 64.000 64.000 64.000 64.000 60.000 60.000 61.000 61.000 65.000 65.000 65.000 61.000 59.000 59.000 61.000 57.000 60.000 60.000 59.000 68.000 67.000 69.000 67.000 68.000 68.000 68.000 67.000 68.000 75.000 75.000 66.000 63.000 63.000 60.000 61.000 64.000 78.000 71.000 71.000 60.000 59.000 60.000 60.000 60.000 63.000 58.000 62.000 61.000 63.000 63.000 65.000 61.000 63.000 62.000 61.000 62.000 66.000 64.000 64.000 63.000 62.000 62.000 62.000 61.000 59.000 59.000 59.000 63.000 62.000 62.000 62.000 62.000 62.000 59.000 66.000 67.000 71.000 71.000 67.000 66.000 68.000 66.000 66.000 68.000 66.000 59.000 55.000 59.000 55.000 19.000 22.000 25.000 22.000 22.000 8.000 29.000 14.000 25.000 25.000 13.000 17.000 15.000 3.000 0.000 30.000 22.000 25.000 74.000 74.000 74.000 35.000 56.000 56.000 56.000 56.000 55.000 55.000 61.000 73.000 70.000 68.000 35.000 35.000 60.000 60.000 71.000 75.000 71.000 57.000 57.000 75.000 75.000 75.000 57.000 57.000 58.000 54.000 57.000 58.000 54.000 57.000 57.000 55.000 55.000 55.000 53.000 55.000 55.000 55.000 54.000 75.000 75.000 71.000 73.000 73.000 73.000 73.000 79.000 71.000 71.000 73.000 73.000 71.000 72.000 73.000 73.000 73.000 77.000 73.000 79.000 71.000 64.000 72.000 62.000 72.000 62.000 63.000 65.000 64.000 64.000 68.000 68.000 66.000 69.000 75.000 64.000 65.000 72.000 72.000 76.000 69.000 75.000 67.000 74.000 75.000 75.000 66.000 69.000 63.000 59.000 63.000 63.000 71.000 71.000 59.000 64.000 64.000 60.000 60.000
VAdist TRAV25-7*01 69.000 59.000 59.000 63.000 63.000 63.000 72.000 72.000 68.000 68.000 72.000 72.000 71.000 71.000 71.000 67.000 60.000 68.000 67.000 67.000 66.000 66.000 68.000 75.000 75.000 72.000 75.000 71.000 71.000 71.000 71.000 71.000 72.000 72.000 61.000 64.000 64.000 65.000 66.000 69.000 82.000 76.000 76.000 64.000 63.000 66.000 66.000 66.000 64.000 60.000 66.000 62.000 68.000 68.000 62.000 65.000 64.000 64.000 65.000 63.000 63.000 64.000 64.000 60.000 63.000 63.000 67.000 61.000 64.000 64.000 64.000 64.000 63.000 64.000 64.000 63.000 67.000 64.000 67.000 72.000 73.000 73.000 68.000 67.000 69.000 67.000 67.000 72.000 67.000 55.000 59.000 55.000 59.000 26.000 24.000 8.000 27.000 27.000 27.000 14.000 22.000 8.000 8.000 26.000 27.000 24.000 30.000 30.000 0.000 24.000 8.000 71.000 71.000 71.000 37.000 60.000 60.000 59.000 59.000 61.000 61.000 60.000 74.000 71.000 73.000 37.000 37.000 63.000 63.000 79.000 79.000 79.000 61.000 61.000 72.000 72.000 72.000 55.000 55.000 56.000 58.000 61.000 58.000 61.000 61.000 61.000 63.000 63.000 63.000 60.000 63.000 63.000 58.000 58.000 72.000 72.000 68.000 71.000 70.000 70.000 70.000 77.000 68.000 68.000 70.000 70.000 69.000 69.000 70.000 72.000 70.000 73.000 70.000 78.000 68.000 68.000 71.000 67.000 74.000 74.000 75.000 71.000 66.000 66.000 67.000 67.000 70.000 69.000 76.000 69.000 70.000 72.000 72.000 76.000 65.000 76.000 67.000 76.000 76.000 76.000 70.000 69.000 63.000 59.000 63.000 63.000 71.000 71.000 59.000 61.000 61.000 67.000 63.000
VAdist TRAV25-8*01 66.000 62.000 62.000 63.000 63.000 63.000 70.000 70.000 66.000 66.000 67.000 67.000 71.000 71.000 71.000 64.000 65.000 65.000 64.000 63.000 66.000 66.000 65.000 70.000 69.000 72.000 69.000 71.000 71.000 71.000 65.000 71.000 70.000 70.000 61.000 64.000 64.000 57.000 58.000 61.000 77.000 71.000 71.000 63.000 62.000 58.000 58.000 58.000 67.000 58.000 66.000 65.000 67.000 67.000 66.000 65.000 67.000 62.000 65.000 67.000 67.000 67.000 67.000 64.000 66.000 66.000 66.000 61.000 63.000 63.000 63.000 63.000 66.000 62.000 62.000 66.000 66.000 63.000 66.000 67.000 68.000 68.000 67.000 66.000 68.000 66.000 66.000 70.000 66.000 59.000 55.000 59.000 55.000 29.000 0.000 24.000 6.000 6.000 18.000 28.000 14.000 24.000 24.000 15.000 15.000 29.000 22.000 22.000 24.000 0.000 24.000 73.000 73.000 73.000 26.000 62.000 62.000 62.000 62.000 55.000 55.000 61.000 73.000 70.000 69.000 38.000 38.000 60.000 60.000 74.000 78.000 74.000 62.000 62.000 74.000 74.000 74.000 59.000 59.000 63.000 59.000 62.000 59.000 59.000 62.000 62.000 61.000 61.000 61.000 58.000 61.000 61.000 56.000 56.000 74.000 74.000 70.000 72.000 72.000 72.000 72.000 79.000 70.000 70.000 72.000 72.000 70.000 71.000 72.000 74.000 72.000 75.000 72.000 79.000 70.000 62.000 71.000 64.000 70.000 64.000 65.000 64.000 67.000 67.000 72.000 72.000 70.000 69.000 76.000 69.000 70.000 76.000 76.000 80.000 66.000 76.000 68.000 75.000 76.000 76.000 70.000 69.000 63.000 59.000 63.000 63.000 71.000 71.000 59.000 64.000 64.000 64.000 60.000
VAdist TRAV25-9*01 65.000 62.000 62.000 63.000 63.000 63.000 71.000 71.000 67.000 67.000 71.000 71.000 70.000 70.000 70.000 66.000 59.000 67.000 66.000 66.000 65.000 65.000 67.000 74.000 74.000 71.000 74.000 70.000 70.000 70.000 70.000 70.000 75.000 75.000 57.000 60.000 60.000 61.000 62.000 65.000 81.000 76.000 76.000 64.000 63.000 62.000 62.000 62.000 63.000 59.000 65.000 61.000 67.000 67.000 62.000 64.000 63.000 63.000 64.000 59.000 63.000 63.000 63.000 60.000 62.000 62.000 66.000 61.000 63.000 63.000 63.000 63.000 62.000 63.000 63.000 62.000 66.000 63.000 63.000 68.000 69.000 69.000 64.000 63.000 65.000 63.000 63.000 71.000 63.000 55.000 59.000 55.000 59.000 21.000 24.000 0.000 30.000 30.000 22.000 6.000 25.000 0.000 0.000 18.000 19.000 19.000 25.000 25.000 8.000 24.000 0.000 71.000 71.000 71.000 40.000 56.000 56.000 55.000 55.000 57.000 57.000 56.000 70.000 67.000 73.000 36.000 36.000 63.000 63.000 79.000 79.000 79.000 61.000 61.000 72.000 72.000 72.000 55.000 55.000 52.000 54.000 57.000 54.000 57.000 57.000 57.000 59.000 59.000 59.000 56.000 59.000 59.000 54.000 54.000 72.000 72.000 68.000 71.000 70.000 70.000 70.000 77.000 68.000 68.000 70.000 70.000 69.000 69.000 70.000 72.000 70.000 73.000 70.000 78.000 68.000 64.000 67.000 63.000 70.000 70.000 71.000 67.000 66.000 66.000 67.000 67.000 66.000 65.000 72.000 61.000 62.000 72.000 72.000 76.000 65.000 72.000 63.000 72.000 72.000 72.000 66.000 65.000 67.000 63.000 67.000 67.000 71.000 71.000 63.000 65.000 65.000 67.000 67.000
VAdist TRAV26-1*01 69.000 72.000 72.000 70.000 66.000 70.000 56.000 56.000 56.000 56.000 57.000 57.000 55.000 58.000 58.000 66.000 58.000 61.000 66.000 60.000 60.000 60.000 58.000 59.000 59.000 70.000 63.000 66.000 66.000 66.000 59.000 66.000 60.000 60.000 68.000 65.000 65.000 71.000 67.000 66.000 62.000 57.000 57.000 70.000 69.000 70.000 70.000 70.000 60.000 63.000 69.000 69.000 62.000 62.000 69.000 69.000 60.000 63.000 69.000 69.000 60.000 62.000 62.000 60.000 60.000 60.000 62.000 65.000 63.000 67.000 67.000 63.000 60.000 63.000 63.000 60.000 62.000 63.000 61.000 60.000 64.000 64.000 64.000 61.000 61.000 61.000 61.000 59.000 61.000 74.000 74.000 74.000 74.000 70.000 73.000 71.000 73.000 73.000 70.000 69.000 73.000 71.000 71.000 73.000 73.000 70.000 74.000 74.000 71.000 73.000 71.000 0.000 4.000 4.000 67.000 69.000 69.000 69.000 69.000 67.000 67.000 65.000 65.000 68.000 61.000 67.000 67.000 72.000 72.000 61.000 61.000 60.000 68.000 68.000 35.000 35.000 35.000 68.000 68.000 65.000 69.000 69.000 70.000 69.000 69.000 69.000 68.000 68.000 68.000 69.000 68.000 68.000 70.000 69.000 26.000 29.000 29.000 24.000 25.000 21.000 30.000 36.000 33.000 33.000 26.000 22.000 25.000 25.000 25.000 31.000 21.000 31.000 32.000 37.000 29.000 65.000 59.000 61.000 60.000 60.000 57.000 65.000 57.000 57.000 71.000 71.000 64.000 67.000 73.000 73.000 75.000 67.000 67.000 63.000 76.000 73.000 71.000 73.000 73.000 73.000 64.000 67.000 73.000 73.000 73.000 73.000 70.000 70.000 69.000 71.000 71.000 73.000 75.000
VAdist TRAV26-2*01 69.000 72.000 72.000 70.000 66.000 70.000 60.000 60.000 60.000 60.000 61.000 61.000 59.000 62.000 62.000 70.000 62.000 65.000 70.000 64.000 64.000 64.000 62.000 63.000 63.000 71.000 63.000 67.000 67.000 67.000 59.000 67.000 64.000 64.000 68.000 65.000 65.000 75.000 71.000 70.000 63.000 57.000 57.000 70.000 69.000 70.000 70.000 70.000 60.000 63.000 69.000 69.000 62.000 62.000 69.000 69.000 60.000 63.000 69.000 69.000 60.000 62.000 62.000 60.000 60.000 60.000 62.000 65.000 63.000 67.000 67.000 63.000 60.000 63.000 63.000 60.000 62.000 63.000 61.000 60.000 64.000 64.000 64.000 61.000 61.000 61.000 61.000 59.000 61.000 74.000 74.000 74.000 74.000 70.000 73.000 71.000 73.000 73.000 70.000 69.000 73.000 71.000 71.000 73.000 73.000 70.000 74.000 74.000 71.000 73.000 71.000 4.000 0.000 0.000 67.000 69.000 69.000 69.000 69.000 67.000 67.000 65.000 69.000 72.000 61.000 67.000 67.000 72.000 72.000 61.000 61.000 61.000 72.000 72.000 39.000 39.000 39.000 68.000 68.000 65.000 69.000 69.000 70.000 69.000 69.000 69.000 68.000 68.000 68.000 69.000 68.000 68.000 70.000 69.000 26.000 30.000 29.000 25.000 26.000 22.000 30.000 37.000 33.000 33.000 26.000 22.000 26.000 25.000 26.000 32.000 22.000 32.000 32.000 38.000 29.000 65.000 60.000 61.000 61.000 61.000 58.000 65.000 61.000 61.000 75.000 75.000 68.000 71.000 74.000 73.000 75.000 71.000 71.000 67.000 76.000 74.000 75.000 74.000 74.000 74.000 68.000 71.000 73.000 73.000 73.000 73.000 70.000 70.000 69.000 71.000 71.000 73.000 75.000
VAdist TRAV26-2*02 69.000 72.000 72.000 70.000 66.000 70.000 60.000 60.000 60.000 60.000 61.000 61.000 59.000 62.000 62.000 70.000 62.000 65.000 70.000 64.000 64.000 64.000 62.000 63.000 63.000 71.000 63.000 67.000 67.000 67.000 59.000 67.000 64.000 64.000 68.000 65.000 65.000 75.000 71.000 70.000 63.000 57.000 57.000 70.000 69.000 70.000 70.000 70.000 60.000 63.000 69.000 69.000 62.000 62.000 69.000 69.000 60.000 63.000 69.000 69.000 60.000 62.000 62.000 60.000 60.000 60.000 62.000 65.000 63.000 67.000 67.000 63.000 60.000 63.000 63.000 60.000 62.000 63.000 61.000 60.000 64.000 64.000 64.000 61.000 61.000 61.000 61.000 59.000 61.000 74.000 74.000 74.000 74.000 70.000 73.000 71.000 73.000 73.000 70.000 69.000 73.000 71.000 71.000 73.000 73.000 70.000 74.000 74.000 71.000 73.000 71.000 4.000 0.000 0.000 67.000 69.000 69.000 69.000 69.000 67.000 67.000 65.000 69.000 72.000 61.000 67.000 67.000 72.000 72.000 61.000 61.000 61.000 72.000 72.000 39.000 39.000 39.000 68.000 68.000 65.000 69.000 69.000 70.000 69.000 69.000 69.000 68.000 68.000 68.000 69.000 68.000 68.000 70.000 69.000 26.000 30.000 29.000 25.000 26.000 22.000 30.000 37.000 33.000 33.000 26.000 22.000 26.000 25.000 26.000 32.000 22.000 32.000 32.000 38.000 29.000 65.000 60.000 61.000 61.000 61.000 58.000 65.000 61.000 61.000 75.000 75.000 68.000 71.000 74.000 73.000 75.000 71.000 71.000 67.000 76.000 74.000 75.000 74.000 74.000 74.000 68.000 71.000 73.000 73.000 73.000 73.000 70.000 70.000 69.000 71.000 71.000 73.000 75.000
VAdist TRAV27*02 71.000 65.000 65.000 69.000 69.000 69.000 65.000 65.000 65.000 65.000 62.000 62.000 62.000 62.000 62.000 66.000 63.000 56.000 66.000 62.000 57.000 57.000 56.000 68.000 67.000 70.000 70.000 69.000 69.000 69.000 66.000 69.000 67.000 67.000 63.000 60.000 60.000 64.000 65.000 60.000 74.000 75.000 75.000 64.000 64.000 63.000 63.000 63.000 67.000 62.000 63.000 65.000 67.000 67.000 65.000 62.000 67.000 62.000 62.000 66.000 67.000 69.000 69.000 67.000 67.000 67.000 67.000 69.000 67.000 67.000 67.000 63.000 67.000 62.000 62.000 67.000 67.000 67.000 63.000 64.000 68.000 68.000 64.000 63.000 65.000 63.000 63.000 65.000 63.000 65.000 66.000 65.000 66.000 35.000 26.000 40.000 27.000 27.000 31.000 40.000 30.000 40.000 40.000 33.000 33.000 31.000 35.000 35.000 37.000 26.000 40.000 67.000 67.000 67.000 0.000 63.000 63.000 59.000 59.000 56.000 56.000 62.000 72.000 69.000 70.000 34.000 34.000 68.000 68.000 71.000 71.000 71.000 65.000 65.000 68.000 68.000 68.000 53.000 53.000 67.000 63.000 63.000 64.000 64.000 63.000 63.000 59.000 59.000 59.000 63.000 59.000 59.000 65.000 61.000 68.000 68.000 64.000 66.000 66.000 66.000 66.000 76.000 64.000 64.000 66.000 66.000 64.000 65.000 66.000 68.000 69.000 72.000 66.000 76.000 64.000 60.000 70.000 63.000 69.000 63.000 64.000 63.000 65.000 65.000 72.000 72.000 66.000 69.000 75.000 68.000 69.000 79.000 79.000 76.000 65.000 75.000 71.000 74.000 75.000 75.000 66.000 69.000 64.000 64.000 64.000 64.000 72.000 72.000 64.000 65.000 65.000 65.000 61.000
VAdist TRAV28-1*01 58.000 61.000 61.000 61.000 61.000 61.000 58.000 58.000 56.000 56.000 57.000 57.000 58.000 58.000 58.000 57.000 60.000 61.000 57.000 55.000 62.000 62.000 62.000 74.000 70.000 59.000 70.000 63.000 63.000 63.000 70.000 63.000 59.000 59.000 64.000 63.000 63.000 61.000 62.000 65.000 79.000 60.000 60.000 57.000 56.000 60.000 60.000 60.000 44.000 37.000 37.000 36.000 44.000 44.000 32.000 36.000 44.000 35.000 36.000 28.000 39.000 47.000 47.000 36.000 43.000 43.000 43.000 37.000 39.000 39.000 39.000 39.000 43.000 35.000 35.000 43.000 43.000 39.000 56.000 58.000 60.000 60.000 58.000 56.000 60.000 56.000 56.000 58.000 56.000 49.000 49.000 49.000 49.000 57.000 62.000 56.000 65.000 65.000 56.000 58.000 64.000 56.000 56.000 60.000 60.000 57.000 56.000 56.000 60.000 62.000 56.000 69.000 69.000 69.000 63.000 0.000 0.000 7.000 7.000 54.000 54.000 59.000 65.000 65.000 68.000 63.000 63.000 52.000 52.000 76.000 76.000 76.000 54.000 54.000 66.000 66.000 66.000 37.000 37.000 17.000 16.000 19.000 22.000 16.000 19.000 19.000 13.000 13.000 13.000 16.000 13.000 13.000 19.000 13.000 65.000 61.000 66.000 59.000 62.000 66.000 62.000 68.000 66.000 66.000 66.000 62.000 66.000 66.000 66.000 65.000 62.000 63.000 61.000 68.000 66.000 71.000 72.000 65.000 72.000 72.000 72.000 72.000 56.000 56.000 67.000 67.000 62.000 64.000 69.000 58.000 58.000 66.000 66.000 70.000 59.000 69.000 68.000 65.000 69.000 69.000 62.000 64.000 65.000 65.000 65.000 65.000 69.000 69.000 65.000 69.000 69.000 65.000 65.000
VAdist TRAV28-1*02 58.000 61.000 61.000 61.000 61.000 61.000 58.000 58.000 56.000 56.000 57.000 57.000 58.000 58.000 58.000 57.000 60.000 61.000 57.000 55.000 62.000 62.000 62.000 74.000 70.000 59.000 70.000 63.000 63.000 63.000 70.000 63.000 59.000 59.000 64.000 63.000 63.000 61.000 62.000 65.000 79.000 60.000 60.000 57.000 56.000 60.000 60.000 60.000 44.000 37.000 37.000 36.000 44.000 44.000 32.000 36.000 44.000 35.000 36.000 28.000 39.000 47.000 47.000 36.000 43.000 43.000 43.000 37.000 39.000 39.000 39.000 39.000 43.000 35.000 35.000 43.000 43.000 39.000 56.000 58.000 60.000 60.000 58.000 56.000 60.000 56.000 56.000 58.000 56.000 49.000 49.000 49.000 49.000 57.000 62.000 56.000 65.000 65.000 56.000 58.000 64.000 56.000 56.000 60.000 60.000 57.000 56.000 56.000 60.000 62.000 56.000 69.000 69.000 69.000 63.000 0.000 0.000 7.000 7.000 54.000 54.000 59.000 65.000 65.000 68.000 63.000 63.000 52.000 52.000 76.000 76.000 76.000 54.000 54.000 66.000 66.000 66.000 37.000 37.000 17.000 16.000 19.000 22.000 16.000 19.000 19.000 13.000 13.000 13.000 16.000 13.000 13.000 19.000 13.000 65.000 61.000 66.000 59.000 62.000 66.000 62.000 68.000 66.000 66.000 66.000 62.000 66.000 66.000 66.000 65.000 62.000 63.000 61.000 68.000 66.000 71.000 72.000 65.000 72.000 72.000 72.000 72.000 56.000 56.000 67.000 67.000 62.000 64.000 69.000 58.000 58.000 66.000 66.000 70.000 59.000 69.000 68.000 65.000 69.000 69.000 62.000 64.000 65.000 65.000 65.000 65.000 69.000 69.000 65.000 69.000 69.000 65.000 65.000
VAdist TRAV28-2*01 58.000 61.000 61.000 61.000 61.000 61.000 59.000 59.000 57.000 57.000 58.000 58.000 58.000 58.000 58.000 57.000 59.000 61.000 57.000 55.000 62.000 62.000 62.000 74.000 70.000 62.000 70.000 66.000 66.000 66.000 70.000 66.000 59.000 59.000 60.000 59.000 59.000 61.000 62.000 65.000 79.000 60.000 60.000 61.000 60.000 60.000 60.000 60.000 44.000 38.000 35.000 37.000 44.000 44.000 33.000 34.000 44.000 36.000 34.000 29.000 39.000 47.000 47.000 36.000 43.000 43.000 43.000 38.000 40.000 40.000 40.000 40.000 43.000 36.000 36.000 43.000 43.000 40.000 56.000 58.000 60.000 60.000 58.000 56.000 60.000 56.000 56.000 58.000 56.000 48.000 49.000 48.000 49.000 57.000 62.000 55.000 65.000 65.000 56.000 57.000 64.000 55.000 55.000 60.000 60.000 53.000 56.000 56.000 59.000 62.000 55.000 69.000 69.000 69.000 59.000 7.000 7.000 0.000 0.000 57.000 57.000 56.000 65.000 65.000 68.000 63.000 63.000 53.000 53.000 76.000 76.000 76.000 54.000 54.000 66.000 66.000 66.000 30.000 30.000 18.000 17.000 20.000 23.000 18.000 20.000 20.000 17.000 17.000 17.000 18.000 17.000 17.000 21.000 17.000 65.000 61.000 66.000 59.000 62.000 66.000 62.000 68.000 66.000 66.000 66.000 62.000 66.000 66.000 66.000 65.000 62.000 63.000 61.000 68.000 66.000 70.000 72.000 65.000 72.000 72.000 72.000 72.000 56.000 56.000 69.000 69.000 64.000 66.000 69.000 54.000 54.000 66.000 66.000 70.000 57.000 69.000 70.000 65.000 69.000 69.000 64.000 66.000 65.000 65.000 65.000 65.000 69.000 69.000 65.000 69.000 69.000 65.000 65.000
VAdist TRAV28-2*02 58.000 61.000 61.000 61.000 61.000 61.000 59.000 59.000 57.000 57.000 58.000 58.000 58.000 58.000 58.000 57.000 59.000 61.000 57.000 55.000 62.000 62.000 62.000 74.000 70.000 62.000 70.000 66.000 66.000 66.000 70.000 66.000 59.000 59.000 60.000 59.000 59.000 61.000 62.000 65.000 79.000 60.000 60.000 61.000 60.000 60.000 60.000 60.000 44.000 38.000 35.000 37.000 44.000 44.000 33.000 34.000 44.000 36.000 34.000 29.000 39.000 47.000 47.000 36.000 43.000 43.000 43.000 38.000 40.000 40.000 40.000 40.000 43.000 36.000 36.000 43.000 43.000 40.000 56.000 58.000 60.000 60.000 58.000 56.000 60.000 56.000 56.000 58.000 56.000 48.000 49.000 48.000 49.000 57.000 62.000 55.000 65.000 65.000 56.000 57.000 64.000 55.000 55.000 60.000 60.000 53.000 56.000 56.000 59.000 62.000 55.000 69.000 69.000 69.000 59.000 7.000 7.000 0.000 0.000 57.000 57.000 56.000 65.000 65.000 68.000 63.000 63.000 53.000 53.000 76.000 76.000 76.000 54.000 54.000 66.000 66.000 66.000 30.000 30.000 18.000 17.000 20.000 23.000 18.000 20.000 20.000 17.000 17.000 17.000 18.000 17.000 17.000 21.000 17.000 65.000 61.000 66.000 59.000 62.000 66.000 62.000 68.000 66.000 66.000 66.000 62.000 66.000 66.000 66.000 65.000 62.000 63.000 61.000 68.000 66.000 70.000 72.000 65.000 72.000 72.000 72.000 72.000 56.000 56.000 69.000 69.000 64.000 66.000 69.000 54.000 54.000 66.000 66.000 70.000 57.000 69.000 70.000 65.000 69.000 69.000 64.000 66.000 65.000 65.000 65.000 65.000 69.000 69.000 65.000 69.000 69.000 65.000 65.000
VAdist TRAV29-1*01 62.000 54.000 54.000 62.000 62.000 62.000 55.000 55.000 51.000 51.000 54.000 54.000 42.000 42.000 42.000 42.000 34.000 38.000 41.000 33.000 42.000 42.000 37.000 70.000 69.000 68.000 69.000 67.000 67.000 67.000 70.000 67.000 66.000 64.000 61.000 58.000 58.000 60.000 64.000 53.000 73.000 71.000 71.000 57.000 57.000 46.000 46.000 46.000 61.000 60.000 62.000 61.000 61.000 61.000 62.000 61.000 61.000 64.000 61.000 61.000 62.000 63.000 63.000 62.000 61.000 61.000 61.000 64.000 65.000 61.000 61.000 65.000 61.000 64.000 64.000 61.000 61.000 65.000 29.000 36.000 35.000 31.000 35.000 30.000 34.000 29.000 29.000 39.000 30.000 57.000 57.000 57.000 57.000 53.000 55.000 57.000 58.000 58.000 55.000 61.000 58.000 57.000 57.000 55.000 55.000 53.000 55.000 55.000 61.000 55.000 57.000 67.000 67.000 67.000 56.000 54.000 54.000 57.000 57.000 0.000 1.000 22.000 64.000 66.000 69.000 57.000 57.000 60.000 60.000 66.000 69.000 65.000 55.000 55.000 69.000 69.000 69.000 53.000 53.000 55.000 51.000 51.000 52.000 50.000 51.000 51.000 52.000 52.000 52.000 51.000 52.000 52.000 51.000 52.000 70.000 67.000 66.000 70.000 68.000 68.000 68.000 72.000 62.000 62.000 68.000 68.000 66.000 66.000 68.000 68.000 72.000 72.000 71.000 72.000 66.000 56.000 61.000 59.000 61.000 59.000 58.000 55.000 45.000 45.000 68.000 68.000 55.000 58.000 67.000 63.000 61.000 76.000 76.000 72.000 58.000 67.000 64.000 67.000 68.000 67.000 55.000 58.000 64.000 64.000 64.000 64.000 67.000 67.000 64.000 68.000 68.000 62.000 61.000
VAdist TRAV29-1*02 62.000 54.000 54.000 62.000 62.000 62.000 55.000 55.000 51.000 51.000 54.000 54.000 42.000 42.000 42.000 42.000 34.000 38.000 41.000 33.000 42.000 42.000 37.000 70.000 69.000 68.000 69.000 67.000 67.000 67.000 70.000 67.000 66.000 64.000 61.000 58.000 58.000 60.000 64.000 53.000 73.000 71.000 71.000 56.000 56.000 46.000 46.000 46.000 61.000 60.000 62.000 61.000 61.000 61.000 62.000 61.000 61.000 64.000 61.000 61.000 62.000 63.000 63.000 62.000 61.000 61.000 61.000 64.000 65.000 61.000 61.000 65.000 61.000 64.000 64.000 61.000 61.000 65.000 28.000 35.000 36.000 32.000 34.000 29.000 33.000 28.000 28.000 38.000 29.000 57.000 57.000 57.000 57.000 53.000 55.000 57.000 58.000 58.000 55.000 61.000 58.000 57.000 57.000 55.000 55.000 53.000 55.000 55.000 61.000 55.000 57.000 67.000 67.000 67.000 56.000 54.000 54.000 57.000 57.000 1.000 0.000 21.000 64.000 66.000 69.000 57.000 57.000 60.000 60.000 66.000 69.000 65.000 55.000 55.000 69.000 69.000 69.000 53.000 53.000 55.000 51.000 51.000 52.000 50.000 51.000 51.000 52.000 52.000 52.000 51.000 52.000 52.000 51.000 52.000 70.000 67.000 66.000 70.000 68.000 68.000 68.000 72.000 62.000 62.000 68.000 68.000 66.000 66.000 68.000 68.000 72.000 72.000 71.000 72.000 66.000 56.000 61.000 59.000 61.000 59.000 58.000 55.000 45.000 45.000 68.000 68.000 55.000 58.000 67.000 63.000 61.000 76.000 76.000 72.000 58.000 67.000 64.000 67.000 68.000 67.000 55.000 58.000 64.000 64.000 64.000 64.000 67.000 67.000 64.000 68.000 68.000 62.000 61.000
VAdist TRAV29-2*01 56.000 49.000 49.000 58.000 58.000 58.000 53.000 53.000 49.000 49.000 52.000 52.000 41.000 41.000 41.000 43.000 27.000 39.000 42.000 37.000 41.000 41.000 42.000 70.000 70.000 72.000 70.000 71.000 71.000 71.000 71.000 71.000 68.000 66.000 60.000 57.000 57.000 66.000 66.000 62.000 73.000 72.000 72.000 53.000 53.000 48.000 48.000 48.000 62.000 61.000 65.000 63.000 64.000 64.000 64.000 64.000 62.000 65.000 64.000 64.000 63.000 64.000 64.000 63.000 62.000 62.000 64.000 64.000 65.000 64.000 64.000 65.000 62.000 65.000 65.000 62.000 64.000 65.000 31.000 35.000 40.000 44.000 37.000 32.000 36.000 31.000 31.000 38.000 32.000 58.000 59.000 58.000 59.000 59.000 61.000 56.000 64.000 64.000 61.000 58.000 64.000 56.000 56.000 61.000 61.000 59.000 61.000 61.000 60.000 61.000 56.000 65.000 65.000 65.000 62.000 59.000 59.000 56.000 56.000 22.000 21.000 0.000 65.000 67.000 67.000 59.000 59.000 60.000 60.000 67.000 70.000 67.000 62.000 62.000 67.000 67.000 67.000 54.000 52.000 50.000 54.000 54.000 55.000 51.000 54.000 54.000 59.000 59.000 59.000 55.000 59.000 59.000 52.000 56.000 68.000 66.000 65.000 69.000 67.000 67.000 67.000 71.000 65.000 65.000 67.000 67.000 66.000 65.000 67.000 67.000 70.000 71.000 67.000 72.000 65.000 63.000 65.000 59.000 65.000 63.000 62.000 65.000 43.000 43.000 71.000 71.000 59.000 62.000 68.000 66.000 64.000 76.000 76.000 72.000 63.000 68.000 67.000 68.000 68.000 68.000 59.000 62.000 63.000 63.000 63.000 63.000 64.000 64.000 63.000 62.000 62.000 63.000 63.000
VAdist TRAV3*01 62.000 70.000 70.000 74.000 74.000 74.000 59.000 59.000 59.000 59.000 59.000 59.000 62.000 62.000 62.000 61.000 62.000 61.000 61.000 61.000 65.000 65.000 62.000 70.000 66.000 69.000 69.000 72.000 72.000 72.000 68.000 72.000 52.000 52.000 70.000 70.000 70.000 59.000 57.000 60.000 62.000 65.000 65.000 67.000 67.000 64.000 64.000 64.000 76.000 74.000 72.000 72.000 76.000 76.000 73.000 72.000 76.000 72.000 72.000 73.000 77.000 76.000 76.000 77.000 76.000 76.000 76.000 77.000 76.000 76.000 76.000 76.000 76.000 72.000 72.000 76.000 76.000 76.000 59.000 59.000 59.000 59.000 66.000 59.000 59.000 59.000 59.000 62.000 59.000 70.000 70.000 70.000 70.000 64.000 73.000 70.000 76.000 76.000 68.000 70.000 72.000 70.000 70.000 69.000 65.000 72.000 73.000 73.000 74.000 73.000 70.000 65.000 69.000 69.000 72.000 65.000 65.000 65.000 65.000 64.000 64.000 65.000 0.000 3.000 74.000 70.000 70.000 63.000 63.000 69.000 69.000 68.000 64.000 64.000 71.000 71.000 71.000 71.000 71.000 73.000 72.000 72.000 72.000 72.000 72.000 72.000 71.000 71.000 71.000 72.000 71.000 71.000 72.000 71.000 69.000 67.000 75.000 76.000 68.000 72.000 71.000 73.000 75.000 75.000 69.000 73.000 74.000 75.000 68.000 68.000 74.000 68.000 68.000 73.000 71.000 66.000 65.000 61.000 61.000 63.000 60.000 66.000 57.000 57.000 42.000 42.000 31.000 31.000 51.000 41.000 43.000 51.000 51.000 47.000 47.000 52.000 38.000 43.000 47.000 51.000 31.000 31.000 56.000 56.000 56.000 56.000 64.000 64.000 56.000 63.000 63.000 62.000 63.000
VAdist TRAV3*02 64.000 70.000 70.000 77.000 77.000 77.000 62.000 62.000 62.000 62.000 62.000 62.000 65.000 65.000 65.000 64.000 65.000 64.000 64.000 64.000 62.000 62.000 65.000 73.000 69.000 72.000 72.000 75.000 75.000 75.000 71.000 75.000 54.000 54.000 70.000 70.000 70.000 59.000 57.000 60.000 65.000 67.000 67.000 70.000 70.000 67.000 67.000 67.000 76.000 74.000 72.000 72.000 76.000 76.000 73.000 72.000 76.000 72.000 72.000 73.000 77.000 76.000 76.000 77.000 76.000 76.000 76.000 77.000 76.000 76.000 76.000 76.000 76.000 72.000 72.000 76.000 76.000 76.000 62.000 62.000 62.000 62.000 66.000 62.000 62.000 62.000 62.000 65.000 62.000 70.000 70.000 70.000 70.000 61.000 70.000 67.000 73.000 73.000 65.000 67.000 69.000 67.000 67.000 66.000 62.000 69.000 70.000 70.000 71.000 70.000 67.000 68.000 72.000 72.000 69.000 65.000 65.000 65.000 65.000 66.000 66.000 67.000 3.000 0.000 77.000 70.000 70.000 65.000 65.000 72.000 72.000 71.000 64.000 64.000 71.000 71.000 71.000 73.000 73.000 73.000 72.000 72.000 72.000 72.000 72.000 72.000 71.000 71.000 71.000 72.000 71.000 71.000 72.000 71.000 69.000 67.000 75.000 76.000 68.000 72.000 71.000 73.000 75.000 75.000 69.000 73.000 74.000 75.000 68.000 68.000 74.000 68.000 68.000 73.000 71.000 65.000 64.000 60.000 60.000 62.000 63.000 65.000 60.000 60.000 42.000 42.000 33.000 33.000 51.000 44.000 45.000 51.000 51.000 47.000 49.000 52.000 38.000 43.000 47.000 51.000 33.000 33.000 56.000 56.000 56.000 56.000 64.000 64.000 56.000 63.000 63.000 62.000 63.000
VAdist TRAV33-2*01 66.000 68.000 64.000 56.000 56.000 56.000 67.000 67.000 67.000 67.000 66.000 66.000 63.000 63.000 63.000 67.000 64.000 62.000 67.000 63.000 66.000 66.000 63.000 45.000 41.000 41.000 38.000 37.000 37.000 37.000 37.000 41.000 72.000 72.000 68.000 65.000 65.000 74.000 74.000 74.000 55.000 68.000 68.000 60.000 61.000 57.000 57.000 57.000 69.000 65.000 69.000 69.000 69.000 69.000 69.000 69.000 69.000 64.000 69.000 69.000 65.000 71.000 71.000 68.000 69.000 69.000 69.000 70.000 68.000 72.000 72.000 68.000 69.000 64.000 64.000 69.000 69.000 68.000 61.000 61.000 65.000 68.000 65.000 61.000 60.000 61.000 61.000 61.000 61.000 67.000 63.000 67.000 63.000 71.000 69.000 73.000 70.000 70.000 66.000 73.000 70.000 73.000 73.000 70.000 70.000 71.000 68.000 68.000 73.000 69.000 73.000 61.000 61.000 61.000 70.000 68.000 68.000 68.000 68.000 69.000 69.000 67.000 74.000 77.000 0.000 72.000 72.000 66.000 66.000 44.000 48.000 43.000 61.000 61.000 69.000 69.000 69.000 71.000 71.000 72.000 71.000 68.000 69.000 71.000 68.000 68.000 68.000 68.000 68.000 71.000 68.000 68.000 72.000 72.000 70.000 70.000 69.000 70.000 70.000 70.000 70.000 75.000 70.000 70.000 70.000 70.000 70.000 70.000 70.000 68.000 70.000 72.000 70.000 75.000 70.000 74.000 71.000 76.000 72.000 74.000 71.000 74.000 60.000 60.000 78.000 78.000 65.000 68.000 79.000 70.000 72.000 77.000 77.000 78.000 71.000 79.000 78.000 75.000 79.000 79.000 65.000 68.000 72.000 72.000 72.000 72.000 67.000 67.000 68.000 72.000 72.000 70.000 70.000
VAdist TRAV35*01 64.000 61.000 61.000 71.000 71.000 71.000 65.000 65.000 65.000 65.000 65.000 65.000 66.000 66.000 66.000 66.000 63.000 60.000 66.000 61.000 64.000 64.000 63.000 77.000 76.000 77.000 76.000 76.000 76.000 76.000 72.000 76.000 74.000 74.000 68.000 65.000 65.000 64.000 60.000 67.000 83.000 71.000 71.000 61.000 61.000 69.000 69.000 69.000 62.000 66.000 62.000 60.000 62.000 62.000 64.000 61.000 62.000 66.000 61.000 65.000 66.000 64.000 64.000 66.000 62.000 62.000 62.000 69.000 63.000 63.000 63.000 67.000 62.000 66.000 66.000 62.000 62.000 63.000 62.000 67.000 72.000 72.000 62.000 62.000 64.000 62.000 62.000 68.000 62.000 62.000 63.000 62.000 63.000 23.000 38.000 36.000 35.000 35.000 27.000 36.000 34.000 36.000 36.000 37.000 33.000 27.000 35.000 35.000 37.000 38.000 36.000 67.000 67.000 67.000 34.000 63.000 63.000 63.000 63.000 57.000 57.000 59.000 70.000 70.000 72.000 0.000 0.000 62.000 62.000 76.000 76.000 76.000 58.000 58.000 71.000 71.000 71.000 58.000 58.000 66.000 62.000 62.000 63.000 59.000 62.000 62.000 60.000 60.000 60.000 58.000 60.000 60.000 60.000 62.000 67.000 66.000 66.000 65.000 64.000 64.000 68.000 74.000 66.000 66.000 64.000 64.000 66.000 67.000 64.000 66.000 65.000 70.000 65.000 74.000 66.000 69.000 76.000 64.000 75.000 67.000 67.000 72.000 65.000 65.000 64.000 64.000 64.000 67.000 74.000 73.000 73.000 71.000 71.000 71.000 72.000 74.000 63.000 73.000 74.000 74.000 64.000 67.000 68.000 64.000 68.000 68.000 72.000 72.000 64.000 69.000 69.000 63.000 65.000
VAdist TRAV35*02 64.000 61.000 61.000 71.000 71.000 71.000 65.000 65.000 65.000 65.000 65.000 65.000 66.000 66.000 66.000 66.000 63.000 60.000 66.000 61.000 64.000 64.000 63.000 77.000 76.000 77.000 76.000 76.000 76.000 76.000 72.000 76.000 74.000 74.000 68.000 65.000 65.000 64.000 60.000 67.000 83.000 71.000 71.000 61.000 61.000 69.000 69.000 69.000 62.000 66.000 62.000 60.000 62.000 62.000 64.000 61.000 62.000 66.000 61.000 65.000 66.000 64.000 64.000 66.000 62.000 62.000 62.000 69.000 63.000 63.000 63.000 67.000 62.000 66.000 66.000 62.000 62.000 63.000 62.000 67.000 72.000 72.000 62.000 62.000 64.000 62.000 62.000 68.000 62.000 62.000 63.000 62.000 63.000 23.000 38.000 36.000 35.000 35.000 27.000 36.000 34.000 36.000 36.000 37.000 33.000 27.000 35.000 35.000 37.000 38.000 36.000 67.000 67.000 67.000 34.000 63.000 63.000 63.000 63.000 57.000 57.000 59.000 70.000 70.000 72.000 0.000 0.000 62.000 62.000 76.000 76.000 76.000 58.000 58.000 71.000 71.000 71.000 58.000 58.000 66.000 62.000 62.000 63.000 59.000 62.000 62.000 60.000 60.000 60.000 58.000 60.000 60.000 60.000 62.000 67.000 66.000 66.000 65.000 64.000 64.000 68.000 74.000 66.000 66.000 64.000 64.000 66.000 67.000 64.000 66.000 65.000 70.000 65.000 74.000 66.000 69.000 76.000 64.000 75.000 67.000 67.000 72.000 65.000 65.000 64.000 64.000 64.000 67.000 74.000 73.000 73.000 71.000 71.000 71.000 72.000 74.000 63.000 73.000 74.000 74.000 64.000 67.000 68.000 64.000 68.000 68.000 72.000 72.000 64.000 69.000 69.000 63.000 65.000
VAdist TRAV36*01 62.000 58.000 58.000 56.000 56.000 56.000 61.000 61.000 61.000 65.000 64.000 64.000 63.000 60.000 60.000 63.000 66.000 62.000 59.000 59.000 62.000 62.000 64.000 73.000 72.000 69.000 72.000 72.000 72.000 72.000 73.000 72.000 67.000 66.000 63.000 63.000 63.000 68.000 66.000 72.000 75.000 60.000 60.000 48.000 43.000 62.000 62.000 62.000 66.000 61.000 65.000 64.000 66.000 66.000 60.000 64.000 66.000 57.000 64.000 60.000 61.000 65.000 65.000 58.000 65.000 65.000 65.000 54.000 58.000 58.000 58.000 58.000 65.000 57.000 57.000 65.000 65.000 58.000 58.000 58.000 57.000 61.000 61.000 58.000 60.000 58.000 58.000 58.000 58.000 50.000 50.000 50.000 50.000 63.000 60.000 63.000 63.000 63.000 60.000 63.000 63.000 63.000 63.000 63.000 63.000 63.000 60.000 60.000 63.000 60.000 63.000 72.000 72.000 72.000 68.000 52.000 52.000 53.000 53.000 60.000 60.000 60.000 63.000 65.000 66.000 62.000 62.000 0.000 0.000 79.000 79.000 79.000 46.000 46.000 77.000 77.000 77.000 60.000 60.000 57.000 53.000 56.000 56.000 53.000 56.000 56.000 55.000 55.000 55.000 53.000 55.000 55.000 53.000 52.000 75.000 74.000 80.000 75.000 78.000 77.000 80.000 78.000 79.000 79.000 78.000 77.000 79.000 79.000 78.000 77.000 75.000 77.000 74.000 78.000 80.000 68.000 71.000 69.000 76.000 69.000 68.000 69.000 61.000 61.000 62.000 62.000 65.000 65.000 73.000 65.000 63.000 66.000 66.000 70.000 63.000 71.000 62.000 72.000 73.000 73.000 65.000 65.000 68.000 64.000 68.000 68.000 69.000 69.000 64.000 63.000 63.000 61.000 62.000
VAdist TRAV36*02 62.000 58.000 58.000 56.000 56.000 56.000 61.000 61.000 61.000 65.000 64.000 64.000 63.000 60.000 60.000 63.000 66.000 62.000 59.000 59.000 62.000 62.000 64.000 73.000 72.000 69.000 72.000 72.000 72.000 72.000 73.000 72.000 67.000 66.000 63.000 63.000 63.000 68.000 66.000 72.000 75.000 60.000 60.000 48.000 43.000 62.000 62.000 62.000 66.000 61.000 65.000 64.000 66.000 66.000 60.000 64.000 66.000 57.000 64.000 60.000 61.000 65.000 65.000 58.000 65.000 65.000 65.000 54.000 58.000 58.000 58.000 58.000 65.000 57.000 57.000 65.000 65.000 58.000 58.000 58.000 57.000 61.000 61.000 58.000 60.000 58.000 58.000 58.000 58.000 50.000 50.000 50.000 50.000 63.000 60.000 63.000 63.000 63.000 60.000 63.000 63.000 63.000 63.000 63.000 63.000 63.000 60.000 60.000 63.000 60.000 63.000 72.000 72.000 72.000 68.000 52.000 52.000 53.000 53.000 60.000 60.000 60.000 63.000 65.000 66.000 62.000 62.000 0.000 0.000 79.000 79.000 79.000 46.000 46.000 77.000 77.000 77.000 60.000 60.000 57.000 53.000 56.000 56.000 53.000 56.000 56.000 55.000 55.000 55.000 53.000 55.000 55.000 53.000 52.000 75.000 74.000 80.000 75.000 78.000 77.000 80.000 78.000 79.000 79.000 78.000 77.000 79.000 79.000 78.000 77.000 75.000 77.000 74.000 78.000 80.000 68.000 71.000 69.000 76.000 69.000 68.000 69.000 61.000 61.000 62.000 62.000 65.000 65.000 73.000 65.000 63.000 66.000 66.000 70.000 63.000 71.000 62.000 72.000 73.000 73.000 65.000 65.000 68.000 64.000 68.000 68.000 69.000 69.000 64.000 63.000 63.000 61.000 62.000
VAdist TRAV38-1*01 73.000 72.000 72.000 66.000 66.000 66.000 62.000 62.000 62.000 62.000 58.000 58.000 66.000 66.000 66.000 70.000 65.000 65.000 68.000 66.000 69.000 69.000 66.000 38.000 34.000 53.000 31.000 48.000 48.000 48.000 33.000 48.000 77.000 77.000 77.000 74.000 74.000 74.000 74.000 71.000 51.000 66.000 66.000 67.000 67.000 57.000 57.000 57.000 77.000 73.000 77.000 77.000 77.000 77.000 76.000 77.000 77.000 73.000 77.000 76.000 76.000 79.000 79.000 76.000 77.000 77.000 77.000 78.000 77.000 81.000 81.000 77.000 77.000 73.000 73.000 77.000 77.000 77.000 63.000 63.000 67.000 67.000 67.000 63.000 62.000 63.000 63.000 63.000 63.000 78.000 74.000 78.000 74.000 75.000 74.000 79.000 74.000 74.000 71.000 79.000 74.000 79.000 79.000 74.000 74.000 75.000 71.000 71.000 79.000 74.000 79.000 61.000 61.000 61.000 71.000 76.000 76.000 76.000 76.000 66.000 66.000 67.000 69.000 72.000 44.000 76.000 76.000 79.000 79.000 0.000 7.000 7.000 75.000 75.000 66.000 66.000 66.000 78.000 78.000 80.000 79.000 79.000 80.000 79.000 79.000 79.000 79.000 79.000 79.000 79.000 79.000 79.000 80.000 80.000 63.000 68.000 62.000 69.000 68.000 68.000 62.000 73.000 63.000 63.000 65.000 67.000 65.000 62.000 68.000 68.000 70.000 72.000 65.000 73.000 62.000 63.000 71.000 75.000 71.000 69.000 67.000 71.000 66.000 66.000 74.000 74.000 64.000 67.000 74.000 71.000 73.000 78.000 78.000 74.000 72.000 74.000 74.000 70.000 74.000 74.000 64.000 67.000 75.000 75.000 75.000 75.000 72.000 72.000 71.000 82.000 82.000 81.000 81.000
VAdist TRAV38-1*02 73.000 75.000 75.000 70.000 70.000 70.000 61.000 61.000 61.000 61.000 57.000 57.000 69.000 69.000 69.000 73.000 68.000 68.000 71.000 69.000 72.000 72.000 69.000 39.000 35.000 57.000 32.000 49.000 49.000 49.000 37.000 49.000 77.000 77.000 77.000 74.000 74.000 74.000 74.000 71.000 54.000 70.000 70.000 67.000 67.000 58.000 58.000 58.000 77.000 73.000 77.000 77.000 77.000 77.000 76.000 77.000 77.000 73.000 77.000 76.000 76.000 79.000 79.000 76.000 77.000 77.000 77.000 78.000 77.000 81.000 81.000 77.000 77.000 73.000 73.000 77.000 77.000 77.000 66.000 66.000 70.000 70.000 70.000 66.000 65.000 66.000 66.000 66.000 66.000 78.000 78.000 78.000 78.000 75.000 78.000 79.000 78.000 78.000 75.000 79.000 78.000 79.000 79.000 78.000 78.000 75.000 75.000 75.000 79.000 78.000 79.000 61.000 61.000 61.000 71.000 76.000 76.000 76.000 76.000 69.000 69.000 70.000 69.000 72.000 48.000 76.000 76.000 79.000 79.000 7.000 0.000 14.000 78.000 78.000 66.000 66.000 66.000 78.000 78.000 80.000 79.000 79.000 80.000 79.000 79.000 79.000 79.000 79.000 79.000 79.000 79.000 79.000 80.000 80.000 63.000 68.000 62.000 69.000 68.000 68.000 62.000 73.000 63.000 63.000 65.000 67.000 65.000 62.000 68.000 68.000 70.000 72.000 65.000 73.000 62.000 63.000 71.000 75.000 71.000 69.000 67.000 71.000 65.000 65.000 74.000 74.000 64.000 67.000 74.000 71.000 73.000 78.000 78.000 74.000 72.000 74.000 74.000 70.000 74.000 74.000 64.000 67.000 74.000 74.000 74.000 74.000 71.000 71.000 70.000 81.000 81.000 80.000 80.000
VAdist TRAV38-2*01 73.000 72.000 72.000 66.000 66.000 66.000 65.000 65.000 65.000 65.000 61.000 61.000 65.000 65.000 65.000 69.000 65.000 64.000 68.000 65.000 68.000 68.000 65.000 36.000 32.000 52.000 30.000 47.000 47.000 47.000 32.000 47.000 76.000 76.000 77.000 74.000 74.000 72.000 73.000 69.000 51.000 69.000 69.000 71.000 71.000 57.000 57.000 57.000 77.000 73.000 77.000 77.000 77.000 77.000 76.000 77.000 77.000 73.000 77.000 76.000 76.000 79.000 79.000 76.000 77.000 77.000 77.000 78.000 77.000 81.000 81.000 77.000 77.000 73.000 73.000 77.000 77.000 77.000 63.000 63.000 66.000 66.000 67.000 63.000 62.000 63.000 63.000 63.000 63.000 77.000 73.000 77.000 73.000 75.000 74.000 79.000 74.000 74.000 71.000 79.000 74.000 79.000 79.000 74.000 74.000 75.000 71.000 71.000 79.000 74.000 79.000 60.000 61.000 61.000 71.000 76.000 76.000 76.000 76.000 65.000 65.000 67.000 68.000 71.000 43.000 76.000 76.000 79.000 79.000 7.000 14.000 0.000 74.000 74.000 69.000 69.000 69.000 77.000 77.000 80.000 79.000 79.000 80.000 79.000 79.000 79.000 79.000 79.000 79.000 79.000 79.000 79.000 80.000 80.000 66.000 65.000 68.000 66.000 65.000 65.000 68.000 70.000 66.000 66.000 68.000 69.000 65.000 68.000 65.000 65.000 67.000 69.000 68.000 70.000 68.000 65.000 70.000 75.000 70.000 66.000 67.000 70.000 65.000 65.000 73.000 73.000 63.000 66.000 77.000 71.000 73.000 77.000 77.000 73.000 72.000 77.000 73.000 73.000 77.000 77.000 63.000 66.000 75.000 75.000 75.000 75.000 72.000 72.000 71.000 82.000 82.000 81.000 81.000
VAdist TRAV39*01 72.000 57.000 53.000 64.000 64.000 64.000 63.000 63.000 67.000 67.000 62.000 62.000 48.000 49.000 49.000 53.000 51.000 47.000 53.000 47.000 49.000 49.000 49.000 72.000 71.000 71.000 75.000 73.000 73.000 73.000 76.000 73.000 70.000 70.000 56.000 55.000 55.000 69.000 67.000 65.000 78.000 68.000 68.000 57.000 57.000 59.000 59.000 59.000 54.000 64.000 62.000 61.000 58.000 58.000 57.000 61.000 54.000 60.000 61.000 57.000 50.000 58.000 58.000 53.000 58.000 58.000 58.000 65.000 61.000 65.000 61.000 61.000 58.000 60.000 60.000 58.000 58.000 61.000 57.000 57.000 60.000 60.000 54.000 57.000 59.000 57.000 57.000 57.000 57.000 55.000 55.000 55.000 55.000 58.000 62.000 61.000 63.000 63.000 57.000 57.000 59.000 61.000 61.000 59.000 59.000 58.000 57.000 57.000 61.000 62.000 61.000 68.000 72.000 72.000 65.000 54.000 54.000 54.000 54.000 55.000 55.000 62.000 64.000 64.000 61.000 58.000 58.000 46.000 46.000 75.000 78.000 74.000 0.000 0.000 71.000 71.000 71.000 60.000 60.000 59.000 55.000 52.000 55.000 54.000 52.000 52.000 51.000 51.000 51.000 54.000 51.000 51.000 57.000 57.000 73.000 66.000 73.000 71.000 70.000 70.000 73.000 71.000 73.000 73.000 72.000 70.000 71.000 72.000 71.000 71.000 71.000 72.000 71.000 71.000 73.000 71.000 74.000 69.000 75.000 68.000 68.000 71.000 54.000 54.000 63.000 63.000 65.000 67.000 70.000 70.000 70.000 65.000 65.000 66.000 70.000 70.000 63.000 69.000 70.000 70.000 65.000 67.000 69.000 65.000 69.000 69.000 69.000 69.000 65.000 64.000 64.000 59.000 63.000
VAdist TRAV39*02 72.000 57.000 53.000 64.000 64.000 64.000 63.000 63.000 67.000 67.000 62.000 62.000 48.000 49.000 49.000 53.000 51.000 47.000 53.000 47.000 49.000 49.000 49.000 72.000 71.000 71.000 75.000 73.000 73.000 73.000 76.000 73.000 70.000 70.000 56.000 55.000 55.000 69.000 67.000 65.000 78.000 68.000 68.000 57.000 57.000 59.000 59.000 59.000 54.000 64.000 62.000 61.000 58.000 58.000 57.000 61.000 54.000 60.000 61.000 57.000 50.000 58.000 58.000 53.000 58.000 58.000 58.000 65.000 61.000 65.000 61.000 61.000 58.000 60.000 60.000 58.000 58.000 61.000 57.000 57.000 60.000 60.000 54.000 57.000 59.000 57.000 57.000 57.000 57.000 55.000 55.000 55.000 55.000 58.000 62.000 61.000 63.000 63.000 57.000 57.000 59.000 61.000 61.000 59.000 59.000 58.000 57.000 57.000 61.000 62.000 61.000 68.000 72.000 72.000 65.000 54.000 54.000 54.000 54.000 55.000 55.000 62.000 64.000 64.000 61.000 58.000 58.000 46.000 46.000 75.000 78.000 74.000 0.000 0.000 71.000 71.000 71.000 60.000 60.000 59.000 55.000 52.000 55.000 54.000 52.000 52.000 51.000 51.000 51.000 54.000 51.000 51.000 57.000 57.000 73.000 66.000 73.000 71.000 70.000 70.000 73.000 71.000 73.000 73.000 72.000 70.000 71.000 72.000 71.000 71.000 71.000 72.000 71.000 71.000 73.000 71.000 74.000 69.000 75.000 68.000 68.000 71.000 54.000 54.000 63.000 63.000 65.000 67.000 70.000 70.000 70.000 65.000 65.000 66.000 70.000 70.000 63.000 69.000 70.000 70.000 65.000 67.000 69.000 65.000 69.000 69.000 69.000 69.000 65.000 64.000 64.000 59.000 63.000
VAdist TRAV4-1*01 72.000 76.000 76.000 72.000 72.000 72.000 58.000 58.000 58.000 54.000 58.000 58.000 62.000 63.000 63.000 67.000 62.000 63.000 65.000 61.000 63.000 63.000 63.000 71.000 71.000 74.000 75.000 70.000 70.000 70.000 71.000 70.000 67.000 67.000 73.000 70.000 70.000 75.000 75.000 70.000 77.000 68.000 68.000 71.000 71.000 71.000 71.000 71.000 57.000 55.000 61.000 61.000 51.000 51.000 61.000 61.000 57.000 55.000 61.000 61.000 49.000 55.000 55.000 49.000 53.000 53.000 51.000 57.000 55.000 59.000 59.000 55.000 49.000 55.000 55.000 49.000 51.000 59.000 69.000 65.000 69.000 69.000 69.000 69.000 69.000 69.000 69.000 64.000 69.000 75.000 75.000 75.000 75.000 71.000 74.000 72.000 74.000 74.000 71.000 70.000 74.000 72.000 72.000 74.000 74.000 71.000 75.000 75.000 72.000 74.000 72.000 35.000 39.000 39.000 68.000 66.000 66.000 66.000 66.000 69.000 69.000 67.000 71.000 71.000 69.000 71.000 71.000 77.000 77.000 66.000 66.000 69.000 71.000 71.000 0.000 0.000 0.000 67.000 67.000 58.000 62.000 62.000 63.000 62.000 62.000 62.000 65.000 65.000 65.000 62.000 65.000 65.000 63.000 66.000 34.000 37.000 35.000 31.000 37.000 32.000 35.000 44.000 35.000 35.000 34.000 37.000 34.000 34.000 33.000 35.000 36.000 43.000 40.000 45.000 35.000 66.000 63.000 66.000 63.000 65.000 65.000 70.000 63.000 63.000 74.000 74.000 70.000 73.000 71.000 78.000 78.000 75.000 75.000 71.000 82.000 71.000 74.000 71.000 71.000 71.000 70.000 73.000 78.000 78.000 78.000 78.000 74.000 74.000 74.000 76.000 76.000 80.000 80.000
VAdist TRAV4-1*02 72.000 76.000 76.000 72.000 72.000 72.000 58.000 58.000 58.000 54.000 58.000 58.000 62.000 63.000 63.000 67.000 62.000 63.000 65.000 61.000 63.000 63.000 63.000 71.000 71.000 74.000 75.000 70.000 70.000 70.000 71.000 70.000 67.000 67.000 73.000 70.000 70.000 75.000 75.000 70.000 77.000 68.000 68.000 71.000 71.000 71.000 71.000 71.000 57.000 55.000 61.000 61.000 51.000 51.000 61.000 61.000 57.000 55.000 61.000 61.000 49.000 55.000 55.000 49.000 53.000 53.000 51.000 57.000 55.000 59.000 59.000 55.000 49.000 55.000 55.000 49.000 51.000 59.000 69.000 65.000 69.000 69.000 69.000 69.000 69.000 69.000 69.000 64.000 69.000 75.000 75.000 75.000 75.000 71.000 74.000 72.000 74.000 74.000 71.000 70.000 74.000 72.000 72.000 74.000 74.000 71.000 75.000 75.000 72.000 74.000 72.000 35.000 39.000 39.000 68.000 66.000 66.000 66.000 66.000 69.000 69.000 67.000 71.000 71.000 69.000 71.000 71.000 77.000 77.000 66.000 66.000 69.000 71.000 71.000 0.000 0.000 0.000 67.000 67.000 58.000 62.000 62.000 63.000 62.000 62.000 62.000 65.000 65.000 65.000 62.000 65.000 65.000 63.000 66.000 34.000 37.000 35.000 31.000 37.000 32.000 35.000 44.000 35.000 35.000 34.000 37.000 34.000 34.000 33.000 35.000 36.000 43.000 40.000 45.000 35.000 66.000 63.000 66.000 63.000 65.000 65.000 70.000 63.000 63.000 74.000 74.000 70.000 73.000 71.000 78.000 78.000 75.000 75.000 71.000 82.000 71.000 74.000 71.000 71.000 71.000 70.000 73.000 78.000 78.000 78.000 78.000 74.000 74.000 74.000 76.000 76.000 80.000 80.000
VAdist TRAV4-2*01 72.000 76.000 76.000 72.000 72.000 72.000 58.000 58.000 58.000 54.000 58.000 58.000 62.000 63.000 63.000 67.000 62.000 63.000 65.000 61.000 63.000 63.000 63.000 71.000 71.000 74.000 75.000 70.000 70.000 70.000 71.000 70.000 67.000 67.000 73.000 70.000 70.000 75.000 75.000 70.000 77.000 68.000 68.000 71.000 71.000 71.000 71.000 71.000 57.000 55.000 61.000 61.000 51.000 51.000 61.000 61.000 57.000 55.000 61.000 61.000 49.000 55.000 55.000 49.000 53.000 53.000 51.000 57.000 55.000 59.000 59.000 55.000 49.000 55.000 55.000 49.000 51.000 59.000 69.000 65.000 69.000 69.000 69.000 69.000 69.000 69.000 69.000 64.000 69.000 75.000 75.000 75.000 75.000 71.000 74.000 72.000 74.000 74.000 71.000 70.000 74.000 72.000 72.000 74.000 74.000 71.000 75.000 75.000 72.000 74.000 72.000 35.000 39.000 39.000 68.000 66.000 66.000 66.000 66.000 69.000 69.000 67.000 71.000 71.000 69.000 71.000 71.000 77.000 77.000 66.000 66.000 69.000 71.000 71.000 0.000 0.000 0.000 67.000 67.000 58.000 62.000 62.000 63.000 62.000 62.000 62.000 65.000 65.000 65.000 62.000 65.000 65.000 63.000 66.000 34.000 37.000 35.000 31.000 37.000 32.000 35.000 44.000 35.000 35.000 34.000 37.000 34.000 34.000 33.000 35.000 36.000 43.000 40.000 45.000 35.000 66.000 63.000 66.000 63.000 65.000 65.000 70.000 63.000 63.000 74.000 74.000 70.000 73.000 71.000 78.000 78.000 75.000 75.000 71.000 82.000 71.000 74.000 71.000 71.000 71.000 70.000 73.000 78.000 78.000 78.000 78.000 74.000 74.000 74.000 76.000 76.000 80.000 80.000
VAdist TRAV41*01 58.000 68.000 64.000 66.000 66.000 66.000 58.000 58.000 56.000 56.000 62.000 62.000 62.000 62.000 62.000 66.000 61.000 64.000 66.000 64.000 62.000 62.000 60.000 77.000 77.000 75.000 77.000 75.000 75.000 75.000 77.000 75.000 58.000 58.000 68.000 67.000 67.000 63.000 67.000 64.000 82.000 64.000 64.000 66.000 66.000 64.000 64.000 64.000 54.000 55.000 50.000 52.000 54.000 54.000 50.000 49.000 54.000 53.000 49.000 45.000 48.000 58.000 58.000 51.000 54.000 54.000 54.000 53.000 53.000 53.000 53.000 53.000 54.000 53.000 53.000 54.000 54.000 53.000 64.000 66.000 65.000 65.000 69.000 64.000 66.000 64.000 64.000 66.000 64.000 52.000 53.000 52.000 53.000 56.000 59.000 55.000 60.000 60.000 57.000 57.000 59.000 55.000 55.000 59.000 59.000 52.000 57.000 57.000 55.000 59.000 55.000 68.000 68.000 68.000 53.000 37.000 37.000 30.000 30.000 53.000 53.000 54.000 71.000 73.000 71.000 58.000 58.000 60.000 60.000 78.000 78.000 77.000 60.000 60.000 67.000 67.000 67.000 0.000 4.000 40.000 40.000 37.000 40.000 41.000 37.000 37.000 34.000 34.000 34.000 41.000 34.000 34.000 44.000 40.000 70.000 69.000 68.000 67.000 70.000 70.000 70.000 72.000 68.000 68.000 70.000 70.000 68.000 68.000 70.000 69.000 70.000 71.000 69.000 72.000 68.000 66.000 67.000 64.000 69.000 72.000 71.000 67.000 62.000 62.000 74.000 74.000 68.000 70.000 73.000 64.000 62.000 70.000 70.000 71.000 61.000 73.000 74.000 77.000 73.000 73.000 68.000 70.000 69.000 69.000 69.000 69.000 71.000 71.000 69.000 66.000 66.000 64.000 63.000
VAdist TRAV41*02 58.000 68.000 64.000 65.000 65.000 65.000 56.000 56.000 54.000 54.000 60.000 60.000 60.000 60.000 60.000 64.000 59.000 62.000 64.000 62.000 60.000 60.000 60.000 77.000 77.000 75.000 77.000 75.000 75.000 75.000 77.000 75.000 58.000 58.000 68.000 67.000 67.000 63.000 67.000 64.000 82.000 64.000 64.000 66.000 66.000 62.000 62.000 62.000 54.000 55.000 50.000 52.000 54.000 54.000 50.000 49.000 54.000 53.000 49.000 49.000 48.000 58.000 58.000 51.000 54.000 54.000 54.000 53.000 53.000 53.000 53.000 53.000 54.000 53.000 53.000 54.000 54.000 53.000 64.000 65.000 63.000 63.000 69.000 64.000 66.000 64.000 64.000 65.000 64.000 52.000 53.000 52.000 53.000 56.000 59.000 55.000 60.000 60.000 57.000 57.000 59.000 55.000 55.000 59.000 59.000 52.000 57.000 57.000 55.000 59.000 55.000 68.000 68.000 68.000 53.000 37.000 37.000 30.000 30.000 53.000 53.000 52.000 71.000 73.000 71.000 58.000 58.000 60.000 60.000 78.000 78.000 77.000 60.000 60.000 67.000 67.000 67.000 4.000 0.000 38.000 38.000 35.000 38.000 39.000 35.000 35.000 34.000 34.000 34.000 41.000 34.000 34.000 42.000 38.000 70.000 69.000 68.000 67.000 70.000 70.000 70.000 72.000 68.000 68.000 70.000 70.000 68.000 68.000 70.000 69.000 70.000 71.000 69.000 72.000 68.000 66.000 67.000 64.000 69.000 72.000 71.000 67.000 60.000 60.000 74.000 74.000 68.000 70.000 73.000 64.000 62.000 70.000 70.000 71.000 61.000 73.000 74.000 77.000 73.000 73.000 68.000 70.000 69.000 69.000 69.000 69.000 71.000 71.000 69.000 66.000 66.000 64.000 63.000
VAdist TRAV43-1*01 63.000 67.000 67.000 61.000 61.000 61.000 59.000 59.000 57.000 57.000 58.000 58.000 54.000 54.000 54.000 53.000 49.000 57.000 53.000 52.000 58.000 58.000 61.000 74.000 74.000 68.000 74.000 68.000 68.000 68.000 74.000 68.000 63.000 63.000 59.000 58.000 58.000 65.000 66.000 69.000 80.000 68.000 68.000 68.000 67.000 60.000 60.000 60.000 38.000 38.000 35.000 31.000 40.000 40.000 27.000 34.000 38.000 36.000 34.000 23.000 33.000 41.000 41.000 30.000 37.000 37.000 39.000 34.000 36.000 35.000 35.000 36.000 37.000 36.000 36.000 37.000 39.000 36.000 60.000 62.000 64.000 64.000 62.000 60.000 64.000 60.000 60.000 62.000 60.000 49.000 53.000 49.000 53.000 60.000 63.000 52.000 66.000 66.000 58.000 52.000 66.000 52.000 52.000 62.000 62.000 59.000 58.000 58.000 56.000 63.000 52.000 65.000 65.000 65.000 67.000 17.000 17.000 18.000 18.000 55.000 55.000 50.000 73.000 73.000 72.000 66.000 66.000 57.000 57.000 80.000 80.000 80.000 59.000 59.000 58.000 58.000 58.000 40.000 38.000 0.000 4.000 7.000 10.000 7.000 7.000 7.000 19.000 19.000 19.000 11.000 19.000 19.000 10.000 15.000 57.000 53.000 58.000 52.000 54.000 58.000 54.000 60.000 58.000 58.000 58.000 54.000 59.000 58.000 58.000 57.000 54.000 55.000 53.000 61.000 58.000 68.000 73.000 65.000 73.000 73.000 73.000 73.000 55.000 55.000 67.000 67.000 66.000 68.000 70.000 62.000 62.000 67.000 67.000 71.000 62.000 70.000 68.000 70.000 70.000 70.000 66.000 68.000 69.000 69.000 69.000 69.000 69.000 69.000 69.000 65.000 65.000 66.000 66.000
VAdist TRAV43-1*02 62.000 66.000 66.000 61.000 61.000 61.000 58.000 58.000 56.000 56.000 57.000 57.000 54.000 54.000 54.000 49.000 52.000 53.000 49.000 48.000 58.000 58.000 61.000 74.000 73.000 67.000 73.000 67.000 67.000 67.000 73.000 67.000 62.000 62.000 63.000 62.000 62.000 64.000 65.000 68.000 80.000 67.000 67.000 67.000 66.000 59.000 59.000 59.000 40.000 37.000 34.000 30.000 40.000 40.000 26.000 33.000 40.000 35.000 33.000 22.000 35.000 43.000 43.000 32.000 39.000 39.000 39.000 34.000 36.000 35.000 35.000 36.000 39.000 35.000 35.000 39.000 39.000 36.000 59.000 61.000 63.000 63.000 61.000 59.000 63.000 59.000 59.000 61.000 59.000 48.000 52.000 48.000 52.000 56.000 59.000 54.000 62.000 62.000 54.000 56.000 62.000 54.000 54.000 58.000 58.000 55.000 54.000 54.000 58.000 59.000 54.000 69.000 69.000 69.000 63.000 16.000 16.000 17.000 17.000 51.000 51.000 54.000 72.000 72.000 71.000 62.000 62.000 53.000 53.000 79.000 79.000 79.000 55.000 55.000 62.000 62.000 62.000 40.000 38.000 4.000 0.000 3.000 6.000 3.000 3.000 3.000 15.000 15.000 15.000 7.000 15.000 15.000 6.000 11.000 61.000 57.000 62.000 55.000 58.000 62.000 58.000 64.000 62.000 62.000 62.000 58.000 62.000 62.000 62.000 61.000 58.000 59.000 57.000 64.000 62.000 64.000 73.000 65.000 73.000 69.000 69.000 69.000 54.000 54.000 67.000 67.000 65.000 67.000 70.000 61.000 61.000 67.000 67.000 71.000 61.000 70.000 68.000 69.000 70.000 70.000 65.000 67.000 68.000 68.000 68.000 68.000 69.000 69.000 68.000 69.000 69.000 62.000 62.000
VAdist TRAV43-10*01 62.000 67.000 63.000 62.000 62.000 62.000 58.000 58.000 56.000 56.000 57.000 57.000 54.000 54.000 54.000 49.000 52.000 53.000 49.000 48.000 58.000 58.000 61.000 77.000 76.000 70.000 76.000 70.000 70.000 70.000 76.000 70.000 62.000 62.000 64.000 63.000 63.000 67.000 68.000 68.000 80.000 67.000 67.000 67.000 67.000 59.000 59.000 59.000 40.000 40.000 35.000 31.000 40.000 40.000 27.000 34.000 40.000 38.000 34.000 23.000 32.000 44.000 44.000 35.000 40.000 40.000 40.000 37.000 39.000 38.000 38.000 39.000 40.000 38.000 38.000 40.000 40.000 39.000 59.000 61.000 63.000 63.000 61.000 59.000 63.000 59.000 59.000 61.000 59.000 49.000 53.000 49.000 53.000 57.000 62.000 57.000 63.000 63.000 57.000 59.000 63.000 57.000 57.000 59.000 59.000 56.000 57.000 57.000 61.000 62.000 57.000 69.000 69.000 69.000 63.000 19.000 19.000 20.000 20.000 51.000 51.000 54.000 72.000 72.000 68.000 62.000 62.000 56.000 56.000 79.000 79.000 79.000 52.000 52.000 62.000 62.000 62.000 37.000 35.000 7.000 3.000 0.000 3.000 6.000 0.000 0.000 12.000 12.000 12.000 10.000 12.000 12.000 9.000 14.000 61.000 57.000 62.000 55.000 58.000 62.000 58.000 64.000 62.000 62.000 62.000 58.000 62.000 62.000 62.000 61.000 58.000 59.000 57.000 64.000 62.000 64.000 73.000 65.000 73.000 69.000 69.000 69.000 54.000 54.000 67.000 67.000 65.000 67.000 70.000 62.000 62.000 70.000 70.000 71.000 62.000 70.000 68.000 69.000 70.000 70.000 65.000 67.000 69.000 69.000 69.000 69.000 70.000 70.000 69.000 66.000 66.000 59.000 59.000
VAdist TRAV43-10*02 62.000 68.000 64.000 62.000 62.000 62.000 59.000 59.000 57.000 57.000 58.000 58.000 55.000 55.000 55.000 49.000 53.000 54.000 49.000 49.000 59.000 59.000 62.000 78.000 77.000 71.000 77.000 71.000 71.000 71.000 77.000 71.000 62.000 62.000 61.000 64.000 64.000 67.000 68.000 68.000 80.000 67.000 67.000 68.000 68.000 62.000 62.000 62.000 43.000 43.000 38.000 34.000 43.000 43.000 30.000 37.000 43.000 41.000 37.000 26.000 35.000 44.000 44.000 38.000 43.000 43.000 43.000 37.000 42.000 41.000 41.000 42.000 43.000 41.000 41.000 43.000 43.000 42.000 60.000 62.000 63.000 63.000 62.000 60.000 64.000 60.000 60.000 62.000 60.000 49.000 53.000 49.000 53.000 58.000 59.000 54.000 60.000 60.000 58.000 56.000 60.000 54.000 54.000 56.000 56.000 57.000 58.000 58.000 58.000 59.000 54.000 70.000 70.000 70.000 64.000 22.000 22.000 23.000 23.000 52.000 52.000 55.000 72.000 72.000 69.000 63.000 63.000 56.000 56.000 80.000 80.000 80.000 55.000 55.000 63.000 63.000 63.000 40.000 38.000 10.000 6.000 3.000 0.000 9.000 3.000 3.000 15.000 15.000 15.000 13.000 15.000 15.000 6.000 11.000 62.000 58.000 63.000 56.000 59.000 63.000 59.000 64.000 63.000 63.000 63.000 59.000 63.000 63.000 63.000 62.000 59.000 59.000 58.000 64.000 63.000 67.000 76.000 68.000 76.000 72.000 72.000 72.000 55.000 55.000 67.000 67.000 66.000 65.000 70.000 62.000 62.000 70.000 70.000 71.000 62.000 70.000 68.000 69.000 70.000 70.000 66.000 65.000 69.000 69.000 69.000 69.000 70.000 70.000 69.000 66.000 66.000 59.000 59.000
VAdist TRAV43-11*01 59.000 63.000 63.000 61.000 61.000 61.000 58.000 58.000 56.000 56.000 57.000 57.000 54.000 54.000 54.000 50.000 55.000 54.000 50.000 47.000 58.000 58.000 61.000 74.000 73.000 67.000 73.000 67.000 67.000 67.000 73.000 67.000 62.000 62.000 64.000 63.000 63.000 64.000 65.000 67.000 80.000 67.000 67.000 67.000 66.000 59.000 59.000 59.000 39.000 37.000 35.000 33.000 39.000 39.000 29.000 34.000 39.000 35.000 34.000 25.000 34.000 42.000 42.000 31.000 38.000 38.000 38.000 34.000 36.000 35.000 35.000 36.000 38.000 35.000 35.000 38.000 38.000 36.000 58.000 60.000 62.000 62.000 60.000 58.000 62.000 58.000 58.000 60.000 58.000 51.000 52.000 51.000 52.000 56.000 59.000 57.000 62.000 62.000 54.000 59.000 62.000 57.000 57.000 58.000 58.000 56.000 54.000 54.000 61.000 59.000 57.000 69.000 69.000 69.000 64.000 16.000 16.000 18.000 18.000 50.000 50.000 51.000 72.000 72.000 71.000 59.000 59.000 53.000 53.000 79.000 79.000 79.000 54.000 54.000 62.000 62.000 62.000 41.000 39.000 7.000 3.000 6.000 9.000 0.000 6.000 6.000 15.000 15.000 15.000 4.000 15.000 15.000 3.000 11.000 61.000 56.000 61.000 55.000 57.000 61.000 57.000 63.000 61.000 61.000 61.000 57.000 61.000 61.000 61.000 60.000 58.000 58.000 57.000 63.000 61.000 67.000 73.000 65.000 73.000 69.000 69.000 69.000 55.000 55.000 67.000 67.000 65.000 67.000 70.000 62.000 62.000 67.000 67.000 71.000 62.000 70.000 68.000 69.000 70.000 70.000 65.000 67.000 68.000 68.000 68.000 68.000 69.000 69.000 68.000 69.000 69.000 62.000 62.000
VAdist TRAV43-2*01 62.000 67.000 63.000 62.000 62.000 62.000 58.000 58.000 56.000 56.000 57.000 57.000 54.000 54.000 54.000 49.000 52.000 53.000 49.000 48.000 58.000 58.000 61.000 77.000 76.000 70.000 76.000 70.000 70.000 70.000 76.000 70.000 62.000 62.000 64.000 63.000 63.000 67.000 68.000 68.000 80.000 67.000 67.000 67.000 67.000 59.000 59.000 59.000 40.000 40.000 35.000 31.000 40.000 40.000 27.000 34.000 40.000 38.000 34.000 23.000 32.000 44.000 44.000 35.000 40.000 40.000 40.000 37.000 39.000 38.000 38.000 39.000 40.000 38.000 38.000 40.000 40.000 39.000 59.000 61.000 63.000 63.000 61.000 59.000 63.000 59.000 59.000 61.000 59.000 49.000 53.000 49.000 53.000 57.000 62.000 57.000 63.000 63.000 57.000 59.000 63.000 57.000 57.000 59.000 59.000 56.000 57.000 57.000 61.000 62.000 57.000 69.000 69.000 69.000 63.000 19.000 19.000 20.000 20.000 51.000 51.000 54.000 72.000 72.000 68.000 62.000 62.000 56.000 56.000 79.000 79.000 79.000 52.000 52.000 62.000 62.000 62.000 37.000 35.000 7.000 3.000 0.000 3.000 6.000 0.000 0.000 12.000 12.000 12.000 10.000 12.000 12.000 9.000 14.000 61.000 57.000 62.000 55.000 58.000 62.000 58.000 64.000 62.000 62.000 62.000 58.000 62.000 62.000 62.000 61.000 58.000 59.000 57.000 64.000 62.000 64.000 73.000 65.000 73.000 69.000 69.000 69.000 54.000 54.000 67.000 67.000 65.000 67.000 70.000 62.000 62.000 70.000 70.000 71.000 62.000 70.000 68.000 69.000 70.000 70.000 65.000 67.000 69.000 69.000 69.000 69.000 70.000 70.000 69.000 66.000 66.000 59.000 59.000
VAdist TRAV43-2D*01 62.000 67.000 63.000 62.000 62.000 62.000 58.000 58.000 56.000 56.000 57.000 57.000 54.000 54.000 54.000 49.000 52.000 53.000 49.000 48.000 58.000 58.000 61.000 77.000 76.000 70.000 76.000 70.000 70.000 70.000 76.000 70.000 62.000 62.000 64.000 63.000 63.000 67.000 68.000 68.000 80.000 67.000 67.000 67.000 67.000 59.000 59.000 59.000 40.000 40.000 35.000 31.000 40.000 40.000 27.000 34.000 40.000 38.000 34.000 23.000 32.000 44.000 44.000 35.000 40.000 40.000 40.000 37.000 39.000 38.000 38.000 39.000 40.000 38.000 38.000 40.000 40.000 39.000 59.000 61.000 63.000 63.000 61.000 59.000 63.000 59.000 59.000 61.000 59.000 49.000 53.000 49.000 53.000 57.000 62.000 57.000 63.000 63.000 57.000 59.000 63.000 57.000 57.000 59.000 59.000 56.000 57.000 57.000 61.000 62.000 57.000 69.000 69.000 69.000 63.000 19.000 19.000 20.000 20.000 51.000 51.000 54.000 72.000 72.000 68.000 62.000 62.000 56.000 56.000 79.000 79.000 79.000 52.000 52.000 62.000 62.000 62.000 37.000 35.000 7.000 3.000 0.000 3.000 6.000 0.000 0.000 12.000 12.000 12.000 10.000 12.000 12.000 9.000 14.000 61.000 57.000 62.000 55.000 58.000 62.000 58.000 64.000 62.000 62.000 62.000 58.000 62.000 62.000 62.000 61.000 58.000 59.000 57.000 64.000 62.000 64.000 73.000 65.000 73.000 69.000 69.000 69.000 54.000 54.000 67.000 67.000 65.000 67.000 70.000 62.000 62.000 70.000 70.000 71.000 62.000 70.000 68.000 69.000 70.000 70.000 65.000 67.000 69.000 69.000 69.000 69.000 70.000 70.000 69.000 66.000 66.000 59.000 59.000
VAdist TRAV43-3*01 61.000 68.000 64.000 62.000 62.000 62.000 61.000 61.000 59.000 59.000 60.000 60.000 57.000 57.000 57.000 54.000 60.000 58.000 54.000 52.000 61.000 61.000 61.000 77.000 76.000 70.000 76.000 70.000 70.000 70.000 76.000 70.000 62.000 62.000 64.000 63.000 63.000 66.000 67.000 67.000 76.000 67.000 67.000 65.000 65.000 63.000 63.000 63.000 44.000 43.000 36.000 35.000 44.000 44.000 31.000 35.000 44.000 41.000 35.000 31.000 36.000 48.000 48.000 39.000 44.000 44.000 44.000 40.000 42.000 42.000 42.000 42.000 44.000 41.000 41.000 44.000 44.000 42.000 60.000 61.000 63.000 63.000 62.000 60.000 64.000 60.000 60.000 61.000 60.000 52.000 52.000 52.000 52.000 55.000 61.000 59.000 62.000 62.000 55.000 61.000 61.000 59.000 59.000 57.000 57.000 55.000 55.000 55.000 63.000 61.000 59.000 68.000 68.000 68.000 59.000 13.000 13.000 17.000 17.000 52.000 52.000 59.000 71.000 71.000 68.000 60.000 60.000 55.000 55.000 79.000 79.000 79.000 51.000 51.000 65.000 65.000 65.000 34.000 34.000 19.000 15.000 12.000 15.000 15.000 12.000 12.000 0.000 0.000 0.000 11.000 0.000 0.000 18.000 10.000 64.000 61.000 66.000 58.000 62.000 66.000 62.000 68.000 66.000 66.000 66.000 62.000 66.000 66.000 66.000 65.000 61.000 63.000 61.000 68.000 66.000 64.000 73.000 65.000 73.000 65.000 65.000 65.000 59.000 59.000 65.000 65.000 63.000 65.000 69.000 61.000 61.000 69.000 69.000 70.000 61.000 69.000 66.000 68.000 69.000 69.000 63.000 65.000 65.000 65.000 65.000 65.000 70.000 70.000 69.000 62.000 62.000 55.000 55.000
VAdist TRAV43-4*01 61.000 68.000 64.000 62.000 62.000 62.000 61.000 61.000 59.000 59.000 60.000 60.000 57.000 57.000 57.000 54.000 60.000 58.000 54.000 52.000 61.000 61.000 61.000 77.000 76.000 70.000 76.000 70.000 70.000 70.000 76.000 70.000 62.000 62.000 64.000 63.000 63.000 66.000 67.000 67.000 76.000 67.000 67.000 65.000 65.000 63.000 63.000 63.000 44.000 43.000 36.000 35.000 44.000 44.000 31.000 35.000 44.000 41.000 35.000 31.000 36.000 48.000 48.000 39.000 44.000 44.000 44.000 40.000 42.000 42.000 42.000 42.000 44.000 41.000 41.000 44.000 44.000 42.000 60.000 61.000 63.000 63.000 62.000 60.000 64.000 60.000 60.000 61.000 60.000 52.000 52.000 52.000 52.000 55.000 61.000 59.000 62.000 62.000 55.000 61.000 61.000 59.000 59.000 57.000 57.000 55.000 55.000 55.000 63.000 61.000 59.000 68.000 68.000 68.000 59.000 13.000 13.000 17.000 17.000 52.000 52.000 59.000 71.000 71.000 68.000 60.000 60.000 55.000 55.000 79.000 79.000 79.000 51.000 51.000 65.000 65.000 65.000 34.000 34.000 19.000 15.000 12.000 15.000 15.000 12.000 12.000 0.000 0.000 0.000 11.000 0.000 0.000 18.000 10.000 64.000 61.000 66.000 58.000 62.000 66.000 62.000 68.000 66.000 66.000 66.000 62.000 66.000 66.000 66.000 65.000 61.000 63.000 61.000 68.000 66.000 64.000 73.000 65.000 73.000 65.000 65.000 65.000 59.000 59.000 65.000 65.000 63.000 65.000 69.000 61.000 61.000 69.000 69.000 70.000 61.000 69.000 66.000 68.000 69.000 69.000 63.000 65.000 65.000 65.000 65.000 65.000 70.000 70.000 69.000 62.000 62.000 55.000 55.000
VAdist TRAV43-4D*01 61.000 68.000 64.000 62.000 62.000 62.000 61.000 61.000 59.000 59.000 60.000 60.000 57.000 57.000 57.000 54.000 60.000 58.000 54.000 52.000 61.000 61.000 61.000 77.000 76.000 70.000 76.000 70.000 70.000 70.000 76.000 70.000 62.000 62.000 64.000 63.000 63.000 66.000 67.000 67.000 76.000 67.000 67.000 65.000 65.000 63.000 63.000 63.000 44.000 43.000 36.000 35.000 44.000 44.000 31.000 35.000 44.000 41.000 35.000 31.000 36.000 48.000 48.000 39.000 44.000 44.000 44.000 40.000 42.000 42.000 42.000 42.000 44.000 41.000 41.000 44.000 44.000 42.000 60.000 61.000 63.000 63.000 62.000 60.000 64.000 60.000 60.000 61.000 60.000 52.000 52.000 52.000 52.000 55.000 61.000 59.000 62.000 62.000 55.000 61.000 61.000 59.000 59.000 57.000 57.000 55.000 55.000 55.000 63.000 61.000 59.000 68.000 68.000 68.000 59.000 13.000 13.000 17.000 17.000 52.000 52.000 59.000 71.000 71.000 68.000 60.000 60.000 55.000 55.000 79.000 79.000 79.000 51.000 51.000 65.000 65.000 65.000 34.000 34.000 19.000 15.000 12.000 15.000 15.000 12.000 12.000 0.000 0.000 0.000 11.000 0.000 0.000 18.000 10.000 64.000 61.000 66.000 58.000 62.000 66.000 62.000 68.000 66.000 66.000 66.000 62.000 66.000 66.000 66.000 65.000 61.000 63.000 61.000 68.000 66.000 64.000 73.000 65.000 73.000 65.000 65.000 65.000 59.000 59.000 65.000 65.000 63.000 65.000 69.000 61.000 61.000 69.000 69.000 70.000 61.000 69.000 66.000 68.000 69.000 69.000 63.000 65.000 65.000 65.000 65.000 65.000 70.000 70.000 69.000 62.000 62.000 55.000 55.000
VAdist TRAV43-5*01 59.000 63.000 63.000 61.000 61.000 61.000 62.000 62.000 60.000 60.000 61.000 61.000 58.000 58.000 58.000 54.000 59.000 58.000 54.000 51.000 62.000 62.000 62.000 74.000 73.000 67.000 73.000 67.000 67.000 67.000 73.000 67.000 62.000 62.000 63.000 62.000 62.000 63.000 64.000 66.000 76.000 67.000 67.000 67.000 66.000 63.000 63.000 63.000 39.000 37.000 31.000 29.000 39.000 39.000 25.000 30.000 39.000 35.000 30.000 25.000 34.000 42.000 42.000 31.000 38.000 38.000 38.000 34.000 36.000 36.000 36.000 36.000 38.000 35.000 35.000 38.000 38.000 36.000 59.000 60.000 62.000 62.000 61.000 59.000 63.000 59.000 59.000 60.000 59.000 50.000 51.000 50.000 51.000 55.000 58.000 56.000 61.000 61.000 53.000 58.000 61.000 56.000 56.000 57.000 57.000 55.000 53.000 53.000 60.000 58.000 56.000 69.000 69.000 69.000 63.000 16.000 16.000 18.000 18.000 51.000 51.000 55.000 72.000 72.000 71.000 58.000 58.000 53.000 53.000 79.000 79.000 79.000 54.000 54.000 62.000 62.000 62.000 41.000 41.000 11.000 7.000 10.000 13.000 4.000 10.000 10.000 11.000 11.000 11.000 0.000 11.000 11.000 7.000 15.000 61.000 56.000 61.000 55.000 57.000 61.000 57.000 63.000 61.000 61.000 61.000 57.000 61.000 61.000 61.000 60.000 58.000 58.000 57.000 63.000 61.000 63.000 73.000 65.000 73.000 65.000 65.000 65.000 59.000 59.000 66.000 66.000 64.000 66.000 70.000 61.000 61.000 67.000 67.000 71.000 61.000 70.000 67.000 69.000 70.000 70.000 64.000 66.000 64.000 64.000 64.000 64.000 69.000 69.000 68.000 65.000 65.000 58.000 58.000
VAdist TRAV43-6*01 61.000 68.000 64.000 62.000 62.000 62.000 61.000 61.000 59.000 59.000 60.000 60.000 57.000 57.000 57.000 54.000 60.000 58.000 54.000 52.000 61.000 61.000 61.000 77.000 76.000 70.000 76.000 70.000 70.000 70.000 76.000 70.000 62.000 62.000 64.000 63.000 63.000 66.000 67.000 67.000 76.000 67.000 67.000 65.000 65.000 63.000 63.000 63.000 44.000 43.000 36.000 35.000 44.000 44.000 31.000 35.000 44.000 41.000 35.000 31.000 36.000 48.000 48.000 39.000 44.000 44.000 44.000 40.000 42.000 42.000 42.000 42.000 44.000 41.000 41.000 44.000 44.000 42.000 60.000 61.000 63.000 63.000 62.000 60.000 64.000 60.000 60.000 61.000 60.000 52.000 52.000 52.000 52.000 55.000 61.000 59.000 62.000 62.000 55.000 61.000 61.000 59.000 59.000 57.000 57.000 55.000 55.000 55.000 63.000 61.000 59.000 68.000 68.000 68.000 59.000 13.000 13.000 17.000 17.000 52.000 52.000 59.000 71.000 71.000 68.000 60.000 60.000 55.000 55.000 79.000 79.000 79.000 51.000 51.000 65.000 65.000 65.000 34.000 34.000 19.000 15.000 12.000 15.000 15.000 12.000 12.000 0.000 0.000 0.000 11.000 0.000 0.000 18.000 10.000 64.000 61.000 66.000 58.000 62.000 66.000 62.000 68.000 66.000 66.000 66.000 62.000 66.000 66.000 66.000 65.000 61.000 63.000 61.000 68.000 66.000 64.000 73.000 65.000 73.000 65.000 65.000 65.000 59.000 59.000 65.000 65.000 63.000 65.000 69.000 61.000 61.000 69.000 69.000 70.000 61.000 69.000 66.000 68.000 69.000 69.000 63.000 65.000 65.000 65.000 65.000 65.000 70.000 70.000 69.000 62.000 62.000 55.000 55.000
VAdist TRAV43-6D*01 61.000 68.000 64.000 62.000 62.000 62.000 61.000 61.000 59.000 59.000 60.000 60.000 57.000 57.000 57.000 54.000 60.000 58.000 54.000 52.000 61.000 61.000 61.000 77.000 76.000 70.000 76.000 70.000 70.000 70.000 76.000 70.000 62.000 62.000 64.000 63.000 63.000 66.000 67.000 67.000 76.000 67.000 67.000 65.000 65.000 63.000 63.000 63.000 44.000 43.000 36.000 35.000 44.000 44.000 31.000 35.000 44.000 41.000 35.000 31.000 36.000 48.000 48.000 39.000 44.000 44.000 44.000 40.000 42.000 42.000 42.000 42.000 44.000 41.000 41.000 44.000 44.000 42.000 60.000 61.000 63.000 63.000 62.000 60.000 64.000 60.000 60.000 61.000 60.000 52.000 52.000 52.000 52.000 55.000 61.000 59.000 62.000 62.000 55.000 61.000 61.000 59.000 59.000 57.000 57.000 55.000 55.000 55.000 63.000 61.000 59.000 68.000 68.000 68.000 59.000 13.000 13.000 17.000 17.000 52.000 52.000 59.000 71.000 71.000 68.000 60.000 60.000 55.000 55.000 79.000 79.000 79.000 51.000 51.000 65.000 65.000 65.000 34.000 34.000 19.000 15.000 12.000 15.000 15.000 12.000 12.000 0.000 0.000 0.000 11.000 0.000 0.000 18.000 10.000 64.000 61.000 66.000 58.000 62.000 66.000 62.000 68.000 66.000 66.000 66.000 62.000 66.000 66.000 66.000 65.000 61.000 63.000 61.000 68.000 66.000 64.000 73.000 65.000 73.000 65.000 65.000 65.000 59.000 59.000 65.000 65.000 63.000 65.000 69.000 61.000 61.000 69.000 69.000 70.000 61.000 69.000 66.000 68.000 69.000 69.000 63.000 65.000 65.000 65.000 65.000 65.000 70.000 70.000 69.000 62.000 62.000 55.000 55.000
VAdist TRAV43-8*01 59.000 64.000 64.000 61.000 61.000 61.000 59.000 59.000 57.000 57.000 58.000 58.000 55.000 55.000 55.000 50.000 56.000 55.000 50.000 48.000 59.000 59.000 62.000 75.000 74.000 68.000 74.000 68.000 68.000 68.000 74.000 68.000 62.000 62.000 61.000 64.000 64.000 64.000 65.000 67.000 80.000 67.000 67.000 68.000 67.000 62.000 62.000 62.000 42.000 40.000 38.000 36.000 42.000 42.000 32.000 37.000 42.000 38.000 37.000 28.000 37.000 42.000 42.000 34.000 41.000 41.000 41.000 34.000 39.000 38.000 38.000 39.000 41.000 38.000 38.000 41.000 41.000 39.000 59.000 61.000 62.000 62.000 61.000 59.000 63.000 59.000 59.000 61.000 59.000 51.000 52.000 51.000 52.000 57.000 56.000 54.000 59.000 59.000 55.000 56.000 59.000 54.000 54.000 55.000 55.000 57.000 55.000 55.000 58.000 56.000 54.000 70.000 70.000 70.000 65.000 19.000 19.000 21.000 21.000 51.000 51.000 52.000 72.000 72.000 72.000 60.000 60.000 53.000 53.000 80.000 80.000 80.000 57.000 57.000 63.000 63.000 63.000 44.000 42.000 10.000 6.000 9.000 6.000 3.000 9.000 9.000 18.000 18.000 18.000 7.000 18.000 18.000 0.000 8.000 62.000 57.000 62.000 56.000 58.000 62.000 58.000 63.000 62.000 62.000 62.000 58.000 62.000 62.000 62.000 61.000 59.000 58.000 58.000 63.000 62.000 70.000 76.000 68.000 76.000 72.000 72.000 72.000 56.000 56.000 67.000 67.000 66.000 65.000 70.000 62.000 62.000 67.000 67.000 71.000 62.000 70.000 68.000 69.000 70.000 70.000 66.000 65.000 68.000 68.000 68.000 68.000 69.000 69.000 68.000 69.000 69.000 62.000 62.000
VAdist TRAV43S1*01 61.000 68.000 68.000 61.000 61.000 61.000 58.000 58.000 56.000 56.000 57.000 57.000 54.000 54.000 54.000 50.000 57.000 55.000 50.000 49.000 58.000 58.000 61.000 75.000 74.000 68.000 74.000 68.000 68.000 68.000 74.000 68.000 62.000 62.000 61.000 64.000 64.000 64.000 65.000 68.000 80.000 67.000 67.000 66.000 65.000 62.000 62.000 62.000 47.000 43.000 42.000 41.000 47.000 47.000 37.000 41.000 47.000 41.000 41.000 33.000 42.000 47.000 47.000 39.000 46.000 46.000 46.000 37.000 42.000 41.000 41.000 42.000 46.000 41.000 41.000 46.000 46.000 42.000 60.000 62.000 63.000 63.000 62.000 60.000 64.000 60.000 60.000 62.000 60.000 52.000 52.000 52.000 52.000 56.000 56.000 54.000 59.000 59.000 54.000 56.000 58.000 54.000 54.000 54.000 54.000 56.000 54.000 54.000 58.000 56.000 54.000 69.000 69.000 69.000 61.000 13.000 13.000 17.000 17.000 52.000 52.000 56.000 71.000 71.000 72.000 62.000 62.000 52.000 52.000 80.000 80.000 80.000 57.000 57.000 66.000 66.000 66.000 40.000 38.000 15.000 11.000 14.000 11.000 11.000 14.000 14.000 10.000 10.000 10.000 15.000 10.000 10.000 8.000 0.000 65.000 62.000 67.000 59.000 63.000 67.000 63.000 68.000 67.000 67.000 67.000 63.000 67.000 67.000 67.000 66.000 62.000 63.000 62.000 68.000 67.000 71.000 76.000 68.000 76.000 72.000 72.000 72.000 56.000 56.000 66.000 66.000 65.000 64.000 69.000 61.000 61.000 66.000 66.000 70.000 61.000 69.000 67.000 68.000 69.000 69.000 65.000 64.000 68.000 68.000 68.000 68.000 69.000 69.000 68.000 69.000 69.000 62.000 62.000
VAdist TRAV44-1*01 63.000 76.000 76.000 74.000 70.000 74.000 66.000 66.000 66.000 66.000 66.000 66.000 64.000 64.000 64.000 72.000 69.000 72.000 72.000 66.000 68.000 68.000 68.000 72.000 72.000 80.000 72.000 76.000 76.000 76.000 68.000 76.000 63.000 63.000 70.000 67.000 67.000 75.000 71.000 70.000 76.000 56.000 56.000 76.000 76.000 75.000 75.000 75.000 54.000 52.000 58.000 58.000 52.000 52.000 57.000 58.000 54.000 52.000 58.000 57.000 49.000 52.000 52.000 49.000 50.000 50.000 52.000 53.000 52.000 56.000 56.000 52.000 50.000 52.000 52.000 50.000 52.000 56.000 70.000 70.000 74.000 74.000 69.000 70.000 70.000 70.000 70.000 70.000 70.000 78.000 78.000 78.000 78.000 71.000 74.000 72.000 74.000 74.000 71.000 70.000 74.000 72.000 72.000 74.000 74.000 71.000 75.000 75.000 72.000 74.000 72.000 26.000 26.000 26.000 68.000 65.000 65.000 65.000 65.000 70.000 70.000 68.000 69.000 69.000 70.000 67.000 67.000 75.000 75.000 63.000 63.000 66.000 73.000 73.000 34.000 34.000 34.000 70.000 70.000 57.000 61.000 61.000 62.000 61.000 61.000 61.000 64.000 64.000 64.000 61.000 64.000 64.000 62.000 65.000 0.000 15.000 24.000 22.000 15.000 15.000 16.000 27.000 32.000 32.000 8.000 18.000 28.000 24.000 11.000 17.000 19.000 21.000 18.000 28.000 20.000 62.000 62.000 62.000 58.000 61.000 62.000 66.000 67.000 67.000 76.000 76.000 71.000 74.000 76.000 79.000 79.000 70.000 70.000 66.000 79.000 76.000 76.000 76.000 76.000 76.000 71.000 74.000 68.000 68.000 68.000 68.000 68.000 68.000 64.000 67.000 67.000 73.000 75.000
VAdist TRAV44-10*01 62.000 70.000 70.000 76.000 76.000 76.000 66.000 66.000 66.000 66.000 66.000 66.000 64.000 64.000 64.000 70.000 67.000 70.000 70.000 62.000 68.000 68.000 68.000 71.000 71.000 80.000 72.000 76.000 76.000 76.000 68.000 76.000 63.000 63.000 62.000 59.000 59.000 70.000 66.000 63.000 76.000 57.000 57.000 76.000 76.000 71.000 71.000 71.000 52.000 58.000 62.000 62.000 54.000 54.000 62.000 62.000 52.000 58.000 62.000 62.000 52.000 54.000 54.000 52.000 52.000 52.000 54.000 60.000 58.000 62.000 62.000 58.000 52.000 58.000 58.000 52.000 54.000 58.000 67.000 67.000 71.000 71.000 67.000 67.000 67.000 67.000 67.000 66.000 67.000 77.000 77.000 77.000 77.000 71.000 74.000 72.000 74.000 74.000 71.000 70.000 74.000 72.000 72.000 74.000 74.000 71.000 75.000 75.000 72.000 74.000 72.000 29.000 30.000 30.000 68.000 61.000 61.000 61.000 61.000 67.000 67.000 66.000 67.000 67.000 70.000 66.000 66.000 74.000 74.000 68.000 68.000 65.000 66.000 66.000 37.000 37.000 37.000 69.000 69.000 53.000 57.000 57.000 58.000 56.000 57.000 57.000 61.000 61.000 61.000 56.000 61.000 61.000 57.000 62.000 15.000 0.000 23.000 19.000 8.000 16.000 15.000 20.000 28.000 28.000 15.000 16.000 21.000 23.000 12.000 18.000 16.000 14.000 11.000 21.000 19.000 65.000 62.000 62.000 58.000 58.000 62.000 66.000 66.000 66.000 74.000 74.000 70.000 73.000 72.000 78.000 78.000 66.000 66.000 62.000 78.000 72.000 75.000 72.000 72.000 72.000 70.000 73.000 68.000 68.000 68.000 68.000 68.000 68.000 64.000 63.000 63.000 72.000 74.000
VAdist TRAV44-11*01 71.000 73.000 73.000 76.000 72.000 76.000 65.000 65.000 65.000 65.000 65.000 65.000 70.000 70.000 70.000 76.000 65.000 68.000 76.000 68.000 66.000 66.000 66.000 72.000 72.000 80.000 72.000 76.000 76.000 76.000 68.000 76.000 67.000 67.000 66.000 63.000 63.000 71.000 71.000 64.000 76.000 60.000 60.000 65.000 69.000 75.000 75.000 75.000 56.000 62.000 66.000 66.000 58.000 58.000 66.000 66.000 56.000 62.000 66.000 66.000 56.000 58.000 58.000 56.000 56.000 56.000 58.000 64.000 62.000 66.000 66.000 62.000 56.000 62.000 62.000 56.000 58.000 62.000 67.000 67.000 71.000 71.000 65.000 67.000 67.000 67.000 67.000 66.000 67.000 74.000 74.000 74.000 74.000 67.000 70.000 68.000 70.000 70.000 67.000 66.000 70.000 68.000 68.000 70.000 70.000 67.000 71.000 71.000 68.000 70.000 68.000 29.000 29.000 29.000 64.000 66.000 66.000 66.000 66.000 66.000 66.000 65.000 75.000 75.000 69.000 66.000 66.000 80.000 80.000 62.000 62.000 68.000 73.000 73.000 35.000 35.000 35.000 68.000 68.000 58.000 62.000 62.000 63.000 61.000 62.000 62.000 66.000 66.000 66.000 61.000 66.000 66.000 62.000 67.000 24.000 23.000 0.000 22.000 15.000 19.000 8.000 31.000 12.000 12.000 16.000 14.000 8.000 7.000 19.000 25.000 19.000 21.000 20.000 32.000 4.000 62.000 62.000 66.000 62.000 65.000 66.000 66.000 68.000 68.000 77.000 77.000 71.000 74.000 68.000 79.000 79.000 75.000 75.000 71.000 79.000 68.000 78.000 68.000 68.000 68.000 71.000 74.000 67.000 67.000 67.000 67.000 64.000 64.000 63.000 65.000 65.000 65.000 65.000
VAdist TRAV44-12*01 67.000 75.000 75.000 72.000 68.000 72.000 64.000 64.000 64.000 64.000 65.000 65.000 59.000 62.000 62.000 70.000 66.000 70.000 70.000 64.000 66.000 66.000 67.000 75.000 75.000 76.000 76.000 72.000 72.000 72.000 72.000 72.000 70.000 70.000 70.000 67.000 67.000 74.000 70.000 69.000 76.000 62.000 62.000 76.000 75.000 74.000 74.000 74.000 54.000 56.000 62.000 62.000 55.000 55.000 62.000 62.000 54.000 56.000 62.000 62.000 54.000 56.000 56.000 54.000 54.000 54.000 55.000 58.000 56.000 60.000 60.000 56.000 54.000 56.000 56.000 54.000 55.000 56.000 70.000 69.000 73.000 73.000 68.000 70.000 70.000 70.000 70.000 68.000 70.000 71.000 71.000 71.000 71.000 69.000 72.000 71.000 72.000 72.000 69.000 69.000 72.000 71.000 71.000 72.000 72.000 69.000 73.000 73.000 71.000 72.000 71.000 24.000 25.000 25.000 66.000 59.000 59.000 59.000 59.000 70.000 70.000 69.000 76.000 76.000 70.000 65.000 65.000 75.000 75.000 69.000 69.000 66.000 71.000 71.000 31.000 31.000 31.000 67.000 67.000 52.000 55.000 55.000 56.000 55.000 55.000 55.000 58.000 58.000 58.000 55.000 58.000 58.000 56.000 59.000 22.000 19.000 22.000 0.000 11.000 11.000 18.000 27.000 27.000 27.000 18.000 11.000 14.000 21.000 15.000 21.000 7.000 17.000 20.000 26.000 22.000 69.000 65.000 66.000 66.000 62.000 66.000 70.000 66.000 66.000 75.000 75.000 74.000 77.000 75.000 82.000 82.000 74.000 74.000 70.000 83.000 75.000 76.000 75.000 75.000 75.000 74.000 77.000 75.000 75.000 75.000 75.000 69.000 69.000 71.000 74.000 74.000 75.000 77.000
VAdist TRAV44-16*01 62.000 74.000 74.000 76.000 72.000 76.000 67.000 67.000 67.000 67.000 67.000 67.000 65.000 65.000 65.000 71.000 68.000 71.000 71.000 63.000 69.000 69.000 69.000 71.000 71.000 80.000 72.000 76.000 76.000 76.000 68.000 76.000 62.000 62.000 66.000 63.000 63.000 70.000 66.000 63.000 76.000 59.000 59.000 76.000 76.000 75.000 75.000 75.000 52.000 58.000 62.000 62.000 54.000 54.000 62.000 62.000 52.000 58.000 62.000 62.000 52.000 54.000 54.000 52.000 52.000 52.000 54.000 60.000 58.000 62.000 62.000 58.000 52.000 58.000 58.000 52.000 54.000 58.000 68.000 68.000 72.000 72.000 66.000 68.000 68.000 68.000 68.000 67.000 68.000 78.000 78.000 78.000 78.000 69.000 72.000 70.000 72.000 72.000 69.000 68.000 72.000 70.000 70.000 72.000 72.000 69.000 73.000 73.000 70.000 72.000 70.000 25.000 26.000 26.000 66.000 62.000 62.000 62.000 62.000 68.000 68.000 67.000 68.000 68.000 70.000 64.000 64.000 78.000 78.000 68.000 68.000 65.000 70.000 70.000 37.000 37.000 37.000 70.000 70.000 54.000 58.000 58.000 59.000 57.000 58.000 58.000 62.000 62.000 62.000 57.000 62.000 62.000 58.000 63.000 15.000 8.000 15.000 11.000 0.000 8.000 7.000 20.000 20.000 20.000 7.000 8.000 13.000 18.000 4.000 10.000 8.000 6.000 11.000 21.000 11.000 65.000 62.000 62.000 58.000 58.000 62.000 66.000 67.000 67.000 74.000 74.000 70.000 73.000 72.000 79.000 79.000 66.000 66.000 62.000 79.000 72.000 75.000 72.000 72.000 72.000 70.000 73.000 67.000 67.000 67.000 67.000 65.000 65.000 63.000 65.000 65.000 71.000 73.000
VAdist TRAV44-18*01 66.000 75.000 75.000 75.000 71.000 75.000 66.000 66.000 66.000 66.000 67.000 67.000 61.000 64.000 64.000 70.000 67.000 70.000 70.000 62.000 68.000 68.000 69.000 71.000 71.000 80.000 72.000 76.000 76.000 76.000 68.000 76.000 66.000 66.000 69.000 66.000 66.000 74.000 70.000 67.000 72.000 58.000 58.000 76.000 75.000 74.000 74.000 74.000 51.000 54.000 58.000 58.000 49.000 49.000 58.000 58.000 51.000 54.000 58.000 58.000 47.000 49.000 49.000 47.000 47.000 47.000 49.000 56.000 54.000 58.000 58.000 54.000 47.000 54.000 54.000 47.000 49.000 58.000 68.000 67.000 71.000 71.000 67.000 68.000 68.000 68.000 68.000 66.000 68.000 75.000 75.000 75.000 75.000 69.000 72.000 70.000 72.000 72.000 69.000 68.000 72.000 70.000 70.000 72.000 72.000 69.000 73.000 73.000 70.000 72.000 70.000 21.000 22.000 22.000 66.000 66.000 66.000 66.000 66.000 68.000 68.000 67.000 72.000 72.000 70.000 64.000 64.000 77.000 77.000 68.000 68.000 65.000 70.000 70.000 32.000 32.000 32.000 70.000 70.000 58.000 62.000 62.000 63.000 61.000 62.000 62.000 66.000 66.000 66.000 61.000 66.000 66.000 62.000 67.000 15.000 16.000 19.000 11.000 8.000 0.000 15.000 28.000 24.000 24.000 7.000 8.000 13.000 18.000 4.000 10.000 8.000 14.000 19.000 29.000 19.000 65.000 61.000 62.000 62.000 58.000 62.000 66.000 66.000 66.000 75.000 75.000 70.000 73.000 75.000 78.000 78.000 71.000 71.000 67.000 79.000 75.000 75.000 75.000 75.000 75.000 70.000 73.000 72.000 72.000 72.000 72.000 66.000 66.000 68.000 70.000 70.000 72.000 74.000
VAdist TRAV44-2*01 63.000 74.000 74.000 76.000 72.000 76.000 65.000 65.000 65.000 65.000 65.000 65.000 66.000 66.000 66.000 72.000 69.000 72.000 72.000 64.000 70.000 70.000 70.000 72.000 72.000 80.000 72.000 76.000 76.000 76.000 68.000 76.000 63.000 63.000 66.000 63.000 63.000 71.000 71.000 64.000 76.000 60.000 60.000 73.000 73.000 75.000 75.000 75.000 52.000 58.000 62.000 62.000 54.000 54.000 62.000 62.000 52.000 58.000 62.000 62.000 52.000 54.000 54.000 52.000 52.000 52.000 54.000 60.000 58.000 62.000 62.000 58.000 52.000 58.000 58.000 52.000 54.000 58.000 68.000 68.000 72.000 72.000 66.000 68.000 68.000 68.000 68.000 67.000 68.000 78.000 78.000 78.000 78.000 69.000 72.000 70.000 72.000 72.000 69.000 68.000 72.000 70.000 70.000 72.000 72.000 69.000 73.000 73.000 70.000 72.000 70.000 30.000 30.000 30.000 66.000 62.000 62.000 62.000 62.000 68.000 68.000 67.000 71.000 71.000 70.000 68.000 68.000 80.000 80.000 62.000 62.000 68.000 73.000 73.000 35.000 35.000 35.000 70.000 70.000 54.000 58.000 58.000 59.000 57.000 58.000 58.000 62.000 62.000 62.000 57.000 62.000 62.000 58.000 63.000 16.000 15.000 8.000 18.000 7.000 15.000 0.000 27.000 16.000 16.000 8.000 10.000 12.000 11.000 11.000 17.000 15.000 13.000 12.000 28.000 4.000 62.000 62.000 66.000 58.000 65.000 66.000 66.000 72.000 72.000 77.000 77.000 71.000 74.000 68.000 79.000 79.000 71.000 71.000 67.000 79.000 68.000 78.000 68.000 68.000 68.000 71.000 74.000 67.000 67.000 67.000 67.000 65.000 65.000 63.000 65.000 65.000 73.000 73.000
VAdist TRAV44-20*02 66.000 77.000 77.000 78.000 74.000 78.000 71.000 71.000 71.000 71.000 71.000 71.000 73.000 73.000 73.000 75.000 72.000 75.000 75.000 71.000 73.000 73.000 73.000 79.000 79.000 84.000 80.000 80.000 80.000 80.000 80.000 80.000 62.000 62.000 71.000 71.000 71.000 74.000 70.000 67.000 80.000 59.000 59.000 76.000 76.000 77.000 77.000 77.000 58.000 64.000 68.000 68.000 60.000 60.000 68.000 68.000 58.000 64.000 68.000 68.000 58.000 58.000 58.000 58.000 58.000 58.000 60.000 64.000 64.000 68.000 68.000 64.000 58.000 64.000 64.000 58.000 60.000 64.000 71.000 71.000 71.000 71.000 69.000 71.000 71.000 71.000 71.000 70.000 71.000 78.000 78.000 78.000 78.000 79.000 79.000 77.000 79.000 79.000 79.000 75.000 79.000 77.000 77.000 79.000 79.000 79.000 79.000 79.000 77.000 79.000 77.000 36.000 37.000 37.000 76.000 68.000 68.000 68.000 68.000 72.000 72.000 71.000 73.000 73.000 75.000 74.000 74.000 78.000 78.000 73.000 73.000 70.000 71.000 71.000 44.000 44.000 44.000 72.000 72.000 60.000 64.000 64.000 64.000 63.000 64.000 64.000 68.000 68.000 68.000 63.000 68.000 68.000 63.000 68.000 27.000 20.000 31.000 27.000 20.000 28.000 27.000 0.000 36.000 36.000 27.000 28.000 29.000 31.000 24.000 28.000 28.000 20.000 31.000 1.000 27.000 71.000 68.000 68.000 64.000 64.000 68.000 72.000 71.000 71.000 75.000 75.000 78.000 78.000 76.000 83.000 83.000 70.000 70.000 66.000 83.000 76.000 76.000 76.000 76.000 76.000 78.000 78.000 73.000 73.000 73.000 73.000 73.000 73.000 69.000 71.000 71.000 77.000 79.000
VAdist TRAV44-21*01 71.000 73.000 73.000 76.000 72.000 76.000 64.000 64.000 64.000 65.000 65.000 65.000 70.000 69.000 69.000 76.000 65.000 68.000 76.000 68.000 65.000 65.000 66.000 67.000 67.000 80.000 67.000 76.000 76.000 76.000 65.000 72.000 67.000 67.000 64.000 61.000 61.000 71.000 71.000 64.000 76.000 63.000 63.000 69.000 68.000 71.000 71.000 71.000 56.000 62.000 66.000 66.000 58.000 58.000 66.000 66.000 56.000 62.000 66.000 66.000 56.000 58.000 58.000 56.000 56.000 56.000 58.000 64.000 62.000 66.000 66.000 62.000 56.000 62.000 62.000 56.000 58.000 62.000 67.000 67.000 71.000 67.000 65.000 67.000 67.000 67.000 67.000 66.000 67.000 74.000 74.000 74.000 74.000 67.000 70.000 68.000 70.000 70.000 67.000 66.000 70.000 68.000 68.000 70.000 70.000 67.000 71.000 71.000 68.000 70.000 68.000 33.000 33.000 33.000 64.000 66.000 66.000 66.000 66.000 62.000 62.000 65.000 75.000 75.000 70.000 66.000 66.000 79.000 79.000 63.000 63.000 66.000 73.000 73.000 35.000 35.000 35.000 68.000 68.000 58.000 62.000 62.000 63.000 61.000 62.000 62.000 66.000 66.000 66.000 61.000 66.000 66.000 62.000 67.000 32.000 28.000 12.000 27.000 20.000 24.000 16.000 36.000 0.000 0.000 24.000 20.000 13.000 15.000 24.000 26.000 24.000 26.000 28.000 37.000 12.000 65.000 61.000 66.000 62.000 65.000 65.000 63.000 68.000 68.000 77.000 77.000 71.000 74.000 68.000 79.000 79.000 75.000 75.000 71.000 79.000 68.000 78.000 68.000 68.000 68.000 71.000 74.000 67.000 67.000 67.000 67.000 65.000 65.000 63.000 65.000 65.000 69.000 69.000
VAdist TRAV44-21*02 71.000 73.000 73.000 76.000 72.000 76.000 64.000 64.000 64.000 65.000 65.000 65.000 70.000 69.000 69.000 76.000 65.000 68.000 76.000 68.000 65.000 65.000 66.000 67.000 67.000 80.000 67.000 76.000 76.000 76.000 65.000 72.000 67.000 67.000 64.000 61.000 61.000 71.000 71.000 64.000 76.000 63.000 63.000 69.000 68.000 71.000 71.000 71.000 56.000 62.000 66.000 66.000 58.000 58.000 66.000 66.000 56.000 62.000 66.000 66.000 56.000 58.000 58.000 56.000 56.000 56.000 58.000 64.000 62.000 66.000 66.000 62.000 56.000 62.000 62.000 56.000 58.000 62.000 67.000 67.000 71.000 67.000 65.000 67.000 67.000 67.000 67.000 66.000 67.000 74.000 74.000 74.000 74.000 67.000 70.000 68.000 70.000 70.000 67.000 66.000 70.000 68.000 68.000 70.000 70.000 67.000 71.000 71.000 68.000 70.000 68.000 33.000 33.000 33.000 64.000 66.000 66.000 66.000 66.000 62.000 62.000 65.000 75.000 75.000 70.000 66.000 66.000 79.000 79.000 63.000 63.000 66.000 73.000 73.000 35.000 35.000 35.000 68.000 68.000 58.000 62.000 62.000 63.000 61.000 62.000 62.000 66.000 66.000 66.000 61.000 66.000 66.000 62.000 67.000 32.000 28.000 12.000 27.000 20.000 24.000 16.000 36.000 0.000 0.000 24.000 20.000 13.000 15.000 24.000 26.000 24.000 26.000 28.000 37.000 12.000 65.000 61.000 66.000 62.000 65.000 65.000 63.000 68.000 68.000 77.000 77.000 71.000 74.000 68.000 79.000 79.000 75.000 75.000 71.000 79.000 68.000 78.000 68.000 68.000 68.000 71.000 74.000 67.000 67.000 67.000 67.000 65.000 65.000 63.000 65.000 65.000 69.000 69.000
VAdist TRAV44-3*01 62.000 75.000 75.000 76.000 72.000 76.000 68.000 68.000 68.000 68.000 68.000 68.000 66.000 66.000 66.000 72.000 69.000 72.000 72.000 64.000 70.000 70.000 70.000 72.000 72.000 80.000 72.000 76.000 76.000 76.000 68.000 76.000 63.000 63.000 70.000 67.000 67.000 75.000 71.000 68.000 76.000 56.000 56.000 76.000 76.000 75.000 75.000 75.000 52.000 54.000 58.000 58.000 50.000 50.000 58.000 58.000 52.000 54.000 58.000 58.000 48.000 50.000 50.000 48.000 48.000 48.000 50.000 56.000 54.000 58.000 58.000 54.000 48.000 54.000 54.000 48.000 50.000 58.000 68.000 68.000 72.000 72.000 67.000 68.000 68.000 68.000 68.000 67.000 68.000 79.000 79.000 79.000 79.000 69.000 72.000 70.000 72.000 72.000 69.000 68.000 72.000 70.000 70.000 72.000 72.000 69.000 73.000 73.000 70.000 72.000 70.000 26.000 26.000 26.000 66.000 66.000 66.000 66.000 66.000 68.000 68.000 67.000 69.000 69.000 70.000 64.000 64.000 78.000 78.000 65.000 65.000 68.000 72.000 72.000 34.000 34.000 34.000 70.000 70.000 58.000 62.000 62.000 63.000 61.000 62.000 62.000 66.000 66.000 66.000 61.000 66.000 66.000 62.000 67.000 8.000 15.000 16.000 18.000 7.000 7.000 8.000 27.000 24.000 24.000 0.000 10.000 20.000 19.000 3.000 9.000 15.000 13.000 12.000 28.000 12.000 62.000 62.000 62.000 58.000 61.000 62.000 66.000 68.000 68.000 76.000 76.000 71.000 74.000 76.000 79.000 79.000 68.000 68.000 64.000 79.000 76.000 76.000 76.000 76.000 76.000 71.000 74.000 68.000 68.000 68.000 68.000 66.000 66.000 64.000 66.000 66.000 72.000 74.000
VAdist TRAV44-4*01 66.000 74.000 74.000 75.000 71.000 75.000 67.000 67.000 67.000 67.000 68.000 68.000 62.000 65.000 65.000 71.000 68.000 71.000 71.000 63.000 69.000 69.000 70.000 72.000 72.000 80.000 72.000 76.000 76.000 76.000 68.000 76.000 67.000 67.000 65.000 62.000 62.000 71.000 67.000 64.000 72.000 57.000 57.000 76.000 75.000 74.000 74.000 74.000 51.000 58.000 62.000 62.000 53.000 53.000 62.000 62.000 51.000 58.000 62.000 62.000 51.000 53.000 53.000 51.000 51.000 51.000 53.000 60.000 58.000 62.000 62.000 58.000 51.000 58.000 58.000 51.000 53.000 58.000 68.000 67.000 71.000 71.000 66.000 68.000 68.000 68.000 68.000 66.000 68.000 74.000 74.000 74.000 74.000 69.000 72.000 70.000 72.000 72.000 69.000 68.000 72.000 70.000 70.000 72.000 72.000 69.000 73.000 73.000 70.000 72.000 70.000 22.000 22.000 22.000 66.000 62.000 62.000 62.000 62.000 68.000 68.000 67.000 73.000 73.000 70.000 64.000 64.000 77.000 77.000 67.000 67.000 69.000 70.000 70.000 37.000 37.000 37.000 70.000 70.000 54.000 58.000 58.000 59.000 57.000 58.000 58.000 62.000 62.000 62.000 57.000 62.000 62.000 58.000 63.000 18.000 16.000 14.000 11.000 8.000 8.000 10.000 28.000 20.000 20.000 10.000 0.000 13.000 13.000 12.000 18.000 8.000 14.000 14.000 29.000 14.000 64.000 61.000 62.000 62.000 62.000 62.000 66.000 67.000 67.000 75.000 75.000 71.000 74.000 71.000 76.000 76.000 71.000 71.000 67.000 77.000 71.000 76.000 71.000 71.000 71.000 71.000 74.000 71.000 71.000 71.000 71.000 65.000 65.000 67.000 69.000 69.000 71.000 73.000
VAdist TRAV44-5*01 71.000 73.000 73.000 75.000 71.000 75.000 63.000 63.000 63.000 63.000 64.000 64.000 65.000 68.000 68.000 74.000 62.000 66.000 74.000 66.000 64.000 64.000 65.000 71.000 71.000 80.000 72.000 76.000 76.000 76.000 68.000 76.000 66.000 66.000 66.000 63.000 63.000 70.000 70.000 63.000 72.000 62.000 62.000 69.000 68.000 74.000 74.000 74.000 56.000 62.000 66.000 66.000 57.000 57.000 66.000 66.000 56.000 62.000 66.000 66.000 56.000 58.000 58.000 56.000 56.000 56.000 57.000 64.000 62.000 66.000 66.000 62.000 56.000 62.000 62.000 56.000 57.000 62.000 67.000 66.000 70.000 70.000 65.000 67.000 67.000 67.000 67.000 65.000 67.000 70.000 70.000 70.000 70.000 67.000 70.000 69.000 70.000 70.000 67.000 67.000 70.000 69.000 69.000 70.000 70.000 67.000 71.000 71.000 69.000 70.000 69.000 25.000 26.000 26.000 64.000 66.000 66.000 66.000 66.000 66.000 66.000 66.000 74.000 74.000 70.000 66.000 66.000 79.000 79.000 65.000 65.000 65.000 71.000 71.000 34.000 34.000 34.000 68.000 68.000 59.000 62.000 62.000 63.000 61.000 62.000 62.000 66.000 66.000 66.000 61.000 66.000 66.000 62.000 67.000 28.000 21.000 8.000 14.000 13.000 13.000 12.000 29.000 13.000 13.000 20.000 13.000 0.000 7.000 17.000 23.000 13.000 19.000 24.000 28.000 8.000 65.000 61.000 66.000 62.000 62.000 66.000 66.000 66.000 66.000 76.000 76.000 70.000 73.000 67.000 78.000 78.000 74.000 74.000 70.000 79.000 67.000 77.000 67.000 67.000 67.000 70.000 73.000 67.000 67.000 67.000 67.000 65.000 65.000 63.000 66.000 66.000 69.000 69.000
VAdist TRAV44-6*01 71.000 73.000 73.000 75.000 71.000 75.000 64.000 64.000 64.000 64.000 65.000 65.000 66.000 69.000 69.000 75.000 64.000 67.000 75.000 67.000 65.000 65.000 66.000 72.000 72.000 80.000 72.000 76.000 76.000 76.000 68.000 76.000 67.000 67.000 65.000 62.000 62.000 71.000 71.000 64.000 72.000 59.000 59.000 69.000 68.000 74.000 74.000 74.000 55.000 62.000 66.000 66.000 57.000 57.000 66.000 66.000 55.000 62.000 66.000 66.000 55.000 57.000 57.000 55.000 55.000 55.000 57.000 64.000 62.000 66.000 66.000 62.000 55.000 62.000 62.000 55.000 57.000 62.000 67.000 66.000 70.000 70.000 65.000 67.000 67.000 67.000 67.000 65.000 67.000 70.000 70.000 70.000 70.000 68.000 71.000 69.000 71.000 71.000 68.000 67.000 71.000 69.000 69.000 71.000 71.000 68.000 72.000 72.000 69.000 71.000 69.000 25.000 25.000 25.000 65.000 66.000 66.000 66.000 66.000 66.000 66.000 65.000 75.000 75.000 70.000 67.000 67.000 79.000 79.000 62.000 62.000 68.000 72.000 72.000 34.000 34.000 34.000 68.000 68.000 58.000 62.000 62.000 63.000 61.000 62.000 62.000 66.000 66.000 66.000 61.000 66.000 66.000 62.000 67.000 24.000 23.000 7.000 21.000 18.000 18.000 11.000 31.000 15.000 15.000 19.000 13.000 7.000 0.000 22.000 28.000 18.000 24.000 23.000 32.000 7.000 62.000 61.000 66.000 60.000 65.000 66.000 66.000 67.000 67.000 77.000 77.000 71.000 74.000 67.000 78.000 78.000 75.000 75.000 71.000 79.000 67.000 78.000 67.000 67.000 67.000 71.000 74.000 68.000 68.000 68.000 68.000 68.000 68.000 64.000 66.000 66.000 70.000 70.000
VAdist TRAV44-7*01 62.000 75.000 75.000 76.000 72.000 76.000 67.000 67.000 67.000 67.000 67.000 67.000 65.000 65.000 65.000 71.000 68.000 71.000 71.000 63.000 69.000 69.000 69.000 71.000 71.000 80.000 72.000 76.000 76.000 76.000 68.000 76.000 62.000 62.000 70.000 67.000 67.000 74.000 70.000 67.000 76.000 59.000 59.000 76.000 76.000 75.000 75.000 75.000 52.000 54.000 58.000 58.000 50.000 50.000 58.000 58.000 52.000 54.000 58.000 58.000 48.000 50.000 50.000 48.000 48.000 48.000 50.000 56.000 54.000 58.000 58.000 54.000 48.000 54.000 54.000 48.000 50.000 58.000 68.000 68.000 72.000 72.000 67.000 68.000 68.000 68.000 68.000 67.000 68.000 79.000 79.000 79.000 79.000 69.000 72.000 70.000 72.000 72.000 69.000 68.000 72.000 70.000 70.000 72.000 72.000 69.000 73.000 73.000 70.000 72.000 70.000 25.000 26.000 26.000 66.000 66.000 66.000 66.000 66.000 68.000 68.000 67.000 68.000 68.000 70.000 64.000 64.000 78.000 78.000 68.000 68.000 65.000 71.000 71.000 33.000 33.000 33.000 70.000 70.000 58.000 62.000 62.000 63.000 61.000 62.000 62.000 66.000 66.000 66.000 61.000 66.000 66.000 62.000 67.000 11.000 12.000 19.000 15.000 4.000 4.000 11.000 24.000 24.000 24.000 3.000 12.000 17.000 22.000 0.000 6.000 12.000 10.000 15.000 25.000 15.000 65.000 62.000 62.000 58.000 58.000 62.000 66.000 67.000 67.000 75.000 75.000 70.000 73.000 76.000 79.000 79.000 67.000 67.000 63.000 79.000 76.000 75.000 76.000 76.000 76.000 70.000 73.000 68.000 68.000 68.000 68.000 66.000 66.000 64.000 66.000 66.000 72.000 74.000
VAdist TRAV44-8*01 62.000 75.000 75.000 74.000 70.000 74.000 67.000 67.000 67.000 67.000 67.000 67.000 65.000 65.000 65.000 71.000 68.000 71.000 71.000 63.000 69.000 69.000 69.000 71.000 71.000 80.000 72.000 76.000 76.000 76.000 70.000 76.000 61.000 61.000 70.000 67.000 67.000 74.000 70.000 67.000 76.000 59.000 59.000 76.000 76.000 75.000 75.000 75.000 51.000 54.000 57.000 57.000 49.000 49.000 57.000 57.000 51.000 53.000 57.000 57.000 47.000 49.000 49.000 47.000 47.000 47.000 49.000 55.000 53.000 57.000 57.000 53.000 47.000 53.000 53.000 47.000 49.000 57.000 68.000 68.000 72.000 72.000 67.000 68.000 68.000 68.000 68.000 67.000 68.000 78.000 78.000 78.000 78.000 71.000 74.000 72.000 74.000 74.000 71.000 70.000 74.000 72.000 72.000 74.000 74.000 71.000 73.000 73.000 72.000 74.000 72.000 31.000 32.000 32.000 68.000 65.000 65.000 65.000 65.000 68.000 68.000 67.000 68.000 68.000 68.000 66.000 66.000 77.000 77.000 68.000 68.000 65.000 71.000 71.000 35.000 35.000 35.000 69.000 69.000 57.000 61.000 61.000 62.000 60.000 61.000 61.000 65.000 65.000 65.000 60.000 65.000 65.000 61.000 66.000 17.000 18.000 25.000 21.000 10.000 10.000 17.000 28.000 26.000 26.000 9.000 18.000 23.000 28.000 6.000 0.000 18.000 12.000 21.000 29.000 21.000 65.000 62.000 62.000 58.000 58.000 62.000 66.000 67.000 67.000 74.000 74.000 69.000 72.000 76.000 78.000 78.000 66.000 66.000 62.000 78.000 76.000 74.000 76.000 76.000 76.000 69.000 72.000 68.000 68.000 68.000 68.000 66.000 66.000 64.000 66.000 66.000 72.000 74.000
VAdist TRAV44-9*01 67.000 74.000 75.000 74.000 70.000 74.000 66.000 66.000 66.000 66.000 67.000 67.000 61.000 64.000 64.000 72.000 69.000 72.000 72.000 66.000 68.000 68.000 69.000 71.000 71.000 80.000 72.000 76.000 76.000 76.000 68.000 76.000 66.000 66.000 65.000 62.000 62.000 70.000 66.000 68.000 74.000 58.000 58.000 76.000 75.000 77.000 77.000 77.000 53.000 56.000 61.000 61.000 55.000 55.000 61.000 61.000 53.000 56.000 61.000 61.000 53.000 54.000 54.000 53.000 52.000 52.000 54.000 58.000 56.000 60.000 60.000 56.000 52.000 56.000 56.000 52.000 54.000 56.000 72.000 71.000 75.000 75.000 70.000 72.000 72.000 72.000 72.000 70.000 72.000 74.000 74.000 74.000 74.000 68.000 72.000 70.000 71.000 71.000 69.000 68.000 71.000 70.000 70.000 71.000 71.000 68.000 73.000 73.000 70.000 72.000 70.000 21.000 22.000 22.000 69.000 62.000 62.000 62.000 62.000 72.000 72.000 70.000 74.000 74.000 70.000 65.000 65.000 75.000 75.000 70.000 70.000 67.000 71.000 71.000 36.000 36.000 36.000 70.000 70.000 54.000 58.000 58.000 59.000 58.000 58.000 58.000 61.000 61.000 61.000 58.000 61.000 61.000 59.000 62.000 19.000 16.000 19.000 7.000 8.000 8.000 15.000 28.000 24.000 24.000 15.000 8.000 13.000 18.000 12.000 18.000 0.000 14.000 17.000 29.000 19.000 67.000 63.000 64.000 64.000 60.000 64.000 68.000 68.000 68.000 76.000 76.000 72.000 75.000 73.000 77.000 77.000 70.000 70.000 68.000 78.000 73.000 77.000 73.000 73.000 73.000 72.000 75.000 71.000 71.000 71.000 71.000 65.000 65.000 67.000 69.000 69.000 71.000 73.000
VAdist TRAV44S1*01 62.000 78.000 78.000 74.000 70.000 74.000 71.000 71.000 71.000 71.000 71.000 71.000 69.000 69.000 69.000 67.000 72.000 75.000 67.000 67.000 73.000 73.000 73.000 75.000 75.000 84.000 76.000 80.000 80.000 80.000 74.000 80.000 61.000 61.000 67.000 67.000 67.000 69.000 65.000 62.000 75.000 59.000 59.000 80.000 80.000 77.000 77.000 77.000 53.000 60.000 63.000 63.000 55.000 55.000 63.000 63.000 53.000 59.000 63.000 63.000 53.000 52.000 52.000 53.000 53.000 53.000 55.000 59.000 59.000 63.000 63.000 59.000 53.000 59.000 59.000 53.000 55.000 59.000 72.000 72.000 72.000 72.000 70.000 72.000 72.000 72.000 72.000 71.000 72.000 77.000 77.000 77.000 77.000 75.000 75.000 73.000 75.000 75.000 75.000 71.000 75.000 73.000 73.000 75.000 75.000 75.000 77.000 77.000 73.000 75.000 73.000 31.000 32.000 32.000 72.000 63.000 63.000 63.000 63.000 72.000 72.000 71.000 68.000 68.000 72.000 70.000 70.000 77.000 77.000 72.000 72.000 69.000 72.000 72.000 43.000 43.000 43.000 71.000 71.000 55.000 59.000 59.000 59.000 58.000 59.000 59.000 63.000 63.000 63.000 58.000 63.000 63.000 58.000 63.000 21.000 14.000 21.000 17.000 6.000 14.000 13.000 20.000 26.000 26.000 13.000 14.000 19.000 24.000 10.000 12.000 14.000 0.000 17.000 21.000 17.000 67.000 64.000 64.000 60.000 60.000 64.000 68.000 71.000 71.000 73.000 73.000 73.000 73.000 72.000 74.000 74.000 61.000 61.000 57.000 74.000 72.000 74.000 72.000 72.000 72.000 73.000 73.000 67.000 67.000 67.000 67.000 65.000 65.000 63.000 65.000 65.000 71.000 73.000
VAdist TRAV44S2*01 63.000 71.000 71.000 76.000 76.000 76.000 67.000 67.000 67.000 67.000 67.000 67.000 67.000 67.000 67.000 71.000 68.000 71.000 71.000 67.000 71.000 71.000 71.000 72.000 72.000 80.000 72.000 76.000 76.000 76.000 68.000 76.000 64.000 64.000 62.000 59.000 59.000 67.000 63.000 68.000 76.000 54.000 54.000 76.000 76.000 71.000 71.000 71.000 56.000 58.000 62.000 62.000 58.000 58.000 62.000 62.000 56.000 58.000 62.000 62.000 56.000 58.000 58.000 56.000 56.000 56.000 58.000 60.000 58.000 62.000 62.000 58.000 56.000 58.000 58.000 56.000 58.000 58.000 71.000 71.000 75.000 75.000 71.000 71.000 71.000 71.000 71.000 70.000 71.000 77.000 77.000 77.000 77.000 69.000 72.000 70.000 72.000 72.000 69.000 68.000 72.000 70.000 70.000 72.000 72.000 69.000 73.000 73.000 70.000 72.000 70.000 32.000 32.000 32.000 66.000 61.000 61.000 61.000 61.000 71.000 71.000 67.000 68.000 68.000 70.000 65.000 65.000 74.000 74.000 65.000 65.000 68.000 71.000 71.000 40.000 40.000 40.000 69.000 69.000 53.000 57.000 57.000 58.000 57.000 57.000 57.000 61.000 61.000 61.000 57.000 61.000 61.000 58.000 62.000 18.000 11.000 20.000 20.000 11.000 19.000 12.000 31.000 28.000 28.000 12.000 14.000 24.000 23.000 15.000 21.000 17.000 17.000 0.000 32.000 16.000 62.000 62.000 62.000 58.000 57.000 58.000 62.000 67.000 67.000 74.000 74.000 71.000 74.000 71.000 78.000 78.000 64.000 64.000 59.000 78.000 71.000 75.000 72.000 72.000 71.000 71.000 74.000 66.000 66.000 66.000 66.000 64.000 64.000 62.000 61.000 61.000 70.000 72.000
VAdist TRAV44S3*01 66.000 77.000 77.000 78.000 74.000 78.000 71.000 71.000 71.000 71.000 71.000 71.000 73.000 73.000 73.000 75.000 71.000 75.000 75.000 71.000 73.000 73.000 73.000 79.000 79.000 84.000 80.000 80.000 80.000 80.000 80.000 80.000 62.000 62.000 72.000 72.000 72.000 74.000 70.000 67.000 80.000 59.000 59.000 76.000 76.000 77.000 77.000 77.000 59.000 64.000 68.000 68.000 60.000 60.000 68.000 68.000 59.000 64.000 68.000 68.000 59.000 59.000 59.000 59.000 59.000 59.000 60.000 64.000 64.000 68.000 68.000 64.000 59.000 64.000 64.000 59.000 60.000 64.000 71.000 71.000 71.000 71.000 69.000 71.000 71.000 71.000 71.000 70.000 71.000 78.000 78.000 78.000 78.000 79.000 79.000 78.000 79.000 79.000 79.000 76.000 79.000 78.000 78.000 79.000 79.000 79.000 79.000 79.000 78.000 79.000 78.000 37.000 38.000 38.000 76.000 68.000 68.000 68.000 68.000 72.000 72.000 72.000 73.000 73.000 75.000 74.000 74.000 78.000 78.000 73.000 73.000 70.000 71.000 71.000 45.000 45.000 45.000 72.000 72.000 61.000 64.000 64.000 64.000 63.000 64.000 64.000 68.000 68.000 68.000 63.000 68.000 68.000 63.000 68.000 28.000 21.000 32.000 26.000 21.000 29.000 28.000 1.000 37.000 37.000 28.000 29.000 28.000 32.000 25.000 29.000 29.000 21.000 32.000 0.000 28.000 71.000 68.000 68.000 64.000 64.000 68.000 72.000 71.000 71.000 75.000 75.000 78.000 78.000 76.000 83.000 83.000 70.000 70.000 66.000 83.000 76.000 76.000 76.000 76.000 76.000 78.000 78.000 73.000 73.000 73.000 73.000 73.000 73.000 69.000 72.000 72.000 77.000 79.000
VAdist TRAV44S4*01 67.000 73.000 73.000 76.000 72.000 76.000 65.000 65.000 65.000 65.000 65.000 65.000 70.000 70.000 70.000 76.000 65.000 68.000 76.000 68.000 66.000 66.000 66.000 72.000 72.000 80.000 72.000 76.000 76.000 76.000 68.000 76.000 63.000 63.000 66.000 63.000 63.000 71.000 71.000 64.000 76.000 60.000 60.000 69.000 69.000 75.000 75.000 75.000 56.000 62.000 66.000 66.000 58.000 58.000 66.000 66.000 56.000 62.000 66.000 66.000 56.000 58.000 58.000 56.000 56.000 56.000 58.000 64.000 62.000 66.000 66.000 62.000 56.000 62.000 62.000 56.000 58.000 62.000 67.000 67.000 71.000 71.000 65.000 67.000 67.000 67.000 67.000 66.000 67.000 74.000 74.000 74.000 74.000 67.000 70.000 68.000 70.000 70.000 67.000 66.000 70.000 68.000 68.000 70.000 70.000 67.000 71.000 71.000 68.000 70.000 68.000 29.000 29.000 29.000 64.000 66.000 66.000 66.000 66.000 66.000 66.000 65.000 71.000 71.000 70.000 66.000 66.000 80.000 80.000 62.000 62.000 68.000 73.000 73.000 35.000 35.000 35.000 68.000 68.000 58.000 62.000 62.000 63.000 61.000 62.000 62.000 66.000 66.000 66.000 61.000 66.000 66.000 62.000 67.000 20.000 19.000 4.000 22.000 11.000 19.000 4.000 27.000 12.000 12.000 12.000 14.000 8.000 7.000 15.000 21.000 19.000 17.000 16.000 28.000 0.000 62.000 62.000 66.000 58.000 65.000 66.000 66.000 68.000 68.000 77.000 77.000 71.000 74.000 68.000 79.000 79.000 71.000 71.000 67.000 79.000 68.000 78.000 68.000 68.000 68.000 71.000 74.000 63.000 63.000 63.000 63.000 65.000 65.000 59.000 61.000 61.000 69.000 69.000
VAdist TRAV45-1*01 68.000 70.000 70.000 72.000 76.000 72.000 65.000 65.000 68.000 68.000 64.000 64.000 69.000 69.000 69.000 68.000 65.000 64.000 68.000 67.000 68.000 68.000 65.000 67.000 66.000 76.000 66.000 76.000 76.000 76.000 66.000 76.000 66.000 68.000 66.000 65.000 65.000 45.000 49.000 42.000 69.000 65.000 65.000 74.000 74.000 66.000 66.000 66.000 68.000 69.000 63.000 60.000 68.000 68.000 61.000 63.000 68.000 67.000 63.000 64.000 69.000 72.000 72.000 69.000 68.000 68.000 68.000 73.000 68.000 68.000 68.000 68.000 68.000 67.000 67.000 68.000 68.000 68.000 67.000 67.000 65.000 65.000 68.000 67.000 67.000 67.000 67.000 70.000 67.000 68.000 72.000 68.000 72.000 67.000 62.000 64.000 65.000 65.000 64.000 64.000 65.000 64.000 64.000 62.000 62.000 66.000 64.000 64.000 68.000 62.000 64.000 65.000 65.000 65.000 60.000 71.000 71.000 70.000 70.000 56.000 56.000 63.000 66.000 65.000 74.000 69.000 69.000 68.000 68.000 63.000 63.000 65.000 71.000 71.000 66.000 66.000 66.000 66.000 66.000 68.000 64.000 64.000 67.000 67.000 64.000 64.000 64.000 64.000 64.000 63.000 64.000 64.000 70.000 71.000 62.000 65.000 62.000 69.000 65.000 65.000 62.000 71.000 65.000 65.000 62.000 64.000 65.000 62.000 65.000 65.000 67.000 67.000 62.000 71.000 62.000 0.000 40.000 40.000 41.000 23.000 27.000 24.000 67.000 67.000 72.000 72.000 60.000 65.000 67.000 67.000 67.000 76.000 76.000 72.000 67.000 67.000 70.000 66.000 67.000 67.000 60.000 62.000 64.000 68.000 64.000 64.000 69.000 69.000 72.000 65.000 65.000 65.000 64.000
VAdist TRAV45-2*01 60.000 63.000 63.000 70.000 74.000 70.000 62.000 62.000 59.000 63.000 65.000 65.000 65.000 62.000 62.000 72.000 66.000 66.000 71.000 69.000 61.000 61.000 66.000 70.000 69.000 71.000 70.000 67.000 67.000 67.000 71.000 67.000 63.000 61.000 66.000 65.000 65.000 51.000 55.000 48.000 71.000 66.000 66.000 74.000 70.000 65.000 65.000 65.000 65.000 66.000 69.000 69.000 65.000 65.000 70.000 69.000 65.000 64.000 69.000 69.000 66.000 69.000 69.000 66.000 65.000 65.000 65.000 70.000 65.000 69.000 69.000 65.000 65.000 64.000 64.000 65.000 65.000 65.000 67.000 67.000 65.000 65.000 68.000 67.000 67.000 67.000 67.000 70.000 67.000 68.000 68.000 68.000 68.000 69.000 71.000 67.000 74.000 74.000 73.000 67.000 73.000 67.000 67.000 70.000 71.000 72.000 72.000 72.000 71.000 71.000 67.000 59.000 60.000 60.000 70.000 72.000 72.000 72.000 72.000 61.000 61.000 65.000 65.000 64.000 71.000 76.000 76.000 71.000 71.000 71.000 71.000 70.000 74.000 74.000 63.000 63.000 63.000 67.000 67.000 73.000 73.000 73.000 76.000 73.000 73.000 73.000 73.000 73.000 73.000 73.000 73.000 73.000 76.000 76.000 62.000 62.000 62.000 65.000 62.000 61.000 62.000 68.000 61.000 61.000 62.000 61.000 61.000 61.000 62.000 62.000 63.000 64.000 62.000 68.000 62.000 40.000 0.000 39.000 16.000 39.000 42.000 28.000 65.000 65.000 72.000 72.000 59.000 62.000 68.000 70.000 70.000 77.000 77.000 73.000 70.000 68.000 70.000 63.000 64.000 68.000 59.000 61.000 64.000 65.000 64.000 64.000 63.000 63.000 61.000 65.000 65.000 67.000 66.000
VAdist TRAV45-3*02 62.000 64.000 64.000 64.000 68.000 64.000 62.000 62.000 59.000 59.000 59.000 59.000 63.000 63.000 63.000 69.000 63.000 63.000 68.000 66.000 62.000 62.000 63.000 74.000 74.000 78.000 74.000 78.000 78.000 78.000 74.000 78.000 66.000 64.000 61.000 60.000 60.000 55.000 51.000 52.000 71.000 61.000 61.000 70.000 70.000 59.000 59.000 59.000 60.000 62.000 61.000 61.000 60.000 60.000 62.000 61.000 60.000 60.000 61.000 62.000 61.000 64.000 64.000 61.000 60.000 60.000 60.000 65.000 60.000 60.000 60.000 60.000 60.000 60.000 60.000 60.000 60.000 60.000 63.000 63.000 65.000 65.000 64.000 63.000 63.000 63.000 63.000 66.000 63.000 73.000 73.000 73.000 73.000 66.000 64.000 63.000 67.000 67.000 66.000 63.000 63.000 63.000 63.000 60.000 64.000 62.000 62.000 62.000 67.000 64.000 63.000 61.000 61.000 61.000 63.000 65.000 65.000 65.000 65.000 59.000 59.000 59.000 61.000 60.000 76.000 64.000 64.000 69.000 69.000 75.000 75.000 75.000 69.000 69.000 66.000 66.000 66.000 64.000 64.000 65.000 65.000 65.000 68.000 65.000 65.000 65.000 65.000 65.000 65.000 65.000 65.000 65.000 68.000 68.000 62.000 62.000 66.000 66.000 62.000 62.000 66.000 68.000 66.000 66.000 62.000 62.000 66.000 66.000 62.000 62.000 64.000 64.000 62.000 68.000 66.000 40.000 39.000 0.000 40.000 24.000 27.000 39.000 59.000 59.000 67.000 67.000 61.000 64.000 63.000 68.000 68.000 67.000 67.000 63.000 68.000 63.000 65.000 63.000 63.000 63.000 61.000 63.000 63.000 64.000 63.000 63.000 63.000 63.000 64.000 63.000 63.000 62.000 64.000
VAdist TRAV45S1*01 58.000 67.000 67.000 74.000 78.000 74.000 68.000 68.000 65.000 65.000 65.000 65.000 67.000 67.000 67.000 73.000 67.000 67.000 72.000 70.000 66.000 66.000 67.000 71.000 70.000 71.000 71.000 67.000 67.000 67.000 71.000 67.000 59.000 57.000 67.000 66.000 66.000 53.000 57.000 50.000 68.000 70.000 70.000 74.000 74.000 66.000 66.000 66.000 65.000 66.000 69.000 69.000 65.000 65.000 70.000 69.000 65.000 64.000 69.000 69.000 66.000 69.000 69.000 66.000 65.000 65.000 65.000 70.000 65.000 69.000 69.000 65.000 65.000 64.000 64.000 65.000 65.000 65.000 67.000 67.000 65.000 65.000 68.000 67.000 67.000 67.000 67.000 70.000 67.000 71.000 71.000 71.000 71.000 68.000 70.000 70.000 73.000 73.000 72.000 70.000 73.000 70.000 70.000 70.000 70.000 72.000 72.000 72.000 74.000 70.000 70.000 60.000 61.000 61.000 69.000 72.000 72.000 72.000 72.000 61.000 61.000 65.000 61.000 60.000 72.000 75.000 75.000 76.000 76.000 71.000 71.000 70.000 75.000 75.000 63.000 63.000 63.000 69.000 69.000 73.000 73.000 73.000 76.000 73.000 73.000 73.000 73.000 73.000 73.000 73.000 73.000 73.000 76.000 76.000 58.000 58.000 62.000 66.000 58.000 62.000 58.000 64.000 62.000 62.000 58.000 62.000 62.000 60.000 58.000 58.000 64.000 60.000 58.000 64.000 58.000 41.000 16.000 40.000 0.000 40.000 39.000 36.000 66.000 66.000 72.000 72.000 59.000 62.000 64.000 68.000 68.000 73.000 73.000 69.000 68.000 64.000 70.000 59.000 60.000 64.000 59.000 61.000 60.000 61.000 60.000 60.000 63.000 63.000 57.000 61.000 61.000 67.000 66.000
VAdist TRAV45S2*01 65.000 67.000 67.000 68.000 72.000 68.000 64.000 64.000 61.000 61.000 57.000 57.000 66.000 66.000 66.000 68.000 66.000 62.000 67.000 65.000 65.000 65.000 62.000 69.000 68.000 76.000 69.000 76.000 76.000 76.000 69.000 76.000 68.000 66.000 64.000 63.000 63.000 48.000 44.000 49.000 67.000 63.000 63.000 73.000 73.000 62.000 62.000 62.000 68.000 69.000 64.000 64.000 68.000 68.000 65.000 64.000 68.000 67.000 64.000 69.000 69.000 72.000 72.000 69.000 68.000 68.000 68.000 73.000 68.000 68.000 68.000 68.000 68.000 67.000 67.000 68.000 68.000 68.000 66.000 66.000 68.000 68.000 67.000 66.000 66.000 66.000 66.000 69.000 66.000 75.000 75.000 75.000 75.000 69.000 64.000 70.000 67.000 67.000 66.000 70.000 63.000 70.000 70.000 60.000 64.000 65.000 62.000 62.000 74.000 64.000 70.000 60.000 61.000 61.000 63.000 72.000 72.000 72.000 72.000 59.000 59.000 63.000 63.000 62.000 74.000 67.000 67.000 69.000 69.000 69.000 69.000 66.000 68.000 68.000 65.000 65.000 65.000 72.000 72.000 73.000 69.000 69.000 72.000 69.000 69.000 69.000 65.000 65.000 65.000 65.000 65.000 65.000 72.000 72.000 61.000 58.000 65.000 62.000 58.000 58.000 65.000 64.000 65.000 65.000 61.000 62.000 62.000 65.000 58.000 58.000 60.000 60.000 57.000 64.000 65.000 23.000 39.000 24.000 40.000 0.000 7.000 19.000 61.000 61.000 68.000 68.000 62.000 65.000 66.000 70.000 70.000 67.000 67.000 62.000 70.000 66.000 66.000 66.000 67.000 66.000 62.000 64.000 62.000 63.000 62.000 62.000 67.000 67.000 67.000 63.000 63.000 58.000 60.000
VAdist TRAV45S2*02 64.000 67.000 67.000 65.000 69.000 65.000 61.000 61.000 58.000 58.000 54.000 54.000 63.000 63.000 63.000 65.000 63.000 59.000 64.000 62.000 66.000 66.000 59.000 66.000 65.000 69.000 66.000 69.000 69.000 69.000 66.000 69.000 67.000 65.000 64.000 63.000 63.000 48.000 44.000 49.000 60.000 63.000 63.000 70.000 70.000 59.000 59.000 59.000 68.000 69.000 64.000 64.000 68.000 68.000 65.000 64.000 68.000 67.000 64.000 69.000 69.000 72.000 72.000 69.000 68.000 68.000 68.000 73.000 68.000 68.000 68.000 68.000 68.000 67.000 67.000 68.000 68.000 68.000 63.000 63.000 65.000 65.000 67.000 63.000 63.000 63.000 63.000 66.000 63.000 75.000 75.000 75.000 75.000 70.000 65.000 71.000 68.000 68.000 67.000 71.000 64.000 71.000 71.000 61.000 65.000 66.000 63.000 63.000 75.000 65.000 71.000 57.000 58.000 58.000 64.000 72.000 72.000 72.000 72.000 58.000 58.000 62.000 60.000 63.000 71.000 67.000 67.000 68.000 68.000 67.000 67.000 67.000 68.000 68.000 65.000 65.000 65.000 71.000 71.000 73.000 69.000 69.000 72.000 69.000 69.000 69.000 65.000 65.000 65.000 65.000 65.000 65.000 72.000 72.000 62.000 62.000 66.000 66.000 62.000 62.000 66.000 68.000 65.000 65.000 62.000 62.000 66.000 66.000 62.000 62.000 64.000 64.000 58.000 68.000 66.000 27.000 42.000 27.000 39.000 7.000 0.000 22.000 58.000 58.000 68.000 68.000 61.000 64.000 62.000 67.000 69.000 67.000 67.000 62.000 69.000 62.000 66.000 62.000 63.000 62.000 61.000 63.000 62.000 63.000 62.000 62.000 67.000 67.000 67.000 63.000 63.000 58.000 60.000
VAdist TRAV45S3*01 64.000 63.000 63.000 70.000 74.000 70.000 67.000 67.000 64.000 64.000 62.000 62.000 67.000 67.000 67.000 69.000 67.000 63.000 68.000 66.000 66.000 66.000 63.000 72.000 71.000 74.000 71.000 74.000 74.000 74.000 71.000 74.000 68.000 66.000 62.000 61.000 61.000 44.000 48.000 45.000 64.000 70.000 70.000 74.000 74.000 63.000 63.000 63.000 69.000 70.000 65.000 65.000 69.000 69.000 66.000 65.000 69.000 68.000 65.000 69.000 70.000 73.000 73.000 70.000 69.000 69.000 69.000 74.000 69.000 69.000 69.000 69.000 69.000 68.000 68.000 69.000 69.000 69.000 67.000 67.000 65.000 63.000 68.000 67.000 67.000 67.000 67.000 70.000 67.000 69.000 69.000 69.000 69.000 69.000 64.000 67.000 67.000 67.000 66.000 67.000 66.000 67.000 67.000 63.000 64.000 68.000 65.000 65.000 71.000 64.000 67.000 65.000 65.000 65.000 63.000 72.000 72.000 72.000 72.000 55.000 55.000 65.000 66.000 65.000 74.000 72.000 72.000 69.000 69.000 71.000 71.000 70.000 71.000 71.000 70.000 70.000 70.000 67.000 67.000 73.000 69.000 69.000 72.000 69.000 69.000 69.000 65.000 65.000 65.000 65.000 65.000 65.000 72.000 72.000 66.000 66.000 66.000 70.000 66.000 66.000 66.000 72.000 63.000 63.000 66.000 66.000 66.000 66.000 66.000 66.000 68.000 68.000 62.000 72.000 66.000 24.000 28.000 39.000 36.000 19.000 22.000 0.000 66.000 66.000 68.000 68.000 60.000 63.000 65.000 66.000 66.000 75.000 75.000 70.000 66.000 66.000 66.000 65.000 66.000 65.000 60.000 62.000 64.000 65.000 64.000 64.000 71.000 71.000 69.000 65.000 65.000 63.000 62.000
VAdist TRAV5*01 64.000 57.000 57.000 63.000 63.000 63.000 44.000 44.000 40.000 36.000 43.000 43.000 39.000 40.000 40.000 34.000 30.000 27.000 33.000 33.000 39.000 39.000 39.000 67.000 63.000 66.000 67.000 65.000 65.000 65.000 68.000 65.000 63.000 61.000 65.000 62.000 62.000 62.000 58.000 58.000 69.000 66.000 66.000 55.000 55.000 43.000 43.000 43.000 70.000 62.000 66.000 65.000 66.000 66.000 61.000 66.000 70.000 66.000 66.000 61.000 62.000 72.000 72.000 62.000 70.000 70.000 66.000 64.000 70.000 69.000 69.000 70.000 66.000 66.000 66.000 66.000 66.000 70.000 48.000 42.000 49.000 49.000 52.000 45.000 45.000 48.000 48.000 42.000 45.000 51.000 52.000 51.000 52.000 64.000 67.000 66.000 67.000 67.000 64.000 70.000 67.000 66.000 66.000 67.000 67.000 64.000 64.000 64.000 66.000 67.000 66.000 57.000 61.000 61.000 65.000 56.000 56.000 56.000 56.000 45.000 45.000 43.000 57.000 60.000 60.000 65.000 65.000 61.000 61.000 66.000 65.000 65.000 54.000 54.000 63.000 63.000 63.000 62.000 60.000 55.000 54.000 54.000 55.000 55.000 54.000 54.000 59.000 59.000 59.000 59.000 59.000 59.000 56.000 56.000 67.000 66.000 68.000 66.000 67.000 66.000 72.000 71.000 68.000 68.000 68.000 67.000 66.000 67.000 67.000 67.000 68.000 71.000 67.000 71.000 68.000 67.000 65.000 59.000 66.000 61.000 58.000 66.000 0.000 0.000 66.000 66.000 58.000 61.000 66.000 60.000 62.000 68.000 68.000 64.000 66.000 66.000 66.000 62.000 66.000 66.000 58.000 61.000 59.000 59.000 59.000 59.000 66.000 66.000 59.000 63.000 63.000 57.000 59.000
VAdist TRAV5*02 64.000 57.000 57.000 63.000 63.000 63.000 44.000 44.000 40.000 36.000 43.000 43.000 39.000 40.000 40.000 34.000 30.000 27.000 33.000 33.000 39.000 39.000 39.000 67.000 63.000 66.000 67.000 65.000 65.000 65.000 68.000 65.000 63.000 61.000 65.000 62.000 62.000 62.000 58.000 58.000 69.000 66.000 66.000 55.000 55.000 43.000 43.000 43.000 70.000 62.000 66.000 65.000 66.000 66.000 61.000 66.000 70.000 66.000 66.000 61.000 62.000 72.000 72.000 62.000 70.000 70.000 66.000 64.000 70.000 69.000 69.000 70.000 66.000 66.000 66.000 66.000 66.000 70.000 48.000 42.000 49.000 49.000 52.000 45.000 45.000 48.000 48.000 42.000 45.000 51.000 52.000 51.000 52.000 64.000 67.000 66.000 67.000 67.000 64.000 70.000 67.000 66.000 66.000 67.000 67.000 64.000 64.000 64.000 66.000 67.000 66.000 57.000 61.000 61.000 65.000 56.000 56.000 56.000 56.000 45.000 45.000 43.000 57.000 60.000 60.000 65.000 65.000 61.000 61.000 66.000 65.000 65.000 54.000 54.000 63.000 63.000 63.000 62.000 60.000 55.000 54.000 54.000 55.000 55.000 54.000 54.000 59.000 59.000 59.000 59.000 59.000 59.000 56.000 56.000 67.000 66.000 68.000 66.000 67.000 66.000 72.000 71.000 68.000 68.000 68.000 67.000 66.000 67.000 67.000 67.000 68.000 71.000 67.000 71.000 68.000 67.000 65.000 59.000 66.000 61.000 58.000 66.000 0.000 0.000 66.000 66.000 58.000 61.000 66.000 60.000 62.000 68.000 68.000 64.000 66.000 66.000 66.000 62.000 66.000 66.000 58.000 61.000 59.000 59.000 59.000 59.000 66.000 66.000 59.000 63.000 63.000 57.000 59.000
VAdist TRAV8-1*01 73.000 80.000 80.000 72.000 75.000 72.000 72.000 72.000 72.000 72.000 71.000 71.000 68.000 68.000 68.000 68.000 68.000 68.000 68.000 68.000 68.000 68.000 67.000 74.000 74.000 76.000 78.000 75.000 75.000 75.000 78.000 75.000 69.000 69.000 70.000 70.000 70.000 58.000 56.000 60.000 68.000 73.000 73.000 66.000 66.000 76.000 76.000 76.000 68.000 72.000 63.000 63.000 68.000 68.000 63.000 63.000 68.000 68.000 63.000 64.000 68.000 68.000 68.000 68.000 68.000 68.000 68.000 68.000 68.000 68.000 68.000 68.000 68.000 68.000 68.000 68.000 68.000 68.000 70.000 72.000 72.000 72.000 70.000 70.000 70.000 70.000 70.000 72.000 70.000 68.000 68.000 68.000 68.000 63.000 72.000 67.000 72.000 72.000 64.000 67.000 68.000 67.000 67.000 68.000 64.000 67.000 68.000 68.000 67.000 72.000 67.000 71.000 75.000 75.000 72.000 67.000 67.000 69.000 69.000 68.000 68.000 71.000 42.000 42.000 78.000 64.000 64.000 62.000 62.000 74.000 74.000 73.000 63.000 63.000 74.000 74.000 74.000 74.000 74.000 67.000 67.000 67.000 67.000 67.000 67.000 67.000 65.000 65.000 65.000 66.000 65.000 65.000 67.000 66.000 76.000 74.000 77.000 75.000 74.000 75.000 77.000 75.000 77.000 77.000 76.000 75.000 76.000 77.000 75.000 74.000 76.000 73.000 74.000 75.000 77.000 72.000 72.000 67.000 72.000 68.000 68.000 68.000 66.000 66.000 0.000 0.000 37.000 37.000 49.000 53.000 53.000 47.000 47.000 44.000 53.000 50.000 11.000 53.000 53.000 49.000 37.000 37.000 74.000 70.000 74.000 74.000 74.000 74.000 70.000 74.000 74.000 73.000 74.000
VAdist TRAV8-1*02 73.000 80.000 80.000 72.000 75.000 72.000 72.000 72.000 72.000 72.000 71.000 71.000 68.000 68.000 68.000 68.000 68.000 68.000 68.000 68.000 68.000 68.000 67.000 74.000 74.000 76.000 78.000 75.000 75.000 75.000 78.000 75.000 69.000 69.000 70.000 70.000 70.000 58.000 56.000 60.000 68.000 73.000 73.000 66.000 66.000 76.000 76.000 76.000 68.000 72.000 63.000 63.000 68.000 68.000 63.000 63.000 68.000 68.000 63.000 64.000 68.000 68.000 68.000 68.000 68.000 68.000 68.000 68.000 68.000 68.000 68.000 68.000 68.000 68.000 68.000 68.000 68.000 68.000 70.000 72.000 72.000 72.000 70.000 70.000 70.000 70.000 70.000 72.000 70.000 68.000 68.000 68.000 68.000 63.000 72.000 67.000 72.000 72.000 64.000 67.000 68.000 67.000 67.000 68.000 64.000 67.000 68.000 68.000 67.000 72.000 67.000 71.000 75.000 75.000 72.000 67.000 67.000 69.000 69.000 68.000 68.000 71.000 42.000 42.000 78.000 64.000 64.000 62.000 62.000 74.000 74.000 73.000 63.000 63.000 74.000 74.000 74.000 74.000 74.000 67.000 67.000 67.000 67.000 67.000 67.000 67.000 65.000 65.000 65.000 66.000 65.000 65.000 67.000 66.000 76.000 74.000 77.000 75.000 74.000 75.000 77.000 75.000 77.000 77.000 76.000 75.000 76.000 77.000 75.000 74.000 76.000 73.000 74.000 75.000 77.000 72.000 72.000 67.000 72.000 68.000 68.000 68.000 66.000 66.000 0.000 0.000 37.000 37.000 49.000 53.000 53.000 47.000 47.000 44.000 53.000 50.000 11.000 53.000 53.000 49.000 37.000 37.000 74.000 70.000 74.000 74.000 74.000 74.000 70.000 74.000 74.000 73.000 74.000
VAdist TRAV8-10*01 59.000 70.000 70.000 71.000 71.000 71.000 57.000 57.000 60.000 60.000 59.000 59.000 61.000 61.000 61.000 64.000 61.000 60.000 64.000 60.000 63.000 63.000 60.000 61.000 57.000 61.000 60.000 60.000 60.000 60.000 60.000 60.000 53.000 53.000 63.000 60.000 60.000 50.000 50.000 51.000 56.000 68.000 68.000 66.000 66.000 62.000 62.000 62.000 68.000 68.000 60.000 60.000 68.000 68.000 61.000 60.000 68.000 64.000 60.000 62.000 69.000 70.000 70.000 69.000 68.000 68.000 68.000 71.000 68.000 68.000 68.000 68.000 68.000 64.000 64.000 68.000 68.000 68.000 56.000 58.000 62.000 62.000 58.000 56.000 56.000 56.000 56.000 61.000 56.000 68.000 68.000 68.000 68.000 57.000 70.000 66.000 73.000 73.000 62.000 66.000 69.000 66.000 66.000 66.000 62.000 65.000 66.000 66.000 70.000 70.000 66.000 64.000 68.000 68.000 66.000 62.000 62.000 64.000 64.000 55.000 55.000 59.000 31.000 33.000 65.000 64.000 64.000 65.000 65.000 64.000 64.000 63.000 65.000 65.000 70.000 70.000 70.000 68.000 68.000 66.000 65.000 65.000 66.000 65.000 65.000 65.000 63.000 63.000 63.000 64.000 63.000 63.000 66.000 65.000 71.000 70.000 71.000 74.000 70.000 70.000 71.000 78.000 71.000 71.000 71.000 71.000 70.000 71.000 70.000 69.000 72.000 73.000 71.000 78.000 71.000 60.000 59.000 61.000 59.000 62.000 61.000 60.000 58.000 58.000 37.000 37.000 0.000 6.000 44.000 37.000 35.000 50.000 50.000 46.000 35.000 45.000 33.000 34.000 38.000 44.000 0.000 3.000 63.000 67.000 63.000 63.000 65.000 65.000 67.000 67.000 67.000 69.000 69.000
VAdist TRAV8-14*01 60.000 74.000 74.000 71.000 71.000 71.000 63.000 63.000 64.000 64.000 63.000 63.000 64.000 64.000 64.000 64.000 64.000 63.000 64.000 63.000 66.000 66.000 63.000 64.000 60.000 64.000 63.000 63.000 63.000 63.000 63.000 63.000 53.000 53.000 62.000 63.000 63.000 53.000 53.000 54.000 56.000 68.000 68.000 69.000 69.000 64.000 64.000 64.000 70.000 70.000 62.000 62.000 70.000 70.000 63.000 62.000 70.000 66.000 62.000 64.000 71.000 70.000 70.000 71.000 70.000 70.000 70.000 71.000 70.000 70.000 70.000 70.000 70.000 66.000 66.000 70.000 70.000 70.000 59.000 61.000 62.000 62.000 61.000 59.000 59.000 59.000 59.000 64.000 59.000 68.000 68.000 68.000 68.000 60.000 69.000 65.000 72.000 72.000 65.000 65.000 68.000 65.000 65.000 65.000 61.000 68.000 69.000 69.000 69.000 69.000 65.000 67.000 71.000 71.000 69.000 64.000 64.000 66.000 66.000 58.000 58.000 62.000 31.000 33.000 68.000 67.000 67.000 65.000 65.000 67.000 67.000 66.000 67.000 67.000 73.000 73.000 73.000 70.000 70.000 68.000 67.000 67.000 65.000 67.000 67.000 67.000 65.000 65.000 65.000 66.000 65.000 65.000 65.000 64.000 74.000 73.000 74.000 77.000 73.000 73.000 74.000 78.000 74.000 74.000 74.000 74.000 73.000 74.000 73.000 72.000 75.000 73.000 74.000 78.000 74.000 65.000 62.000 64.000 62.000 65.000 64.000 63.000 61.000 61.000 37.000 37.000 6.000 0.000 43.000 34.000 32.000 49.000 49.000 45.000 32.000 44.000 33.000 33.000 37.000 43.000 6.000 3.000 66.000 67.000 66.000 66.000 68.000 68.000 67.000 70.000 70.000 66.000 66.000
VAdist TRAV8-2*01 69.000 78.000 78.000 72.000 72.000 72.000 70.000 70.000 70.000 66.000 69.000 69.000 65.000 66.000 66.000 66.000 70.000 66.000 66.000 66.000 66.000 66.000 65.000 73.000 73.000 70.000 70.000 70.000 70.000 70.000 70.000 70.000 68.000 68.000 64.000 64.000 64.000 58.000 58.000 60.000 59.000 71.000 71.000 73.000 73.000 68.000 68.000 68.000 73.000 75.000 73.000 73.000 69.000 69.000 74.000 73.000 73.000 73.000 73.000 74.000 70.000 73.000 73.000 70.000 73.000 73.000 69.000 74.000 73.000 72.000 72.000 73.000 69.000 73.000 73.000 69.000 69.000 73.000 67.000 64.000 64.000 64.000 66.000 67.000 67.000 67.000 67.000 67.000 67.000 76.000 76.000 76.000 76.000 71.000 76.000 72.000 79.000 79.000 71.000 72.000 75.000 72.000 72.000 72.000 68.000 75.000 75.000 75.000 76.000 76.000 72.000 73.000 74.000 74.000 75.000 69.000 69.000 69.000 69.000 67.000 67.000 68.000 51.000 51.000 79.000 74.000 74.000 73.000 73.000 74.000 74.000 77.000 70.000 70.000 71.000 71.000 71.000 73.000 73.000 70.000 70.000 70.000 70.000 70.000 70.000 70.000 69.000 69.000 69.000 70.000 69.000 69.000 70.000 69.000 76.000 72.000 68.000 75.000 72.000 75.000 68.000 76.000 68.000 68.000 76.000 71.000 67.000 67.000 76.000 76.000 73.000 72.000 71.000 76.000 68.000 67.000 68.000 63.000 64.000 66.000 62.000 65.000 66.000 66.000 49.000 49.000 44.000 43.000 0.000 50.000 50.000 40.000 40.000 37.000 58.000 3.000 46.000 12.000 8.000 0.000 44.000 44.000 75.000 75.000 75.000 75.000 75.000 75.000 75.000 75.000 75.000 74.000 74.000
VAdist TRAV8-20*01 66.000 70.000 74.000 67.000 67.000 67.000 66.000 66.000 67.000 63.000 66.000 66.000 66.000 67.000 67.000 58.000 66.000 62.000 58.000 62.000 70.000 70.000 66.000 69.000 65.000 69.000 63.000 68.000 68.000 68.000 63.000 68.000 62.000 62.000 59.000 59.000 59.000 58.000 59.000 59.000 62.000 70.000 70.000 68.000 68.000 62.000 62.000 62.000 69.000 69.000 58.000 61.000 65.000 65.000 62.000 58.000 69.000 65.000 58.000 59.000 67.000 65.000 65.000 66.000 66.000 66.000 62.000 70.000 69.000 69.000 69.000 69.000 62.000 65.000 65.000 62.000 62.000 69.000 59.000 56.000 55.000 55.000 66.000 59.000 59.000 59.000 59.000 59.000 59.000 61.000 62.000 61.000 62.000 61.000 69.000 61.000 69.000 69.000 64.000 61.000 65.000 61.000 61.000 58.000 58.000 57.000 64.000 64.000 69.000 69.000 61.000 73.000 73.000 73.000 68.000 58.000 58.000 54.000 54.000 63.000 63.000 66.000 41.000 44.000 70.000 73.000 73.000 65.000 65.000 71.000 71.000 71.000 70.000 70.000 78.000 78.000 78.000 64.000 64.000 62.000 61.000 62.000 62.000 62.000 62.000 62.000 61.000 61.000 61.000 61.000 61.000 61.000 62.000 61.000 79.000 78.000 79.000 82.000 79.000 78.000 79.000 83.000 79.000 79.000 79.000 76.000 78.000 78.000 79.000 78.000 77.000 74.000 78.000 83.000 79.000 67.000 70.000 68.000 68.000 70.000 67.000 66.000 60.000 60.000 53.000 53.000 37.000 34.000 50.000 0.000 2.000 54.000 54.000 55.000 14.000 51.000 49.000 46.000 50.000 50.000 37.000 37.000 66.000 67.000 66.000 66.000 70.000 70.000 67.000 73.000 73.000 66.000 66.000
VAdist TRAV8-20*02 64.000 70.000 74.000 69.000 69.000 69.000 68.000 68.000 69.000 65.000 68.000 68.000 68.000 69.000 69.000 60.000 68.000 64.000 60.000 64.000 71.000 71.000 68.000 71.000 67.000 71.000 65.000 70.000 70.000 70.000 65.000 70.000 60.000 60.000 59.000 59.000 59.000 58.000 59.000 59.000 64.000 68.000 68.000 70.000 70.000 64.000 64.000 64.000 69.000 69.000 58.000 61.000 65.000 65.000 62.000 58.000 69.000 65.000 58.000 59.000 67.000 65.000 65.000 66.000 66.000 66.000 62.000 70.000 69.000 69.000 69.000 69.000 62.000 65.000 65.000 62.000 62.000 69.000 61.000 58.000 57.000 57.000 66.000 61.000 61.000 61.000 61.000 61.000 61.000 61.000 62.000 61.000 62.000 62.000 70.000 62.000 70.000 70.000 65.000 62.000 66.000 62.000 62.000 59.000 59.000 58.000 65.000 65.000 70.000 70.000 62.000 75.000 75.000 75.000 69.000 58.000 58.000 54.000 54.000 61.000 61.000 64.000 43.000 45.000 72.000 73.000 73.000 63.000 63.000 73.000 73.000 73.000 70.000 70.000 78.000 78.000 78.000 62.000 62.000 62.000 61.000 62.000 62.000 62.000 62.000 62.000 61.000 61.000 61.000 61.000 61.000 61.000 62.000 61.000 79.000 78.000 79.000 82.000 79.000 78.000 79.000 83.000 79.000 79.000 79.000 76.000 78.000 78.000 79.000 78.000 77.000 74.000 78.000 83.000 79.000 67.000 70.000 68.000 68.000 70.000 69.000 66.000 62.000 62.000 53.000 53.000 35.000 32.000 50.000 2.000 0.000 54.000 54.000 55.000 12.000 51.000 49.000 46.000 50.000 50.000 35.000 35.000 66.000 67.000 66.000 66.000 70.000 70.000 67.000 73.000 73.000 66.000 66.000
VAdist TRAV8-24*01 70.000 79.000 79.000 70.000 70.000 70.000 74.000 74.000 74.000 74.000 73.000 73.000 68.000 68.000 68.000 68.000 72.000 72.000 68.000 72.000 68.000 68.000 68.000 66.000 66.000 74.000 70.000 74.000 74.000 74.000 70.000 74.000 58.000 58.000 66.000 66.000 66.000 56.000 52.000 67.000 73.000 67.000 67.000 76.000 75.000 77.000 77.000 77.000 72.000 72.000 71.000 71.000 72.000 72.000 71.000 71.000 72.000 68.000 71.000 71.000 71.000 70.000 70.000 68.000 71.000 71.000 71.000 68.000 68.000 68.000 68.000 68.000 71.000 68.000 68.000 71.000 71.000 68.000 76.000 76.000 76.000 76.000 76.000 76.000 76.000 76.000 76.000 75.000 76.000 75.000 75.000 75.000 75.000 71.000 76.000 72.000 79.000 79.000 68.000 72.000 75.000 72.000 72.000 75.000 71.000 75.000 72.000 72.000 72.000 76.000 72.000 67.000 71.000 71.000 79.000 66.000 66.000 66.000 66.000 76.000 76.000 76.000 51.000 51.000 77.000 71.000 71.000 66.000 66.000 78.000 78.000 77.000 65.000 65.000 75.000 75.000 75.000 70.000 70.000 67.000 67.000 70.000 70.000 67.000 70.000 70.000 69.000 69.000 69.000 67.000 69.000 69.000 67.000 66.000 70.000 66.000 75.000 74.000 66.000 71.000 71.000 70.000 75.000 75.000 68.000 71.000 74.000 75.000 67.000 66.000 70.000 61.000 64.000 70.000 71.000 76.000 77.000 67.000 73.000 67.000 67.000 75.000 68.000 68.000 47.000 47.000 50.000 49.000 40.000 54.000 54.000 0.000 0.000 5.000 58.000 40.000 51.000 46.000 42.000 40.000 50.000 50.000 69.000 69.000 69.000 69.000 71.000 71.000 69.000 71.000 71.000 72.000 74.000
VAdist TRAV8-24*02 70.000 79.000 79.000 70.000 70.000 70.000 74.000 74.000 74.000 74.000 73.000 73.000 68.000 68.000 68.000 68.000 72.000 72.000 68.000 72.000 68.000 68.000 68.000 66.000 66.000 74.000 70.000 74.000 74.000 74.000 70.000 74.000 58.000 58.000 66.000 66.000 66.000 56.000 52.000 67.000 73.000 67.000 67.000 76.000 75.000 77.000 77.000 77.000 72.000 72.000 71.000 71.000 72.000 72.000 71.000 71.000 72.000 68.000 71.000 71.000 71.000 70.000 70.000 68.000 71.000 71.000 71.000 68.000 68.000 68.000 68.000 68.000 71.000 68.000 68.000 71.000 71.000 68.000 76.000 76.000 76.000 76.000 76.000 76.000 76.000 76.000 76.000 75.000 76.000 75.000 75.000 75.000 75.000 71.000 76.000 72.000 79.000 79.000 68.000 72.000 75.000 72.000 72.000 75.000 71.000 75.000 72.000 72.000 72.000 76.000 72.000 67.000 71.000 71.000 79.000 66.000 66.000 66.000 66.000 76.000 76.000 76.000 51.000 51.000 77.000 71.000 71.000 66.000 66.000 78.000 78.000 77.000 65.000 65.000 75.000 75.000 75.000 70.000 70.000 67.000 67.000 70.000 70.000 67.000 70.000 70.000 69.000 69.000 69.000 67.000 69.000 69.000 67.000 66.000 70.000 66.000 75.000 74.000 66.000 71.000 71.000 70.000 75.000 75.000 68.000 71.000 74.000 75.000 67.000 66.000 70.000 61.000 64.000 70.000 71.000 76.000 77.000 67.000 73.000 67.000 67.000 75.000 68.000 68.000 47.000 47.000 50.000 49.000 40.000 54.000 54.000 0.000 0.000 5.000 58.000 40.000 51.000 46.000 42.000 40.000 50.000 50.000 69.000 69.000 69.000 69.000 71.000 71.000 69.000 71.000 71.000 72.000 74.000
VAdist TRAV8-26*01 70.000 80.000 80.000 71.000 71.000 71.000 70.000 70.000 70.000 70.000 69.000 69.000 64.000 64.000 64.000 64.000 68.000 68.000 64.000 68.000 64.000 64.000 64.000 70.000 70.000 78.000 74.000 78.000 78.000 78.000 74.000 78.000 58.000 58.000 67.000 67.000 67.000 59.000 55.000 64.000 69.000 67.000 67.000 76.000 76.000 74.000 74.000 74.000 72.000 76.000 72.000 72.000 72.000 72.000 72.000 72.000 72.000 72.000 72.000 72.000 72.000 71.000 71.000 72.000 72.000 72.000 72.000 72.000 72.000 72.000 72.000 72.000 72.000 72.000 72.000 72.000 72.000 72.000 72.000 72.000 72.000 72.000 72.000 72.000 72.000 72.000 72.000 71.000 72.000 76.000 76.000 76.000 76.000 72.000 80.000 76.000 80.000 80.000 72.000 76.000 76.000 76.000 76.000 76.000 72.000 76.000 76.000 76.000 76.000 80.000 76.000 63.000 67.000 67.000 76.000 70.000 70.000 70.000 70.000 72.000 72.000 72.000 47.000 47.000 78.000 71.000 71.000 70.000 70.000 74.000 74.000 73.000 66.000 66.000 71.000 71.000 71.000 71.000 71.000 71.000 71.000 71.000 71.000 71.000 71.000 71.000 70.000 70.000 70.000 71.000 70.000 70.000 71.000 70.000 66.000 62.000 71.000 70.000 62.000 67.000 67.000 66.000 71.000 71.000 64.000 67.000 70.000 71.000 63.000 62.000 68.000 57.000 59.000 66.000 67.000 72.000 73.000 63.000 69.000 62.000 62.000 70.000 64.000 64.000 44.000 44.000 46.000 45.000 37.000 55.000 55.000 5.000 5.000 0.000 59.000 37.000 48.000 42.000 38.000 37.000 46.000 46.000 70.000 70.000 70.000 70.000 72.000 72.000 70.000 72.000 72.000 73.000 75.000
VAdist TRAV8-28*01 64.000 66.000 70.000 69.000 69.000 69.000 68.000 68.000 69.000 69.000 68.000 68.000 69.000 69.000 69.000 64.000 68.000 68.000 64.000 68.000 71.000 71.000 68.000 70.000 66.000 67.000 64.000 66.000 66.000 66.000 61.000 66.000 58.000 58.000 59.000 59.000 59.000 58.000 59.000 59.000 64.000 68.000 68.000 70.000 70.000 68.000 68.000 68.000 69.000 69.000 54.000 57.000 69.000 69.000 58.000 54.000 69.000 65.000 54.000 59.000 71.000 65.000 65.000 70.000 66.000 66.000 66.000 70.000 69.000 69.000 69.000 69.000 66.000 65.000 65.000 66.000 66.000 69.000 60.000 62.000 61.000 61.000 65.000 60.000 58.000 60.000 60.000 65.000 60.000 62.000 63.000 62.000 63.000 65.000 66.000 65.000 66.000 66.000 69.000 65.000 62.000 65.000 65.000 63.000 63.000 61.000 69.000 69.000 65.000 66.000 65.000 76.000 76.000 76.000 65.000 59.000 59.000 57.000 57.000 58.000 58.000 63.000 47.000 49.000 71.000 72.000 72.000 63.000 63.000 72.000 72.000 72.000 70.000 70.000 82.000 82.000 82.000 61.000 61.000 62.000 61.000 62.000 62.000 62.000 62.000 62.000 61.000 61.000 61.000 61.000 61.000 61.000 62.000 61.000 79.000 78.000 79.000 83.000 79.000 79.000 79.000 83.000 79.000 79.000 79.000 77.000 79.000 79.000 79.000 78.000 78.000 74.000 78.000 83.000 79.000 67.000 70.000 68.000 68.000 70.000 69.000 66.000 66.000 66.000 53.000 53.000 35.000 32.000 58.000 14.000 12.000 58.000 58.000 59.000 0.000 59.000 49.000 54.000 58.000 58.000 35.000 35.000 62.000 63.000 62.000 62.000 70.000 70.000 63.000 69.000 69.000 66.000 62.000
VAdist TRAV8-4*01 69.000 78.000 78.000 72.000 72.000 72.000 70.000 70.000 70.000 66.000 69.000 69.000 65.000 66.000 66.000 66.000 70.000 66.000 66.000 66.000 66.000 66.000 65.000 73.000 73.000 70.000 70.000 70.000 70.000 70.000 70.000 70.000 68.000 68.000 64.000 64.000 64.000 58.000 58.000 60.000 60.000 71.000 71.000 73.000 73.000 68.000 68.000 68.000 73.000 75.000 73.000 73.000 69.000 69.000 74.000 73.000 73.000 73.000 73.000 74.000 70.000 73.000 73.000 70.000 73.000 73.000 69.000 74.000 73.000 72.000 72.000 73.000 69.000 73.000 73.000 69.000 69.000 73.000 67.000 64.000 64.000 64.000 66.000 67.000 67.000 67.000 67.000 67.000 67.000 76.000 76.000 76.000 76.000 71.000 76.000 72.000 79.000 79.000 71.000 72.000 75.000 72.000 72.000 72.000 68.000 75.000 75.000 75.000 76.000 76.000 72.000 73.000 74.000 74.000 75.000 69.000 69.000 69.000 69.000 67.000 67.000 68.000 52.000 52.000 79.000 74.000 74.000 71.000 71.000 74.000 74.000 77.000 70.000 70.000 71.000 71.000 71.000 73.000 73.000 70.000 70.000 70.000 70.000 70.000 70.000 70.000 69.000 69.000 69.000 70.000 69.000 69.000 70.000 69.000 76.000 72.000 68.000 75.000 72.000 75.000 68.000 76.000 68.000 68.000 76.000 71.000 67.000 67.000 76.000 76.000 73.000 72.000 71.000 76.000 68.000 67.000 68.000 63.000 64.000 66.000 62.000 66.000 66.000 66.000 50.000 50.000 45.000 44.000 3.000 51.000 51.000 40.000 40.000 37.000 59.000 0.000 47.000 15.000 11.000 3.000 45.000 45.000 75.000 75.000 75.000 75.000 75.000 75.000 75.000 75.000 75.000 74.000 74.000
VAdist TRAV8-5*01 69.000 79.000 79.000 74.000 75.000 74.000 71.000 71.000 71.000 71.000 70.000 70.000 67.000 67.000 67.000 67.000 67.000 67.000 67.000 67.000 67.000 67.000 66.000 73.000 73.000 75.000 77.000 74.000 74.000 74.000 77.000 74.000 68.000 68.000 67.000 67.000 67.000 58.000 56.000 60.000 67.000 77.000 77.000 70.000 70.000 72.000 72.000 72.000 69.000 73.000 65.000 65.000 69.000 69.000 66.000 65.000 69.000 69.000 65.000 67.000 70.000 69.000 69.000 70.000 69.000 69.000 69.000 70.000 69.000 69.000 69.000 69.000 69.000 69.000 69.000 69.000 69.000 69.000 66.000 68.000 68.000 68.000 66.000 66.000 66.000 66.000 66.000 71.000 66.000 68.000 68.000 68.000 68.000 62.000 68.000 63.000 71.000 71.000 63.000 63.000 67.000 63.000 63.000 64.000 60.000 66.000 67.000 67.000 67.000 68.000 63.000 71.000 75.000 75.000 71.000 68.000 68.000 70.000 70.000 64.000 64.000 67.000 38.000 38.000 78.000 63.000 63.000 62.000 62.000 74.000 74.000 73.000 63.000 63.000 74.000 74.000 74.000 74.000 74.000 68.000 68.000 68.000 68.000 68.000 68.000 68.000 66.000 66.000 66.000 67.000 66.000 66.000 68.000 67.000 76.000 75.000 78.000 76.000 75.000 75.000 78.000 76.000 78.000 78.000 76.000 76.000 77.000 78.000 75.000 74.000 77.000 74.000 75.000 76.000 78.000 70.000 70.000 65.000 70.000 66.000 66.000 66.000 66.000 66.000 11.000 11.000 33.000 33.000 46.000 49.000 49.000 51.000 51.000 48.000 49.000 47.000 0.000 50.000 50.000 46.000 33.000 33.000 74.000 70.000 74.000 74.000 74.000 74.000 70.000 74.000 74.000 73.000 74.000
VAdist TRAV8-6*01 63.000 74.000 74.000 72.000 72.000 72.000 66.000 66.000 66.000 62.000 65.000 65.000 69.000 70.000 70.000 65.000 70.000 65.000 65.000 65.000 70.000 70.000 70.000 73.000 69.000 66.000 66.000 66.000 66.000 66.000 66.000 66.000 58.000 58.000 64.000 64.000 64.000 55.000 55.000 56.000 58.000 68.000 68.000 69.000 69.000 64.000 64.000 64.000 73.000 71.000 69.000 69.000 69.000 69.000 70.000 69.000 73.000 69.000 69.000 70.000 70.000 73.000 73.000 70.000 73.000 73.000 69.000 74.000 73.000 73.000 73.000 73.000 69.000 69.000 69.000 69.000 69.000 73.000 64.000 60.000 60.000 60.000 63.000 64.000 64.000 64.000 64.000 63.000 64.000 72.000 72.000 72.000 72.000 66.000 75.000 72.000 78.000 78.000 70.000 72.000 74.000 72.000 72.000 71.000 67.000 74.000 74.000 74.000 76.000 75.000 72.000 73.000 74.000 74.000 74.000 65.000 65.000 65.000 65.000 67.000 67.000 68.000 43.000 43.000 75.000 73.000 73.000 72.000 72.000 70.000 70.000 73.000 69.000 69.000 71.000 71.000 71.000 77.000 77.000 70.000 69.000 69.000 69.000 69.000 69.000 69.000 68.000 68.000 68.000 69.000 68.000 68.000 69.000 68.000 76.000 72.000 68.000 75.000 72.000 75.000 68.000 76.000 68.000 68.000 76.000 71.000 67.000 67.000 76.000 76.000 73.000 72.000 72.000 76.000 68.000 66.000 63.000 63.000 59.000 66.000 62.000 65.000 62.000 62.000 53.000 53.000 34.000 33.000 12.000 46.000 46.000 46.000 46.000 42.000 54.000 15.000 50.000 0.000 4.000 12.000 34.000 34.000 67.000 67.000 67.000 67.000 71.000 71.000 67.000 71.000 71.000 69.000 69.000
VAdist TRAV8-6*02 67.000 78.000 78.000 72.000 72.000 72.000 70.000 70.000 70.000 66.000 69.000 69.000 65.000 66.000 66.000 66.000 70.000 66.000 66.000 66.000 66.000 66.000 66.000 73.000 73.000 70.000 70.000 70.000 70.000 70.000 70.000 70.000 62.000 62.000 64.000 64.000 64.000 59.000 59.000 60.000 59.000 72.000 72.000 73.000 73.000 68.000 68.000 68.000 73.000 75.000 73.000 73.000 69.000 69.000 74.000 73.000 73.000 73.000 73.000 74.000 70.000 73.000 73.000 70.000 73.000 73.000 69.000 74.000 73.000 73.000 73.000 73.000 69.000 73.000 73.000 69.000 69.000 73.000 68.000 64.000 64.000 64.000 67.000 68.000 68.000 68.000 68.000 67.000 68.000 76.000 76.000 76.000 76.000 67.000 76.000 72.000 79.000 79.000 71.000 72.000 75.000 72.000 72.000 72.000 68.000 75.000 75.000 75.000 76.000 76.000 72.000 73.000 74.000 74.000 75.000 69.000 69.000 69.000 69.000 68.000 68.000 68.000 47.000 47.000 79.000 74.000 74.000 73.000 73.000 74.000 74.000 77.000 70.000 70.000 71.000 71.000 71.000 73.000 73.000 70.000 70.000 70.000 70.000 70.000 70.000 70.000 69.000 69.000 69.000 70.000 69.000 69.000 70.000 69.000 76.000 72.000 68.000 75.000 72.000 75.000 68.000 76.000 68.000 68.000 76.000 71.000 67.000 67.000 76.000 76.000 73.000 72.000 72.000 76.000 68.000 67.000 64.000 63.000 60.000 67.000 63.000 66.000 66.000 66.000 53.000 53.000 38.000 37.000 8.000 50.000 50.000 42.000 42.000 38.000 58.000 11.000 50.000 4.000 0.000 8.000 38.000 38.000 71.000 71.000 71.000 71.000 71.000 71.000 71.000 71.000 71.000 70.000 70.000
VAdist TRAV8-7*01 69.000 78.000 78.000 72.000 72.000 72.000 70.000 70.000 70.000 66.000 69.000 69.000 65.000 66.000 66.000 66.000 70.000 66.000 66.000 66.000 66.000 66.000 65.000 73.000 73.000 70.000 70.000 70.000 70.000 70.000 70.000 70.000 68.000 68.000 64.000 64.000 64.000 58.000 58.000 60.000 59.000 71.000 71.000 73.000 73.000 68.000 68.000 68.000 73.000 75.000 73.000 73.000 69.000 69.000 74.000 73.000 73.000 73.000 73.000 74.000 70.000 73.000 73.000 70.000 73.000 73.000 69.000 74.000 73.000 72.000 72.000 73.000 69.000 73.000 73.000 69.000 69.000 73.000 67.000 64.000 64.000 64.000 66.000 67.000 67.000 67.000 67.000 67.000 67.000 76.000 76.000 76.000 76.000 71.000 76.000 72.000 79.000 79.000 71.000 72.000 75.000 72.000 72.000 72.000 68.000 75.000 75.000 75.000 76.000 76.000 72.000 73.000 74.000 74.000 75.000 69.000 69.000 69.000 69.000 67.000 67.000 68.000 51.000 51.000 79.000 74.000 74.000 73.000 73.000 74.000 74.000 77.000 70.000 70.000 71.000 71.000 71.000 73.000 73.000 70.000 70.000 70.000 70.000 70.000 70.000 70.000 69.000 69.000 69.000 70.000 69.000 69.000 70.000 69.000 76.000 72.000 68.000 75.000 72.000 75.000 68.000 76.000 68.000 68.000 76.000 71.000 67.000 67.000 76.000 76.000 73.000 72.000 71.000 76.000 68.000 67.000 68.000 63.000 64.000 66.000 62.000 65.000 66.000 66.000 49.000 49.000 44.000 43.000 0.000 50.000 50.000 40.000 40.000 37.000 58.000 3.000 46.000 12.000 8.000 0.000 44.000 44.000 75.000 75.000 75.000 75.000 75.000 75.000 75.000 75.000 75.000 74.000 74.000
VAdist TRAV8-8*01 59.000 70.000 70.000 71.000 71.000 71.000 57.000 57.000 60.000 60.000 59.000 59.000 61.000 61.000 61.000 64.000 61.000 60.000 64.000 60.000 63.000 63.000 60.000 61.000 57.000 61.000 60.000 60.000 60.000 60.000 60.000 60.000 53.000 53.000 63.000 60.000 60.000 50.000 50.000 51.000 56.000 68.000 68.000 66.000 66.000 62.000 62.000 62.000 68.000 68.000 60.000 60.000 68.000 68.000 61.000 60.000 68.000 64.000 60.000 62.000 69.000 70.000 70.000 69.000 68.000 68.000 68.000 71.000 68.000 68.000 68.000 68.000 68.000 64.000 64.000 68.000 68.000 68.000 56.000 58.000 62.000 62.000 58.000 56.000 56.000 56.000 56.000 61.000 56.000 68.000 68.000 68.000 68.000 57.000 70.000 66.000 73.000 73.000 62.000 66.000 69.000 66.000 66.000 66.000 62.000 65.000 66.000 66.000 70.000 70.000 66.000 64.000 68.000 68.000 66.000 62.000 62.000 64.000 64.000 55.000 55.000 59.000 31.000 33.000 65.000 64.000 64.000 65.000 65.000 64.000 64.000 63.000 65.000 65.000 70.000 70.000 70.000 68.000 68.000 66.000 65.000 65.000 66.000 65.000 65.000 65.000 63.000 63.000 63.000 64.000 63.000 63.000 66.000 65.000 71.000 70.000 71.000 74.000 70.000 70.000 71.000 78.000 71.000 71.000 71.000 71.000 70.000 71.000 70.000 69.000 72.000 73.000 71.000 78.000 71.000 60.000 59.000 61.000 59.000 62.000 61.000 60.000 58.000 58.000 37.000 37.000 0.000 6.000 44.000 37.000 35.000 50.000 50.000 46.000 35.000 45.000 33.000 34.000 38.000 44.000 0.000 3.000 63.000 67.000 63.000 63.000 65.000 65.000 67.000 67.000 67.000 69.000 69.000
VAdist TRAV8-8*02 59.000 73.000 73.000 71.000 71.000 71.000 60.000 60.000 63.000 63.000 62.000 62.000 64.000 64.000 64.000 64.000 64.000 63.000 64.000 63.000 66.000 66.000 63.000 64.000 60.000 64.000 63.000 63.000 63.000 63.000 63.000 63.000 53.000 53.000 62.000 63.000 63.000 50.000 50.000 51.000 56.000 68.000 68.000 69.000 69.000 64.000 64.000 64.000 70.000 70.000 62.000 62.000 70.000 70.000 63.000 62.000 70.000 66.000 62.000 64.000 71.000 70.000 70.000 71.000 70.000 70.000 70.000 71.000 70.000 70.000 70.000 70.000 70.000 66.000 66.000 70.000 70.000 70.000 59.000 61.000 62.000 62.000 61.000 59.000 59.000 59.000 59.000 64.000 59.000 68.000 68.000 68.000 68.000 60.000 69.000 65.000 72.000 72.000 65.000 65.000 68.000 65.000 65.000 65.000 61.000 68.000 69.000 69.000 69.000 69.000 65.000 67.000 71.000 71.000 69.000 64.000 64.000 66.000 66.000 58.000 58.000 62.000 31.000 33.000 68.000 67.000 67.000 65.000 65.000 67.000 67.000 66.000 67.000 67.000 73.000 73.000 73.000 70.000 70.000 68.000 67.000 67.000 65.000 67.000 67.000 67.000 65.000 65.000 65.000 66.000 65.000 65.000 65.000 64.000 74.000 73.000 74.000 77.000 73.000 73.000 74.000 78.000 74.000 74.000 74.000 74.000 73.000 74.000 73.000 72.000 75.000 73.000 74.000 78.000 74.000 62.000 61.000 63.000 61.000 64.000 63.000 62.000 61.000 61.000 37.000 37.000 3.000 3.000 44.000 37.000 35.000 50.000 50.000 46.000 35.000 45.000 33.000 34.000 38.000 44.000 3.000 0.000 63.000 67.000 63.000 63.000 65.000 65.000 67.000 67.000 67.000 69.000 69.000
VAdist TRAV9-1*01 64.000 57.000 57.000 67.000 67.000 67.000 64.000 64.000 67.000 67.000 67.000 67.000 68.000 68.000 68.000 71.000 64.000 63.000 70.000 70.000 64.000 64.000 64.000 78.000 74.000 78.000 74.000 77.000 77.000 77.000 75.000 77.000 53.000 51.000 64.000 64.000 64.000 54.000 55.000 55.000 70.000 68.000 68.000 64.000 60.000 69.000 69.000 69.000 76.000 71.000 68.000 68.000 76.000 76.000 67.000 68.000 76.000 71.000 68.000 71.000 75.000 76.000 76.000 74.000 76.000 76.000 76.000 74.000 75.000 75.000 75.000 75.000 76.000 71.000 71.000 76.000 76.000 75.000 63.000 63.000 62.000 65.000 62.000 63.000 63.000 63.000 63.000 63.000 63.000 49.000 49.000 49.000 49.000 64.000 63.000 67.000 64.000 64.000 67.000 67.000 60.000 67.000 67.000 64.000 68.000 64.000 63.000 63.000 63.000 63.000 67.000 73.000 73.000 73.000 64.000 65.000 65.000 65.000 65.000 64.000 64.000 63.000 56.000 56.000 72.000 68.000 68.000 68.000 68.000 75.000 74.000 75.000 69.000 69.000 78.000 78.000 78.000 69.000 69.000 69.000 68.000 69.000 69.000 68.000 69.000 69.000 65.000 65.000 65.000 64.000 65.000 65.000 68.000 68.000 68.000 68.000 67.000 75.000 67.000 72.000 67.000 73.000 67.000 67.000 68.000 71.000 67.000 68.000 68.000 68.000 71.000 67.000 66.000 73.000 63.000 64.000 64.000 63.000 60.000 62.000 62.000 64.000 59.000 59.000 74.000 74.000 63.000 66.000 75.000 66.000 66.000 69.000 69.000 70.000 62.000 75.000 74.000 67.000 71.000 75.000 63.000 63.000 0.000 4.000 0.000 0.000 26.000 26.000 8.000 18.000 18.000 25.000 21.000
VAdist TRAV9-1*02 65.000 58.000 58.000 67.000 67.000 67.000 68.000 68.000 68.000 68.000 68.000 68.000 68.000 68.000 68.000 71.000 64.000 63.000 70.000 70.000 64.000 64.000 64.000 78.000 74.000 78.000 74.000 77.000 77.000 77.000 75.000 77.000 53.000 51.000 64.000 64.000 64.000 58.000 59.000 59.000 70.000 68.000 68.000 60.000 56.000 69.000 69.000 69.000 76.000 71.000 68.000 68.000 76.000 76.000 67.000 68.000 76.000 71.000 68.000 71.000 75.000 76.000 76.000 74.000 76.000 76.000 76.000 74.000 75.000 75.000 75.000 75.000 76.000 71.000 71.000 76.000 76.000 75.000 63.000 63.000 62.000 65.000 62.000 63.000 63.000 63.000 63.000 63.000 63.000 45.000 45.000 45.000 45.000 60.000 59.000 63.000 60.000 60.000 63.000 63.000 56.000 63.000 63.000 60.000 64.000 60.000 59.000 59.000 59.000 59.000 63.000 73.000 73.000 73.000 64.000 65.000 65.000 65.000 65.000 64.000 64.000 63.000 56.000 56.000 72.000 64.000 64.000 64.000 64.000 75.000 74.000 75.000 65.000 65.000 78.000 78.000 78.000 69.000 69.000 69.000 68.000 69.000 69.000 68.000 69.000 69.000 65.000 65.000 65.000 64.000 65.000 65.000 68.000 68.000 68.000 68.000 67.000 75.000 67.000 72.000 67.000 73.000 67.000 67.000 68.000 71.000 67.000 68.000 68.000 68.000 71.000 67.000 66.000 73.000 63.000 68.000 65.000 64.000 61.000 63.000 63.000 65.000 59.000 59.000 70.000 70.000 67.000 67.000 75.000 67.000 67.000 69.000 69.000 70.000 63.000 75.000 70.000 67.000 71.000 75.000 67.000 67.000 4.000 0.000 4.000 4.000 30.000 30.000 4.000 22.000 22.000 26.000 22.000
VAdist TRAV9-1D*01 64.000 57.000 57.000 67.000 67.000 67.000 64.000 64.000 67.000 67.000 67.000 67.000 68.000 68.000 68.000 71.000 64.000 63.000 70.000 70.000 64.000 64.000 64.000 78.000 74.000 78.000 74.000 77.000 77.000 77.000 75.000 77.000 53.000 51.000 64.000 64.000 64.000 54.000 55.000 55.000 70.000 68.000 68.000 64.000 60.000 69.000 69.000 69.000 76.000 71.000 68.000 68.000 76.000 76.000 67.000 68.000 76.000 71.000 68.000 71.000 75.000 76.000 76.000 74.000 76.000 76.000 76.000 74.000 75.000 75.000 75.000 75.000 76.000 71.000 71.000 76.000 76.000 75.000 63.000 63.000 62.000 65.000 62.000 63.000 63.000 63.000 63.000 63.000 63.000 49.000 49.000 49.000 49.000 64.000 63.000 67.000 64.000 64.000 67.000 67.000 60.000 67.000 67.000 64.000 68.000 64.000 63.000 63.000 63.000 63.000 67.000 73.000 73.000 73.000 64.000 65.000 65.000 65.000 65.000 64.000 64.000 63.000 56.000 56.000 72.000 68.000 68.000 68.000 68.000 75.000 74.000 75.000 69.000 69.000 78.000 78.000 78.000 69.000 69.000 69.000 68.000 69.000 69.000 68.000 69.000 69.000 65.000 65.000 65.000 64.000 65.000 65.000 68.000 68.000 68.000 68.000 67.000 75.000 67.000 72.000 67.000 73.000 67.000 67.000 68.000 71.000 67.000 68.000 68.000 68.000 71.000 67.000 66.000 73.000 63.000 64.000 64.000 63.000 60.000 62.000 62.000 64.000 59.000 59.000 74.000 74.000 63.000 66.000 75.000 66.000 66.000 69.000 69.000 70.000 62.000 75.000 74.000 67.000 71.000 75.000 63.000 63.000 0.000 4.000 0.000 0.000 26.000 26.000 8.000 18.000 18.000 25.000 21.000
VAdist TRAV9-1N*01 64.000 57.000 57.000 67.000 67.000 67.000 64.000 64.000 67.000 67.000 67.000 67.000 68.000 68.000 68.000 71.000 64.000 63.000 70.000 70.000 64.000 64.000 64.000 78.000 74.000 78.000 74.000 77.000 77.000 77.000 75.000 77.000 53.000 51.000 64.000 64.000 64.000 54.000 55.000 55.000 70.000 68.000 68.000 64.000 60.000 69.000 69.000 69.000 76.000 71.000 68.000 68.000 76.000 76.000 67.000 68.000 76.000 71.000 68.000 71.000 75.000 76.000 76.000 74.000 76.000 76.000 76.000 74.000 75.000 75.000 75.000 75.000 76.000 71.000 71.000 76.000 76.000 75.000 63.000 63.000 62.000 65.000 62.000 63.000 63.000 63.000 63.000 63.000 63.000 49.000 49.000 49.000 49.000 64.000 63.000 67.000 64.000 64.000 67.000 67.000 60.000 67.000 67.000 64.000 68.000 64.000 63.000 63.000 63.000 63.000 67.000 73.000 73.000 73.000 64.000 65.000 65.000 65.000 65.000 64.000 64.000 63.000 56.000 56.000 72.000 68.000 68.000 68.000 68.000 75.000 74.000 75.000 69.000 69.000 78.000 78.000 78.000 69.000 69.000 69.000 68.000 69.000 69.000 68.000 69.000 69.000 65.000 65.000 65.000 64.000 65.000 65.000 68.000 68.000 68.000 68.000 67.000 75.000 67.000 72.000 67.000 73.000 67.000 67.000 68.000 71.000 67.000 68.000 68.000 68.000 71.000 67.000 66.000 73.000 63.000 64.000 64.000 63.000 60.000 62.000 62.000 64.000 59.000 59.000 74.000 74.000 63.000 66.000 75.000 66.000 66.000 69.000 69.000 70.000 62.000 75.000 74.000 67.000 71.000 75.000 63.000 63.000 0.000 4.000 0.000 0.000 26.000 26.000 8.000 18.000 18.000 25.000 21.000
VAdist TRAV9-3*01 68.000 67.000 67.000 59.000 59.000 59.000 64.000 64.000 67.000 67.000 67.000 67.000 66.000 66.000 66.000 70.000 67.000 66.000 70.000 69.000 66.000 66.000 66.000 73.000 73.000 83.000 73.000 78.000 78.000 78.000 72.000 78.000 65.000 63.000 60.000 60.000 60.000 58.000 58.000 55.000 73.000 70.000 70.000 71.000 68.000 64.000 64.000 64.000 72.000 71.000 76.000 76.000 72.000 72.000 75.000 76.000 72.000 71.000 76.000 75.000 71.000 72.000 72.000 70.000 72.000 72.000 72.000 70.000 71.000 75.000 75.000 71.000 72.000 71.000 71.000 72.000 72.000 71.000 67.000 67.000 68.000 71.000 67.000 68.000 68.000 67.000 67.000 67.000 68.000 57.000 57.000 57.000 57.000 68.000 71.000 71.000 72.000 72.000 71.000 71.000 72.000 71.000 71.000 72.000 72.000 72.000 71.000 71.000 71.000 71.000 71.000 70.000 70.000 70.000 72.000 69.000 69.000 69.000 69.000 67.000 67.000 64.000 64.000 64.000 67.000 72.000 72.000 69.000 69.000 72.000 71.000 72.000 69.000 69.000 74.000 74.000 74.000 71.000 71.000 69.000 69.000 70.000 70.000 69.000 70.000 70.000 70.000 70.000 70.000 69.000 70.000 70.000 69.000 69.000 68.000 68.000 64.000 69.000 65.000 66.000 65.000 73.000 65.000 65.000 66.000 65.000 65.000 68.000 66.000 66.000 65.000 65.000 64.000 73.000 65.000 69.000 63.000 63.000 63.000 67.000 67.000 71.000 66.000 66.000 74.000 74.000 65.000 68.000 75.000 70.000 70.000 71.000 71.000 72.000 70.000 75.000 74.000 71.000 71.000 75.000 65.000 65.000 26.000 30.000 26.000 26.000 0.000 0.000 26.000 40.000 40.000 39.000 39.000
VAdist TRAV9-3*02 68.000 67.000 67.000 59.000 59.000 59.000 64.000 64.000 67.000 67.000 67.000 67.000 66.000 66.000 66.000 70.000 67.000 66.000 70.000 69.000 66.000 66.000 66.000 73.000 73.000 83.000 73.000 78.000 78.000 78.000 72.000 78.000 65.000 63.000 60.000 60.000 60.000 58.000 58.000 55.000 73.000 70.000 70.000 71.000 68.000 64.000 64.000 64.000 72.000 71.000 76.000 76.000 72.000 72.000 75.000 76.000 72.000 71.000 76.000 75.000 71.000 72.000 72.000 70.000 72.000 72.000 72.000 70.000 71.000 75.000 75.000 71.000 72.000 71.000 71.000 72.000 72.000 71.000 67.000 67.000 68.000 71.000 67.000 68.000 68.000 67.000 67.000 67.000 68.000 57.000 57.000 57.000 57.000 68.000 71.000 71.000 72.000 72.000 71.000 71.000 72.000 71.000 71.000 72.000 72.000 72.000 71.000 71.000 71.000 71.000 71.000 70.000 70.000 70.000 72.000 69.000 69.000 69.000 69.000 67.000 67.000 64.000 64.000 64.000 67.000 72.000 72.000 69.000 69.000 72.000 71.000 72.000 69.000 69.000 74.000 74.000 74.000 71.000 71.000 69.000 69.000 70.000 70.000 69.000 70.000 70.000 70.000 70.000 70.000 69.000 70.000 70.000 69.000 69.000 68.000 68.000 64.000 69.000 65.000 66.000 65.000 73.000 65.000 65.000 66.000 65.000 65.000 68.000 66.000 66.000 65.000 65.000 64.000 73.000 65.000 69.000 63.000 63.000 63.000 67.000 67.000 71.000 66.000 66.000 74.000 74.000 65.000 68.000 75.000 70.000 70.000 71.000 71.000 72.000 70.000 75.000 74.000 71.000 71.000 75.000 65.000 65.000 26.000 30.000 26.000 26.000 0.000 0.000 26.000 40.000 40.000 39.000 39.000
VAdist TRAV9-4*01 61.000 58.000 58.000 67.000 67.000 67.000 68.000 68.000 68.000 68.000 68.000 68.000 68.000 68.000 68.000 71.000 64.000 63.000 70.000 70.000 64.000 64.000 64.000 74.000 70.000 78.000 70.000 73.000 73.000 73.000 71.000 73.000 53.000 51.000 64.000 64.000 64.000 58.000 59.000 59.000 74.000 68.000 68.000 60.000 56.000 69.000 69.000 69.000 72.000 67.000 72.000 72.000 72.000 72.000 71.000 72.000 72.000 67.000 72.000 71.000 71.000 72.000 72.000 70.000 72.000 72.000 72.000 70.000 71.000 75.000 75.000 71.000 72.000 67.000 67.000 72.000 72.000 71.000 63.000 63.000 62.000 65.000 62.000 63.000 63.000 63.000 63.000 63.000 63.000 45.000 45.000 45.000 45.000 60.000 59.000 63.000 60.000 60.000 63.000 63.000 56.000 63.000 63.000 60.000 64.000 60.000 59.000 59.000 59.000 59.000 63.000 69.000 69.000 69.000 64.000 65.000 65.000 65.000 65.000 64.000 64.000 63.000 56.000 56.000 68.000 64.000 64.000 64.000 64.000 71.000 70.000 71.000 65.000 65.000 74.000 74.000 74.000 69.000 69.000 69.000 68.000 69.000 69.000 68.000 69.000 69.000 69.000 69.000 69.000 68.000 69.000 69.000 68.000 68.000 64.000 64.000 63.000 71.000 63.000 68.000 63.000 69.000 63.000 63.000 64.000 67.000 63.000 64.000 64.000 64.000 67.000 63.000 62.000 69.000 59.000 72.000 61.000 64.000 57.000 67.000 67.000 69.000 59.000 59.000 70.000 70.000 67.000 67.000 75.000 67.000 67.000 69.000 69.000 70.000 63.000 75.000 70.000 67.000 71.000 75.000 67.000 67.000 8.000 4.000 8.000 8.000 26.000 26.000 0.000 26.000 26.000 30.000 26.000
VAdist TRAV9-6*01 68.000 54.000 50.000 70.000 70.000 70.000 71.000 71.000 74.000 74.000 74.000 74.000 71.000 71.000 71.000 75.000 64.000 67.000 74.000 74.000 67.000 67.000 67.000 78.000 78.000 82.000 78.000 81.000 81.000 81.000 79.000 81.000 58.000 56.000 61.000 61.000 61.000 58.000 59.000 59.000 71.000 70.000 70.000 68.000 68.000 70.000 70.000 70.000 74.000 75.000 72.000 72.000 76.000 76.000 68.000 72.000 74.000 75.000 72.000 72.000 66.000 74.000 74.000 69.000 74.000 74.000 76.000 71.000 75.000 75.000 75.000 75.000 74.000 75.000 75.000 74.000 76.000 75.000 70.000 70.000 69.000 72.000 71.000 70.000 70.000 70.000 70.000 70.000 70.000 61.000 61.000 61.000 61.000 65.000 64.000 65.000 65.000 65.000 68.000 63.000 61.000 65.000 65.000 65.000 69.000 65.000 64.000 64.000 61.000 64.000 65.000 71.000 71.000 71.000 65.000 69.000 69.000 69.000 69.000 68.000 68.000 62.000 63.000 63.000 72.000 69.000 69.000 63.000 63.000 82.000 81.000 82.000 64.000 64.000 76.000 76.000 76.000 66.000 66.000 65.000 69.000 66.000 66.000 69.000 66.000 66.000 62.000 62.000 62.000 65.000 62.000 62.000 69.000 69.000 67.000 63.000 65.000 74.000 65.000 70.000 65.000 71.000 65.000 65.000 66.000 69.000 66.000 66.000 66.000 66.000 69.000 65.000 61.000 72.000 61.000 65.000 65.000 63.000 61.000 63.000 63.000 65.000 63.000 63.000 74.000 74.000 67.000 70.000 75.000 73.000 73.000 71.000 71.000 72.000 69.000 75.000 74.000 71.000 71.000 75.000 67.000 67.000 18.000 22.000 18.000 18.000 40.000 40.000 26.000 0.000 0.000 18.000 14.000
VAdist TRAV9-6D*01 68.000 54.000 50.000 70.000 70.000 70.000 71.000 71.000 74.000 74.000 74.000 74.000 71.000 71.000 71.000 75.000 64.000 67.000 74.000 74.000 67.000 67.000 67.000 78.000 78.000 82.000 78.000 81.000 81.000 81.000 79.000 81.000 58.000 56.000 61.000 61.000 61.000 58.000 59.000 59.000 71.000 70.000 70.000 68.000 68.000 70.000 70.000 70.000 74.000 75.000 72.000 72.000 76.000 76.000 68.000 72.000 74.000 75.000 72.000 72.000 66.000 74.000 74.000 69.000 74.000 74.000 76.000 71.000 75.000 75.000 75.000 75.000 74.000 75.000 75.000 74.000 76.000 75.000 70.000 70.000 69.000 72.000 71.000 70.000 70.000 70.000 70.000 70.000 70.000 61.000 61.000 61.000 61.000 65.000 64.000 65.000 65.000 65.000 68.000 63.000 61.000 65.000 65.000 65.000 69.000 65.000 64.000 64.000 61.000 64.000 65.000 71.000 71.000 71.000 65.000 69.000 69.000 69.000 69.000 68.000 68.000 62.000 63.000 63.000 72.000 69.000 69.000 63.000 63.000 82.000 81.000 82.000 64.000 64.000 76.000 76.000 76.000 66.000 66.000 65.000 69.000 66.000 66.000 69.000 66.000 66.000 62.000 62.000 62.000 65.000 62.000 62.000 69.000 69.000 67.000 63.000 65.000 74.000 65.000 70.000 65.000 71.000 65.000 65.000 66.000 69.000 66.000 66.000 66.000 66.000 69.000 65.000 61.000 72.000 61.000 65.000 65.000 63.000 61.000 63.000 63.000 65.000 63.000 63.000 74.000 74.000 67.000 70.000 75.000 73.000 73.000 71.000 71.000 72.000 69.000 75.000 74.000 71.000 71.000 75.000 67.000 67.000 18.000 22.000 18.000 18.000 40.000 40.000 26.000 0.000 0.000 18.000 14.000
VAdist TRAV9-8*01 71.000 61.000 57.000 70.000 70.000 70.000 70.000 70.000 71.000 71.000 71.000 71.000 68.000 68.000 68.000 68.000 64.000 60.000 67.000 67.000 64.000 64.000 64.000 78.000 77.000 81.000 77.000 80.000 80.000 80.000 78.000 80.000 64.000 62.000 68.000 68.000 68.000 61.000 59.000 62.000 71.000 69.000 69.000 63.000 67.000 72.000 72.000 72.000 76.000 74.000 71.000 71.000 76.000 76.000 67.000 71.000 76.000 74.000 71.000 71.000 68.000 76.000 76.000 71.000 76.000 76.000 76.000 71.000 75.000 75.000 75.000 75.000 76.000 74.000 74.000 76.000 76.000 75.000 66.000 66.000 66.000 69.000 69.000 66.000 66.000 66.000 66.000 66.000 66.000 58.000 58.000 58.000 58.000 61.000 64.000 67.000 65.000 65.000 64.000 67.000 61.000 67.000 67.000 61.000 65.000 61.000 60.000 60.000 67.000 64.000 67.000 73.000 73.000 73.000 65.000 65.000 65.000 65.000 65.000 62.000 62.000 63.000 62.000 62.000 70.000 63.000 63.000 61.000 61.000 81.000 80.000 81.000 59.000 59.000 80.000 80.000 80.000 64.000 64.000 66.000 62.000 59.000 59.000 62.000 59.000 59.000 55.000 55.000 55.000 58.000 55.000 55.000 62.000 62.000 73.000 72.000 65.000 75.000 71.000 72.000 73.000 77.000 69.000 69.000 72.000 71.000 69.000 70.000 72.000 72.000 71.000 71.000 70.000 77.000 69.000 65.000 67.000 62.000 67.000 58.000 58.000 63.000 57.000 57.000 73.000 73.000 69.000 66.000 74.000 66.000 66.000 72.000 72.000 73.000 66.000 74.000 73.000 69.000 70.000 74.000 69.000 69.000 25.000 26.000 25.000 25.000 39.000 39.000 30.000 18.000 18.000 0.000 4.000
VAdist TRAV9S1*01 72.000 57.000 53.000 70.000 70.000 70.000 70.000 70.000 71.000 71.000 71.000 71.000 68.000 68.000 68.000 68.000 64.000 60.000 67.000 67.000 64.000 64.000 64.000 78.000 77.000 81.000 77.000 80.000 80.000 80.000 78.000 80.000 60.000 58.000 68.000 68.000 68.000 60.000 61.000 61.000 71.000 71.000 71.000 63.000 67.000 72.000 72.000 72.000 76.000 74.000 71.000 71.000 76.000 76.000 67.000 71.000 76.000 74.000 71.000 71.000 68.000 76.000 76.000 71.000 76.000 76.000 76.000 71.000 75.000 75.000 75.000 75.000 76.000 74.000 74.000 76.000 76.000 75.000 66.000 66.000 65.000 68.000 69.000 66.000 66.000 66.000 66.000 66.000 66.000 57.000 57.000 57.000 57.000 61.000 60.000 67.000 61.000 61.000 64.000 67.000 57.000 67.000 67.000 61.000 65.000 61.000 60.000 60.000 63.000 60.000 67.000 75.000 75.000 75.000 61.000 65.000 65.000 65.000 65.000 61.000 61.000 63.000 63.000 63.000 70.000 65.000 65.000 62.000 62.000 81.000 80.000 81.000 63.000 63.000 80.000 80.000 80.000 63.000 63.000 66.000 62.000 59.000 59.000 62.000 59.000 59.000 55.000 55.000 55.000 58.000 55.000 55.000 62.000 62.000 75.000 74.000 65.000 77.000 73.000 74.000 73.000 79.000 69.000 69.000 74.000 73.000 69.000 70.000 74.000 74.000 73.000 73.000 72.000 79.000 69.000 64.000 66.000 64.000 66.000 60.000 60.000 62.000 59.000 59.000 74.000 74.000 69.000 66.000 74.000 66.000 66.000 74.000 74.000 75.000 62.000 74.000 74.000 69.000 70.000 74.000 69.000 69.000 21.000 22.000 21.000 21.000 39.000 39.000 26.000 14.000 14.000 4.000 0.000
num_VB_genes 72
VBdist TRBV1*01 0.000 62.000 54.000 58.000 67.000 63.000 58.000 62.000 63.000 57.000 58.000 55.000 59.000 58.000 59.000 56.000 63.000 65.000 60.000 67.000 62.000 69.000 64.000 58.000 62.000 65.000 58.000 54.000 65.000 58.000 61.000 53.000 62.000 54.000 65.000 58.000 58.000 58.000 58.000 58.000 54.000 57.000 61.000 58.000 62.000 64.000 58.000 54.000 64.000 57.000 59.000 63.000 63.000 60.000 57.000 63.000 59.000 61.000 63.000 63.000 59.000 53.000 63.000 59.000 63.000 59.000 63.000 60.000 63.000 64.000 63.000 64.000
VBdist TRBV11*01 62.000 0.000 45.000 46.000 42.000 49.000 47.000 55.000 47.000 67.000 46.000 54.000 42.000 50.000 50.000 49.000 50.000 54.000 60.000 56.000 57.000 51.000 44.000 63.000 54.000 50.000 51.000 50.000 47.000 50.000 47.000 48.000 53.000 50.000 49.000 50.000 50.000 58.000 51.000 50.000 50.000 50.000 49.000 54.000 38.000 50.000 50.000 48.000 54.000 51.000 59.000 59.000 55.000 54.000 55.000 54.000 58.000 51.000 59.000 60.000 60.000 51.000 59.000 59.000 60.000 55.000 55.000 58.000 59.000 53.000 40.000 42.000
VBdist TRBV12-1*01 54.000 45.000 0.000 17.000 49.000 35.000 36.000 56.000 39.000 55.000 40.000 44.000 41.000 41.000 45.000 44.000 53.000 54.000 59.000 55.000 56.000 51.000 45.000 63.000 46.000 54.000 52.000 48.000 53.000 51.000 53.000 47.000 51.000 48.000 53.000 51.000 49.000 55.000 52.000 51.000 48.000 45.000 55.000 55.000 54.000 51.000 51.000 43.000 52.000 47.000 59.000 59.000 58.000 50.000 54.000 55.000 54.000 50.000 59.000 59.000 59.000 47.000 48.000 59.000 52.000 53.000 53.000 54.000 59.000 54.000 40.000 45.000
VBdist TRBV12-2*01 58.000 46.000 17.000 0.000 48.000 39.000 39.000 57.000 39.000 54.000 39.000 44.000 44.000 40.000 44.000 39.000 55.000 53.000 58.000 55.000 56.000 51.000 41.000 63.000 45.000 54.000 50.000 46.000 53.000 51.000 53.000 47.000 51.000 46.000 53.000 51.000 47.000 55.000 50.000 50.000 45.000 43.000 55.000 55.000 54.000 51.000 51.000 46.000 52.000 51.000 59.000 59.000 58.000 54.000 58.000 55.000 58.000 54.000 59.000 59.000 59.000 51.000 49.000 59.000 56.000 56.000 57.000 58.000 59.000 54.000 41.000 46.000
VBdist TRBV14*01 67.000 42.000 49.000 48.000 0.000 50.000 45.000 56.000 51.000 66.000 46.000 50.000 45.000 47.000 47.000 51.000 51.000 51.000 53.000 55.000 48.000 63.000 51.000 64.000 47.000 45.000 39.000 34.000 38.000 48.000 41.000 39.000 41.000 34.000 42.000 44.000 30.000 57.000 43.000 44.000 33.000 38.000 44.000 48.000 39.000 40.000 44.000 39.000 56.000 59.000 53.000 53.000 53.000 61.000 52.000 51.000 46.000 48.000 53.000 50.000 54.000 58.000 50.000 53.000 53.000 53.000 53.000 60.000 53.000 51.000 37.000 43.000
VBdist TRBV15*01 63.000 49.000 35.000 39.000 50.000 0.000 43.000 57.000 38.000 63.000 45.000 44.000 42.000 45.000 45.000 50.000 50.000 49.000 47.000 50.000 49.000 57.000 33.000 64.000 35.000 38.000 46.000 40.000 41.000 42.000 41.000 39.000 48.000 40.000 45.000 39.000 40.000 39.000 47.000 35.000 42.000 40.000 39.000 43.000 50.000 40.000 39.000 45.000 43.000 45.000 53.000 53.000 57.000 53.000 51.000 52.000 55.000 47.000 53.000 53.000 53.000 45.000 46.000 53.000 46.000 46.000 48.000 57.000 53.000 51.000 43.000 43.000
VBdist TRBV16*01 58.000 47.000 36.000 39.000 45.000 43.000 0.000 58.000 39.000 66.000 20.000 21.000 18.000 19.000 25.000 27.000 52.000 46.000 52.000 60.000 55.000 58.000 46.000 63.000 45.000 44.000 41.000 37.000 42.000 35.000 38.000 31.000 47.000 37.000 46.000 31.000 37.000 47.000 46.000 34.000 37.000 32.000 44.000 35.000 51.000 40.000 29.000 40.000 50.000 48.000 52.000 48.000 49.000 52.000 52.000 44.000 51.000 48.000 52.000 50.000 52.000 52.000 55.000 52.000 55.000 56.000 56.000 56.000 48.000 52.000 33.000 41.000
VBdist TRBV19*01 62.000 55.000 56.000 57.000 56.000 57.000 58.000 0.000 59.000 63.000 57.000 61.000 57.000 57.000 57.000 56.000 35.000 47.000 45.000 53.000 40.000 63.000 52.000 60.000 59.000 58.000 58.000 58.000 58.000 62.000 58.000 62.000 58.000 58.000 58.000 62.000 58.000 64.000 58.000 62.000 58.000 58.000 56.000 64.000 54.000 58.000 62.000 56.000 52.000 53.000 50.000 50.000 54.000 54.000 55.000 53.000 48.000 53.000 50.000 53.000 52.000 54.000 51.000 48.000 53.000 49.000 49.000 54.000 50.000 47.000 48.000 52.000
VBdist TRBV2*01 63.000 47.000 39.000 39.000 51.000 38.000 39.000 59.000 0.000 61.000 38.000 38.000 42.000 39.000 44.000 40.000 56.000 43.000 49.000 58.000 54.000 52.000 37.000 64.000 46.000 39.000 47.000 42.000 45.000 44.000 45.000 38.000 45.000 42.000 49.000 44.000 43.000 53.000 45.000 40.000 44.000 44.000 44.000 48.000 52.000 50.000 38.000 46.000 53.000 51.000 55.000 51.000 52.000 55.000 55.000 47.000 55.000 51.000 55.000 53.000 55.000 55.000 48.000 55.000 52.000 57.000 59.000 59.000 51.000 55.000 36.000 36.000
VBdist TRBV20*01 57.000 67.000 55.000 54.000 66.000 63.000 66.000 63.000 61.000 0.000 65.000 67.000 66.000 66.000 66.000 65.000 67.000 64.000 63.000 63.000 67.000 38.000 63.000 63.000 65.000 71.000 69.000 67.000 70.000 66.000 70.000 65.000 70.000 67.000 70.000 70.000 69.000 70.000 69.000 70.000 64.000 69.000 70.000 70.000 66.000 70.000 70.000 68.000 61.000 63.000 66.000 67.000 65.000 61.000 54.000 63.000 65.000 61.000 67.000 70.000 67.000 59.000 60.000 66.000 63.000 56.000 66.000 62.000 67.000 62.000 60.000 61.000
VBdist TRBV21-1*01 58.000 46.000 40.000 39.000 46.000 45.000 20.000 57.000 38.000 65.000 0.000 17.000 10.000 6.000 17.000 14.000 51.000 43.000 55.000 54.000 50.000 62.000 47.000 59.000 43.000 48.000 46.000 38.000 49.000 46.000 49.000 33.000 55.000 38.000 53.000 42.000 43.000 53.000 50.000 39.000 41.000 39.000 50.000 46.000 50.000 47.000 42.000 47.000 54.000 52.000 56.000 52.000 49.000 52.000 55.000 47.000 54.000 51.000 56.000 54.000 56.000 56.000 56.000 56.000 56.000 56.000 60.000 56.000 52.000 55.000 37.000 41.000
VBdist TRBV21-2*01 55.000 54.000 44.000 44.000 50.000 44.000 21.000 61.000 38.000 67.000 17.000 0.000 15.000 19.000 28.000 23.000 53.000 42.000 54.000 58.000 53.000 59.000 48.000 55.000 44.000 42.000 47.000 45.000 40.000 36.000 40.000 37.000 48.000 45.000 44.000 33.000 45.000 47.000 51.000 41.000 45.000 38.000 44.000 37.000 52.000 39.000 33.000 45.000 54.000 52.000 56.000 52.000 53.000 56.000 56.000 48.000 56.000 52.000 56.000 54.000 56.000 56.000 56.000 56.000 56.000 60.000 60.000 60.000 52.000 56.000 41.000 47.000
VBdist TRBV21-3*01 59.000 42.000 41.000 44.000 45.000 42.000 18.000 57.000 42.000 66.000 10.000 15.000 0.000 16.000 22.000 19.000 45.000 41.000 56.000 58.000 56.000 58.000 50.000 59.000 43.000 45.000 48.000 46.000 43.000 39.000 43.000 38.000 54.000 46.000 51.000 36.000 45.000 50.000 52.000 39.000 46.000 41.000 47.000 40.000 48.000 41.000 36.000 50.000 54.000 52.000 56.000 52.000 49.000 52.000 55.000 47.000 54.000 51.000 56.000 54.000 56.000 56.000 56.000 56.000 56.000 60.000 60.000 56.000 52.000 55.000 39.000 42.000
VBdist TRBV21-4*01 58.000 50.000 41.000 40.000 47.000 45.000 19.000 57.000 39.000 66.000 6.000 19.000 16.000 0.000 13.000 17.000 55.000 45.000 54.000 54.000 50.000 63.000 46.000 58.000 44.000 47.000 46.000 37.000 49.000 48.000 49.000 39.000 55.000 37.000 53.000 44.000 42.000 53.000 50.000 41.000 40.000 39.000 50.000 48.000 54.000 47.000 43.000 47.000 56.000 54.000 56.000 54.000 56.000 58.000 56.000 50.000 55.000 52.000 56.000 52.000 56.000 56.000 56.000 56.000 56.000 56.000 60.000 62.000 54.000 56.000 34.000 41.000
VBdist TRBV21-5*01 59.000 50.000 45.000 44.000 47.000 45.000 25.000 57.000 44.000 66.000 17.000 28.000 22.000 13.000 0.000 27.000 56.000 50.000 51.000 56.000 54.000 62.000 46.000 59.000 43.000 45.000 47.000 37.000 50.000 51.000 50.000 46.000 52.000 37.000 54.000 48.000 39.000 53.000 50.000 45.000 40.000 43.000 49.000 52.000 53.000 48.000 46.000 50.000 58.000 56.000 56.000 56.000 56.000 60.000 55.000 52.000 54.000 51.000 56.000 55.000 56.000 56.000 56.000 56.000 56.000 55.000 59.000 64.000 56.000 55.000 40.000 43.000
VBdist TRBV21-6*01 56.000 49.000 44.000 39.000 51.000 50.000 27.000 56.000 40.000 65.000 14.000 23.000 19.000 17.000 27.000 0.000 54.000 47.000 52.000 54.000 55.000 63.000 50.000 55.000 47.000 53.000 50.000 46.000 53.000 46.000 53.000 42.000 55.000 46.000 57.000 46.000 47.000 58.000 50.000 45.000 46.000 43.000 55.000 50.000 52.000 51.000 46.000 47.000 50.000 52.000 55.000 48.000 51.000 54.000 52.000 44.000 54.000 51.000 52.000 50.000 52.000 52.000 52.000 54.000 52.000 60.000 56.000 59.000 48.000 52.000 37.000 43.000
VBdist TRBV22*01 63.000 50.000 53.000 55.000 51.000 50.000 52.000 35.000 56.000 67.000 51.000 53.000 45.000 55.000 56.000 54.000 0.000 48.000 44.000 41.000 47.000 62.000 52.000 62.000 47.000 56.000 53.000 55.000 53.000 54.000 53.000 53.000 56.000 55.000 57.000 54.000 54.000 63.000 54.000 57.000 55.000 51.000 54.000 56.000 51.000 53.000 54.000 55.000 48.000 49.000 42.000 38.000 40.000 42.000 46.000 41.000 40.000 44.000 42.000 45.000 44.000 50.000 48.000 44.000 46.000 48.000 49.000 42.000 42.000 46.000 52.000 53.000
VBdist TRBV24*01 65.000 54.000 54.000 53.000 51.000 49.000 46.000 47.000 43.000 64.000 43.000 42.000 41.000 45.000 50.000 47.000 48.000 0.000 35.000 49.000 42.000 63.000 47.000 61.000 51.000 44.000 52.000 50.000 40.000 41.000 42.000 46.000 50.000 50.000 50.000 41.000 51.000 55.000 48.000 42.000 47.000 48.000 46.000 45.000 50.000 48.000 43.000 50.000 51.000 50.000 46.000 42.000 45.000 56.000 56.000 44.000 48.000 52.000 46.000 47.000 44.000 54.000 49.000 46.000 48.000 53.000 54.000 56.000 42.000 54.000 53.000 50.000
VBdist TRBV25*01 60.000 60.000 59.000 58.000 53.000 47.000 52.000 45.000 49.000 63.000 55.000 54.000 56.000 54.000 51.000 52.000 44.000 35.000 0.000 39.000 40.000 66.000 42.000 56.000 52.000 51.000 43.000 46.000 51.000 48.000 47.000 48.000 47.000 46.000 55.000 48.000 47.000 56.000 43.000 49.000 43.000 47.000 49.000 52.000 51.000 52.000 44.000 47.000 34.000 38.000 28.000 25.000 34.000 48.000 40.000 28.000 30.000 39.000 25.000 28.000 28.000 38.000 32.000 30.000 31.000 39.000 32.000 49.000 25.000 33.000 53.000 50.000
VBdist TRBV26*01 67.000 56.000 55.000 55.000 55.000 50.000 60.000 53.000 58.000 63.000 54.000 58.000 58.000 54.000 56.000 54.000 41.000 49.000 39.000 0.000 45.000 63.000 50.000 57.000 48.000 57.000 59.000 55.000 53.000 56.000 55.000 58.000 55.000 55.000 57.000 56.000 59.000 62.000 59.000 54.000 58.000 52.000 59.000 60.000 59.000 59.000 60.000 59.000 40.000 41.000 41.000 34.000 43.000 48.000 49.000 38.000 40.000 48.000 38.000 41.000 36.000 45.000 44.000 43.000 42.000 40.000 33.000 49.000 38.000 36.000 57.000 50.000
VBdist TRBV28*01 62.000 57.000 56.000 56.000 48.000 49.000 55.000 40.000 54.000 67.000 50.000 53.000 56.000 50.000 54.000 55.000 47.000 42.000 40.000 45.000 0.000 67.000 41.000 60.000 51.000 55.000 58.000 50.000 57.000 59.000 58.000 49.000 60.000 50.000 57.000 58.000 55.000 59.000 59.000 56.000 53.000 55.000 57.000 62.000 54.000 58.000 58.000 52.000 52.000 51.000 41.000 45.000 47.000 53.000 57.000 48.000 47.000 53.000 45.000 45.000 44.000 44.000 47.000 41.000 44.000 44.000 48.000 52.000 45.000 46.000 55.000 55.000
VBdist TRBV29*01 69.000 51.000 51.000 51.000 63.000 57.000 58.000 63.000 52.000 38.000 62.000 59.000 58.000 63.000 62.000 63.000 62.000 63.000 66.000 63.000 67.000 0.000 54.000 67.000 60.000 62.000 61.000 62.000 55.000 54.000 55.000 59.000 61.000 62.000 55.000 58.000 60.000 65.000 62.000 61.000 62.000 58.000 58.000 58.000 60.000 59.000 58.000 58.000 60.000 62.000 65.000 66.000 64.000 60.000 62.000 62.000 65.000 61.000 66.000 63.000 66.000 62.000 59.000 65.000 63.000 60.000 66.000 61.000 66.000 62.000 56.000 59.000
VBdist TRBV3*01 64.000 44.000 45.000 41.000 51.000 33.000 46.000 52.000 37.000 63.000 47.000 48.000 50.000 46.000 46.000 50.000 52.000 47.000 42.000 50.000 41.000 54.000 0.000 60.000 35.000 44.000 48.000 49.000 44.000 53.000 48.000 46.000 53.000 49.000 44.000 52.000 50.000 52.000 47.000 47.000 51.000 47.000 46.000 56.000 56.000 51.000 48.000 50.000 48.000 47.000 47.000 47.000 51.000 54.000 54.000 46.000 49.000 50.000 47.000 47.000 50.000 47.000 49.000 47.000 51.000 43.000 46.000 58.000 47.000 46.000 40.000 41.000
VBdist TRBV30*01 58.000 63.000 63.000 63.000 64.000 64.000 63.000 60.000 64.000 63.000 59.000 55.000 59.000 58.000 59.000 55.000 62.000 61.000 56.000 57.000 60.000 67.000 60.000 0.000 60.000 63.000 63.000 63.000 62.000 63.000 62.000 64.000 62.000 63.000 63.000 63.000 63.000 64.000 63.000 63.000 63.000 62.000 63.000 63.000 61.000 67.000 64.000 63.000 56.000 51.000 59.000 60.000 59.000 54.000 59.000 56.000 58.000 58.000 60.000 62.000 59.000 55.000 60.000 58.000 60.000 63.000 59.000 59.000 60.000 55.000 59.000 58.000
VBdist TRBV4*01 62.000 54.000 46.000 45.000 47.000 35.000 45.000 59.000 46.000 65.000 43.000 44.000 43.000 44.000 43.000 47.000 47.000 51.000 52.000 48.000 51.000 60.000 35.000 60.000 0.000 46.000 52.000 46.000 45.000 48.000 49.000 44.000 50.000 46.000 48.000 47.000 46.000 52.000 51.000 44.000 48.000 46.000 48.000 51.000 54.000 47.000 48.000 49.000 52.000 49.000 50.000 50.000 50.000 54.000 45.000 43.000 47.000 42.000 50.000 50.000 49.000 50.000 48.000 50.000 44.000 44.000 52.000 58.000 50.000 46.000 44.000 41.000
VBdist TRBV5-11*01 65.000 50.000 54.000 54.000 45.000 38.000 44.000 58.000 39.000 71.000 48.000 42.000 45.000 47.000 45.000 53.000 56.000 44.000 51.000 57.000 55.000 62.000 44.000 63.000 46.000 0.000 32.000 25.000 23.000 29.000 19.000 30.000 29.000 25.000 31.000 26.000 25.000 27.000 33.000 28.000 27.000 29.000 17.000 30.000 34.000 27.000 22.000 33.000 62.000 60.000 56.000 56.000 56.000 64.000 56.000 56.000 52.000 52.000 56.000 56.000 56.000 60.000 56.000 56.000 56.000 54.000 56.000 64.000 56.000 56.000 43.000 49.000
VBdist TRBV5-13*01 58.000 51.000 52.000 50.000 39.000 46.000 41.000 58.000 47.000 69.000 46.000 47.000 48.000 46.000 47.000 50.000 53.000 52.000 43.000 59.000 58.000 61.000 48.000 63.000 52.000 32.000 0.000 16.000 26.000 26.000 18.000 27.000 19.000 16.000 30.000 22.000 19.000 41.000 7.000 24.000 16.000 17.000 23.000 26.000 29.000 31.000 22.000 23.000 57.000 56.000 51.000 51.000 51.000 59.000 51.000 51.000 47.000 47.000 51.000 52.000 52.000 55.000 53.000 51.000 55.000 51.000 51.000 59.000 51.000 51.000 40.000 49.000
VBdist TRBV5-15*01 54.000 50.000 48.000 46.000 34.000 40.000 37.000 58.000 42.000 67.000 38.000 45.000 46.000 37.000 37.000 46.000 55.000 50.000 46.000 55.000 50.000 62.000 49.000 63.000 46.000 25.000 16.000 0.000 31.000 28.000 23.000 17.000 28.000 0.000 35.000 24.000 8.000 35.000 20.000 22.000 3.000 15.000 24.000 28.000 29.000 33.000 20.000 19.000 57.000 56.000 51.000 51.000 51.000 59.000 51.000 51.000 47.000 47.000 51.000 48.000 52.000 55.000 55.000 51.000 54.000 47.000 51.000 59.000 51.000 51.000 40.000 49.000
VBdist TRBV5-16*01 65.000 47.000 53.000 53.000 38.000 41.000 42.000 58.000 45.000 70.000 49.000 40.000 43.000 49.000 50.000 53.000 53.000 40.000 51.000 53.000 57.000 55.000 44.000 62.000 45.000 23.000 26.000 31.000 0.000 19.000 8.000 33.000 23.000 31.000 12.000 15.000 30.000 39.000 31.000 23.000 31.000 22.000 18.000 19.000 35.000 20.000 23.000 30.000 62.000 60.000 52.000 52.000 52.000 64.000 56.000 56.000 48.000 52.000 52.000 52.000 50.000 60.000 51.000 52.000 51.000 52.000 52.000 60.000 52.000 56.000 43.000 49.000
VBdist TRBV5-17*01 58.000 50.000 51.000 51.000 48.000 42.000 35.000 62.000 44.000 66.000 46.000 36.000 39.000 48.000 51.000 46.000 54.000 41.000 48.000 56.000 59.000 54.000 53.000 63.000 48.000 29.000 26.000 28.000 19.000 0.000 11.000 22.000 19.000 28.000 31.000 4.000 27.000 31.000 27.000 12.000 28.000 19.000 20.000 8.000 35.000 25.000 12.000 23.000 54.000 52.000 51.000 48.000 48.000 55.000 56.000 48.000 51.000 51.000 52.000 50.000 50.000 56.000 55.000 51.000 55.000 52.000 56.000 52.000 48.000 56.000 46.000 50.000
VBdist TRBV5-18*01 61.000 47.000 53.000 53.000 41.000 41.000 38.000 58.000 45.000 70.000 49.000 40.000 43.000 49.000 50.000 53.000 53.000 42.000 47.000 55.000 58.000 55.000 48.000 62.000 49.000 19.000 18.000 23.000 8.000 11.000 0.000 25.000 15.000 23.000 20.000 7.000 22.000 31.000 23.000 15.000 23.000 14.000 10.000 11.000 31.000 20.000 15.000 22.000 58.000 56.000 52.000 52.000 52.000 60.000 52.000 52.000 48.000 48.000 52.000 52.000 50.000 56.000 55.000 52.000 55.000 52.000 52.000 60.000 52.000 52.000 43.000 51.000
VBdist TRBV5-19*01 53.000 48.000 47.000 47.000 39.000 39.000 31.000 62.000 38.000 65.000 33.000 37.000 38.000 39.000 46.000 42.000 53.000 46.000 48.000 58.000 49.000 59.000 46.000 64.000 44.000 30.000 27.000 17.000 33.000 22.000 25.000 0.000 30.000 17.000 37.000 18.000 18.000 32.000 29.000 16.000 19.000 19.000 25.000 22.000 25.000 35.000 18.000 19.000 53.000 52.000 51.000 47.000 44.000 51.000 55.000 46.000 50.000 51.000 51.000 46.000 52.000 56.000 55.000 51.000 54.000 49.000 55.000 51.000 47.000 54.000 42.000 48.000
VBdist TRBV5-2*01 62.000 53.000 51.000 51.000 41.000 48.000 47.000 58.000 45.000 70.000 55.000 48.000 54.000 55.000 52.000 55.000 56.000 50.000 47.000 55.000 60.000 61.000 53.000 62.000 50.000 29.000 19.000 28.000 23.000 19.000 15.000 30.000 0.000 28.000 31.000 19.000 20.000 38.000 16.000 23.000 28.000 23.000 20.000 23.000 29.000 32.000 27.000 24.000 58.000 56.000 52.000 52.000 52.000 60.000 52.000 52.000 48.000 48.000 52.000 52.000 50.000 56.000 55.000 52.000 55.000 52.000 52.000 60.000 52.000 52.000 41.000 50.000
VBdist TRBV5-21*01 54.000 50.000 48.000 46.000 34.000 40.000 37.000 58.000 42.000 67.000 38.000 45.000 46.000 37.000 37.000 46.000 55.000 50.000 46.000 55.000 50.000 62.000 49.000 63.000 46.000 25.000 16.000 0.000 31.000 28.000 23.000 17.000 28.000 0.000 35.000 24.000 8.000 35.000 20.000 22.000 3.000 15.000 24.000 28.000 29.000 33.000 20.000 19.000 57.000 56.000 51.000 51.000 51.000 59.000 51.000 51.000 47.000 47.000 51.000 48.000 52.000 55.000 55.000 51.000 54.000 47.000 51.000 59.000 51.000 51.000 40.000 49.000
VBdist TRBV5-22*01 65.000 49.000 53.000 53.000 42.000 45.000 46.000 58.000 49.000 70.000 53.000 44.000 51.000 53.000 54.000 57.000 57.000 50.000 55.000 57.000 57.000 55.000 44.000 63.000 48.000 31.000 30.000 35.000 12.000 31.000 20.000 37.000 31.000 35.000 0.000 27.000 34.000 43.000 35.000 35.000 35.000 30.000 22.000 31.000 41.000 28.000 31.000 34.000 62.000 60.000 56.000 56.000 56.000 64.000 60.000 60.000 52.000 56.000 56.000 56.000 56.000 60.000 55.000 56.000 55.000 52.000 52.000 60.000 56.000 56.000 47.000 53.000
VBdist TRBV5-23*01 58.000 50.000 51.000 51.000 44.000 39.000 31.000 62.000 44.000 70.000 42.000 33.000 36.000 44.000 48.000 46.000 54.000 41.000 48.000 56.000 58.000 58.000 52.000 63.000 47.000 26.000 22.000 24.000 15.000 4.000 7.000 18.000 19.000 24.000 27.000 0.000 23.000 28.000 27.000 8.000 24.000 15.000 17.000 4.000 35.000 21.000 8.000 23.000 54.000 52.000 52.000 48.000 49.000 56.000 56.000 48.000 52.000 52.000 52.000 50.000 50.000 56.000 55.000 52.000 55.000 56.000 56.000 56.000 48.000 56.000 46.000 50.000
VBdist TRBV5-24*01 58.000 50.000 49.000 47.000 30.000 40.000 37.000 58.000 43.000 69.000 43.000 45.000 45.000 42.000 39.000 47.000 54.000 51.000 47.000 59.000 55.000 60.000 50.000 63.000 46.000 25.000 19.000 8.000 30.000 27.000 22.000 18.000 20.000 8.000 34.000 23.000 0.000 35.000 20.000 22.000 8.000 15.000 24.000 27.000 29.000 32.000 19.000 20.000 57.000 56.000 51.000 51.000 51.000 59.000 52.000 51.000 47.000 48.000 51.000 48.000 52.000 56.000 55.000 51.000 54.000 51.000 51.000 59.000 51.000 51.000 37.000 49.000
VBdist TRBV5-25*01 58.000 58.000 55.000 55.000 57.000 39.000 47.000 64.000 53.000 70.000 53.000 47.000 50.000 53.000 53.000 58.000 63.000 55.000 56.000 62.000 59.000 65.000 52.000 64.000 52.000 27.000 41.000 35.000 39.000 31.000 31.000 32.000 38.000 35.000 43.000 28.000 35.000 0.000 42.000 30.000 37.000 35.000 27.000 28.000 47.000 37.000 28.000 39.000 60.000 60.000 60.000 60.000 60.000 60.000 60.000 60.000 60.000 60.000 60.000 60.000 60.000 60.000 63.000 60.000 63.000 58.000 60.000 60.000 60.000 60.000 57.000 56.000
VBdist TRBV5-26*01 58.000 51.000 52.000 50.000 43.000 47.000 46.000 58.000 45.000 69.000 50.000 51.000 52.000 50.000 50.000 50.000 54.000 48.000 43.000 59.000 59.000 62.000 47.000 63.000 51.000 33.000 7.000 20.000 31.000 27.000 23.000 29.000 16.000 20.000 35.000 27.000 20.000 42.000 0.000 26.000 20.000 22.000 24.000 31.000 29.000 36.000 27.000 23.000 57.000 56.000 51.000 51.000 51.000 59.000 51.000 51.000 47.000 47.000 51.000 52.000 52.000 55.000 53.000 51.000 55.000 51.000 51.000 59.000 51.000 51.000 37.000 47.000
VBdist TRBV5-28*01 58.000 50.000 51.000 50.000 44.000 35.000 34.000 62.000 40.000 70.000 39.000 41.000 39.000 41.000 45.000 45.000 57.000 42.000 49.000 54.000 56.000 61.000 47.000 63.000 44.000 28.000 24.000 22.000 23.000 12.000 15.000 16.000 23.000 22.000 35.000 8.000 22.000 30.000 26.000 0.000 24.000 18.000 19.000 12.000 36.000 27.000 16.000 24.000 54.000 52.000 52.000 48.000 49.000 56.000 56.000 48.000 52.000 52.000 52.000 50.000 50.000 56.000 55.000 52.000 55.000 54.000 56.000 56.000 48.000 56.000 43.000 45.000
VBdist TRBV5-29*01 54.000 50.000 48.000 45.000 33.000 42.000 37.000 58.000 44.000 64.000 41.000 45.000 46.000 40.000 40.000 46.000 55.000 47.000 43.000 58.000 53.000 62.000 51.000 63.000 48.000 27.000 16.000 3.000 31.000 28.000 23.000 19.000 28.000 3.000 35.000 24.000 8.000 37.000 20.000 24.000 0.000 15.000 26.000 28.000 29.000 33.000 20.000 19.000 56.000 56.000 51.000 51.000 51.000 59.000 51.000 51.000 47.000 47.000 51.000 48.000 52.000 55.000 54.000 51.000 53.000 50.000 51.000 59.000 51.000 51.000 40.000 51.000
VBdist TRBV5-3*01 57.000 50.000 45.000 43.000 38.000 40.000 32.000 58.000 44.000 69.000 39.000 38.000 41.000 39.000 43.000 43.000 51.000 48.000 47.000 52.000 55.000 58.000 47.000 62.000 46.000 29.000 17.000 15.000 22.000 19.000 14.000 19.000 23.000 15.000 30.000 15.000 15.000 35.000 22.000 18.000 15.000 0.000 24.000 19.000 33.000 28.000 19.000 20.000 58.000 56.000 52.000 52.000 52.000 60.000 52.000 52.000 48.000 48.000 52.000 52.000 50.000 56.000 55.000 52.000 55.000 52.000 52.000 60.000 52.000 52.000 38.000 50.000
VBdist TRBV5-30*01 61.000 49.000 55.000 55.000 44.000 39.000 44.000 56.000 44.000 70.000 50.000 44.000 47.000 50.000 49.000 55.000 54.000 46.000 49.000 59.000 57.000 58.000 46.000 63.000 48.000 17.000 23.000 24.000 18.000 20.000 10.000 25.000 20.000 24.000 22.000 17.000 24.000 27.000 24.000 19.000 26.000 24.000 0.000 19.000 33.000 26.000 21.000 24.000 56.000 58.000 54.000 54.000 54.000 57.000 52.000 54.000 50.000 50.000 54.000 54.000 54.000 58.000 57.000 54.000 57.000 52.000 54.000 57.000 54.000 54.000 44.000 50.000
VBdist TRBV5-31*01 58.000 54.000 55.000 55.000 48.000 43.000 35.000 64.000 48.000 70.000 46.000 37.000 40.000 48.000 52.000 50.000 56.000 45.000 52.000 60.000 62.000 58.000 56.000 63.000 51.000 30.000 26.000 28.000 19.000 8.000 11.000 22.000 23.000 28.000 31.000 4.000 27.000 28.000 31.000 12.000 28.000 19.000 19.000 0.000 39.000 25.000 12.000 27.000 56.000 56.000 56.000 52.000 53.000 56.000 56.000 52.000 56.000 56.000 56.000 54.000 54.000 60.000 59.000 56.000 59.000 60.000 60.000 56.000 52.000 60.000 50.000 54.000
VBdist TRBV5-32*01 62.000 38.000 54.000 54.000 39.000 50.000 51.000 54.000 52.000 66.000 50.000 52.000 48.000 54.000 53.000 52.000 51.000 50.000 51.000 59.000 54.000 60.000 56.000 61.000 54.000 34.000 29.000 29.000 35.000 35.000 31.000 25.000 29.000 29.000 41.000 35.000 29.000 47.000 29.000 36.000 29.000 33.000 33.000 39.000 0.000 40.000 35.000 26.000 61.000 60.000 55.000 55.000 51.000 59.000 55.000 54.000 50.000 51.000 55.000 52.000 56.000 60.000 56.000 51.000 55.000 51.000 55.000 59.000 55.000 54.000 41.000 50.000
VBdist TRBV5-5*01 64.000 50.000 51.000 51.000 40.000 40.000 40.000 58.000 50.000 70.000 47.000 39.000 41.000 47.000 48.000 51.000 53.000 48.000 52.000 59.000 58.000 59.000 51.000 67.000 47.000 27.000 31.000 33.000 20.000 25.000 20.000 35.000 32.000 33.000 28.000 21.000 32.000 37.000 36.000 27.000 33.000 28.000 26.000 25.000 40.000 0.000 25.000 32.000 62.000 60.000 56.000 56.000 56.000 64.000 56.000 56.000 52.000 52.000 56.000 56.000 56.000 60.000 56.000 56.000 56.000 56.000 56.000 64.000 56.000 56.000 42.000 50.000
VBdist TRBV5-6*01 58.000 50.000 51.000 51.000 44.000 39.000 29.000 62.000 38.000 70.000 42.000 33.000 36.000 43.000 46.000 46.000 54.000 43.000 44.000 60.000 58.000 58.000 48.000 64.000 48.000 22.000 22.000 20.000 23.000 12.000 15.000 18.000 27.000 20.000 31.000 8.000 19.000 28.000 27.000 16.000 20.000 19.000 21.000 12.000 35.000 25.000 0.000 27.000 53.000 52.000 51.000 47.000 48.000 55.000 56.000 47.000 51.000 52.000 51.000 50.000 52.000 56.000 53.000 51.000 55.000 55.000 55.000 55.000 47.000 55.000 42.000 49.000
VBdist TRBV5-8*01 54.000 48.000 43.000 46.000 39.000 45.000 40.000 56.000 46.000 68.000 47.000 45.000 50.000 47.000 50.000 47.000 55.000 50.000 47.000 59.000 52.000 58.000 50.000 63.000 49.000 33.000 23.000 19.000 30.000 23.000 22.000 19.000 24.000 19.000 34.000 23.000 20.000 39.000 23.000 24.000 19.000 20.000 24.000 27.000 26.000 32.000 27.000 0.000 56.000 56.000 51.000 51.000 51.000 59.000 52.000 51.000 47.000 48.000 51.000 48.000 52.000 56.000 53.000 51.000 54.000 50.000 51.000 59.000 51.000 51.000 36.000 47.000
VBdist TRBV6-1*01 64.000 54.000 52.000 52.000 56.000 43.000 50.000 52.000 53.000 61.000 54.000 54.000 54.000 56.000 58.000 50.000 48.000 51.000 34.000 40.000 52.000 60.000 48.000 56.000 52.000 62.000 57.000 57.000 62.000 54.000 58.000 53.000 58.000 57.000 62.000 54.000 57.000 60.000 57.000 54.000 56.000 58.000 56.000 56.000 61.000 62.000 53.000 56.000 0.000 21.000 29.000 22.000 32.000 24.000 34.000 21.000 32.000 35.000 26.000 30.000 30.000 29.000 31.000 31.000 33.000 34.000 22.000 29.000 22.000 25.000 57.000 53.000
VBdist TRBV6-12*01 57.000 51.000 47.000 51.000 59.000 45.000 48.000 53.000 51.000 63.000 52.000 52.000 52.000 54.000 56.000 52.000 49.000 50.000 38.000 41.000 51.000 62.000 47.000 51.000 49.000 60.000 56.000 56.000 60.000 52.000 56.000 52.000 56.000 56.000 60.000 52.000 56.000 60.000 56.000 52.000 56.000 56.000 58.000 56.000 60.000 60.000 52.000 56.000 21.000 0.000 22.000 23.000 25.000 22.000 27.000 18.000 29.000 26.000 23.000 25.000 24.000 20.000 33.000 28.000 31.000 33.000 18.000 27.000 19.000 22.000 55.000 51.000
VBdist TRBV6-14*01 59.000 59.000 59.000 59.000 53.000 53.000 52.000 50.000 55.000 66.000 56.000 56.000 56.000 56.000 56.000 55.000 42.000 46.000 28.000 41.000 41.000 65.000 47.000 59.000 50.000 56.000 51.000 51.000 52.000 51.000 52.000 51.000 52.000 51.000 56.000 52.000 51.000 60.000 51.000 52.000 51.000 52.000 54.000 56.000 55.000 56.000 51.000 51.000 29.000 22.000 0.000 11.000 10.000 32.000 33.000 14.000 11.000 30.000 7.000 13.000 9.000 30.000 24.000 6.000 22.000 30.000 15.000 31.000 7.000 20.000 56.000 52.000
VBdist TRBV6-15*01 63.000 59.000 59.000 59.000 53.000 53.000 48.000 50.000 51.000 67.000 52.000 52.000 52.000 54.000 56.000 48.000 38.000 42.000 25.000 34.000 45.000 66.000 47.000 60.000 50.000 56.000 51.000 51.000 52.000 48.000 52.000 47.000 52.000 51.000 56.000 48.000 51.000 60.000 51.000 48.000 51.000 52.000 54.000 52.000 55.000 56.000 47.000 51.000 22.000 23.000 11.000 0.000 14.000 31.000 34.000 11.000 14.000 33.000 8.000 12.000 14.000 31.000 29.000 17.000 27.000 31.000 16.000 28.000 4.000 21.000 56.000 52.000
VBdist TRBV6-16*01 63.000 55.000 58.000 58.000 53.000 57.000 49.000 54.000 52.000 65.000 49.000 53.000 49.000 56.000 56.000 51.000 40.000 45.000 34.000 43.000 47.000 64.000 51.000 59.000 50.000 56.000 51.000 51.000 52.000 48.000 52.000 44.000 52.000 51.000 56.000 49.000 51.000 60.000 51.000 49.000 51.000 52.000 54.000 53.000 51.000 56.000 48.000 51.000 32.000 25.000 10.000 14.000 0.000 27.000 35.000 13.000 13.000 32.000 13.000 19.000 19.000 40.000 34.000 12.000 32.000 36.000 21.000 26.000 10.000 22.000 56.000 52.000
VBdist TRBV6-17*01 60.000 54.000 50.000 54.000 61.000 53.000 52.000 54.000 55.000 61.000 52.000 56.000 52.000 58.000 60.000 54.000 42.000 56.000 48.000 48.000 53.000 60.000 54.000 54.000 54.000 64.000 59.000 59.000 64.000 55.000 60.000 51.000 60.000 59.000 64.000 56.000 59.000 60.000 59.000 56.000 59.000 60.000 57.000 56.000 59.000 64.000 55.000 59.000 24.000 22.000 32.000 31.000 27.000 0.000 33.000 26.000 31.000 30.000 35.000 39.000 39.000 26.000 48.000 38.000 46.000 38.000 30.000 7.000 31.000 30.000 59.000 59.000
VBdist TRBV6-18*01 57.000 55.000 54.000 58.000 52.000 51.000 52.000 55.000 55.000 54.000 55.000 56.000 55.000 56.000 55.000 52.000 46.000 56.000 40.000 49.000 57.000 62.000 54.000 59.000 45.000 56.000 51.000 51.000 56.000 56.000 52.000 55.000 52.000 51.000 60.000 56.000 52.000 60.000 51.000 56.000 51.000 52.000 52.000 56.000 55.000 56.000 56.000 52.000 34.000 27.000 33.000 34.000 35.000 33.000 0.000 23.000 30.000 19.000 30.000 34.000 31.000 23.000 36.000 39.000 34.000 37.000 26.000 38.000 30.000 23.000 51.000 55.000
VBdist TRBV6-2*01 63.000 54.000 55.000 55.000 51.000 52.000 44.000 53.000 47.000 63.000 47.000 48.000 47.000 50.000 52.000 44.000 41.000 44.000 28.000 38.000 48.000 62.000 46.000 56.000 43.000 56.000 51.000 51.000 56.000 48.000 52.000 46.000 52.000 51.000 60.000 48.000 51.000 60.000 51.000 48.000 51.000 52.000 54.000 52.000 54.000 56.000 47.000 51.000 21.000 18.000 14.000 11.000 13.000 26.000 23.000 0.000 15.000 26.000 11.000 15.000 17.000 30.000 32.000 20.000 30.000 38.000 19.000 31.000 7.000 10.000 52.000 48.000
VBdist TRBV6-21*01 59.000 58.000 54.000 58.000 46.000 55.000 51.000 48.000 55.000 65.000 54.000 56.000 54.000 55.000 54.000 54.000 40.000 48.000 30.000 40.000 47.000 65.000 49.000 58.000 47.000 52.000 47.000 47.000 48.000 51.000 48.000 50.000 48.000 47.000 52.000 52.000 47.000 60.000 47.000 52.000 47.000 48.000 50.000 56.000 50.000 52.000 51.000 47.000 32.000 29.000 11.000 14.000 13.000 31.000 30.000 15.000 0.000 23.000 14.000 20.000 20.000 37.000 35.000 17.000 33.000 30.000 18.000 30.000 14.000 17.000 51.000 51.000
VBdist TRBV6-22*01 61.000 51.000 50.000 54.000 48.000 47.000 48.000 53.000 51.000 61.000 51.000 52.000 51.000 52.000 51.000 51.000 44.000 52.000 39.000 48.000 53.000 61.000 50.000 58.000 42.000 52.000 47.000 47.000 52.000 51.000 48.000 51.000 48.000 47.000 56.000 52.000 48.000 60.000 47.000 52.000 47.000 48.000 50.000 56.000 51.000 52.000 52.000 48.000 35.000 26.000 30.000 33.000 32.000 30.000 19.000 26.000 23.000 0.000 33.000 37.000 34.000 22.000 39.000 36.000 37.000 33.000 29.000 37.000 33.000 26.000 47.000 51.000
VBdist TRBV6-23*01 63.000 59.000 59.000 59.000 53.000 53.000 52.000 50.000 55.000 67.000 56.000 56.000 56.000 56.000 56.000 52.000 42.000 46.000 25.000 38.000 45.000 66.000 47.000 60.000 50.000 56.000 51.000 51.000 52.000 52.000 52.000 51.000 52.000 51.000 56.000 52.000 51.000 60.000 51.000 52.000 51.000 52.000 54.000 56.000 55.000 56.000 51.000 51.000 26.000 23.000 7.000 8.000 13.000 35.000 30.000 11.000 14.000 33.000 0.000 10.000 10.000 31.000 25.000 13.000 23.000 31.000 12.000 32.000 4.000 17.000 56.000 52.000
VBdist TRBV6-24*01 63.000 60.000 59.000 59.000 50.000 53.000 50.000 53.000 53.000 70.000 54.000 54.000 54.000 52.000 55.000 50.000 45.000 47.000 28.000 41.000 45.000 63.000 47.000 62.000 50.000 56.000 52.000 48.000 52.000 50.000 52.000 46.000 52.000 48.000 56.000 50.000 48.000 60.000 52.000 50.000 48.000 52.000 54.000 54.000 52.000 56.000 50.000 48.000 30.000 25.000 13.000 12.000 19.000 39.000 34.000 15.000 20.000 37.000 10.000 0.000 13.000 35.000 28.000 19.000 25.000 37.000 18.000 36.000 8.000 23.000 56.000 52.000
VBdist TRBV6-26*01 59.000 60.000 59.000 59.000 54.000 53.000 52.000 52.000 55.000 67.000 56.000 56.000 56.000 56.000 56.000 52.000 44.000 44.000 28.000 36.000 44.000 66.000 50.000 59.000 49.000 56.000 52.000 52.000 50.000 50.000 50.000 52.000 50.000 52.000 56.000 50.000 52.000 60.000 52.000 50.000 52.000 50.000 54.000 54.000 56.000 56.000 52.000 52.000 30.000 24.000 9.000 14.000 19.000 39.000 31.000 17.000 20.000 34.000 10.000 13.000 0.000 28.000 21.000 15.000 19.000 35.000 16.000 36.000 10.000 19.000 56.000 52.000
VBdist TRBV6-27*01 53.000 51.000 47.000 51.000 58.000 45.000 52.000 54.000 55.000 59.000 56.000 56.000 56.000 56.000 56.000 52.000 50.000 54.000 38.000 45.000 44.000 62.000 47.000 55.000 50.000 60.000 55.000 55.000 60.000 56.000 56.000 56.000 56.000 55.000 60.000 56.000 56.000 60.000 55.000 56.000 55.000 56.000 58.000 60.000 60.000 60.000 56.000 56.000 29.000 20.000 30.000 31.000 40.000 26.000 23.000 30.000 37.000 22.000 31.000 35.000 28.000 0.000 33.000 36.000 31.000 34.000 26.000 31.000 31.000 30.000 55.000 55.000
VBdist TRBV6-28*01 63.000 59.000 48.000 49.000 50.000 46.000 55.000 51.000 48.000 60.000 56.000 56.000 56.000 56.000 56.000 52.000 48.000 49.000 32.000 44.000 47.000 59.000 49.000 60.000 48.000 56.000 53.000 55.000 51.000 55.000 55.000 55.000 55.000 55.000 55.000 55.000 55.000 63.000 53.000 55.000 54.000 55.000 57.000 59.000 56.000 56.000 53.000 53.000 31.000 33.000 24.000 29.000 34.000 48.000 36.000 32.000 35.000 39.000 25.000 28.000 21.000 33.000 0.000 26.000 14.000 36.000 25.000 45.000 25.000 36.000 51.000 47.000
VBdist TRBV6-29*01 59.000 59.000 59.000 59.000 53.000 53.000 52.000 48.000 55.000 66.000 56.000 56.000 56.000 56.000 56.000 54.000 44.000 46.000 30.000 43.000 41.000 65.000 47.000 58.000 50.000 56.000 51.000 51.000 52.000 51.000 52.000 51.000 52.000 51.000 56.000 52.000 51.000 60.000 51.000 52.000 51.000 52.000 54.000 56.000 51.000 56.000 51.000 51.000 31.000 28.000 6.000 17.000 12.000 38.000 39.000 20.000 17.000 36.000 13.000 19.000 15.000 36.000 26.000 0.000 24.000 32.000 21.000 37.000 13.000 26.000 56.000 52.000
VBdist TRBV6-3*01 63.000 60.000 52.000 56.000 53.000 46.000 55.000 53.000 52.000 63.000 56.000 56.000 56.000 56.000 56.000 52.000 46.000 48.000 31.000 42.000 44.000 63.000 51.000 60.000 44.000 56.000 55.000 54.000 51.000 55.000 55.000 54.000 55.000 54.000 55.000 55.000 54.000 63.000 55.000 55.000 53.000 55.000 57.000 59.000 55.000 56.000 55.000 54.000 33.000 31.000 22.000 27.000 32.000 46.000 34.000 30.000 33.000 37.000 23.000 25.000 19.000 31.000 14.000 24.000 0.000 34.000 23.000 43.000 23.000 34.000 55.000 51.000
VBdist TRBV6-30*01 59.000 55.000 53.000 56.000 53.000 46.000 56.000 49.000 57.000 56.000 56.000 60.000 60.000 56.000 55.000 60.000 48.000 53.000 39.000 40.000 44.000 60.000 43.000 63.000 44.000 54.000 51.000 47.000 52.000 52.000 52.000 49.000 52.000 47.000 52.000 56.000 51.000 58.000 51.000 54.000 50.000 52.000 52.000 60.000 51.000 56.000 55.000 50.000 34.000 33.000 30.000 31.000 36.000 38.000 37.000 38.000 30.000 33.000 31.000 37.000 35.000 34.000 36.000 32.000 34.000 0.000 19.000 31.000 31.000 33.000 55.000 57.000
VBdist TRBV6-4*01 63.000 55.000 53.000 57.000 53.000 48.000 56.000 49.000 59.000 66.000 60.000 60.000 60.000 60.000 59.000 56.000 49.000 54.000 32.000 33.000 48.000 66.000 46.000 59.000 52.000 56.000 51.000 51.000 52.000 56.000 52.000 55.000 52.000 51.000 52.000 56.000 51.000 60.000 51.000 56.000 51.000 52.000 54.000 60.000 55.000 56.000 55.000 51.000 22.000 18.000 15.000 16.000 21.000 30.000 26.000 19.000 18.000 29.000 12.000 18.000 16.000 26.000 25.000 21.000 23.000 19.000 0.000 27.000 12.000 14.000 55.000 55.000
VBdist TRBV6-5*01 60.000 58.000 54.000 58.000 60.000 57.000 56.000 54.000 59.000 62.000 56.000 60.000 56.000 62.000 64.000 59.000 42.000 56.000 49.000 49.000 52.000 61.000 58.000 59.000 58.000 64.000 59.000 59.000 60.000 52.000 60.000 51.000 60.000 59.000 60.000 56.000 59.000 60.000 59.000 56.000 59.000 60.000 57.000 56.000 59.000 64.000 55.000 59.000 29.000 27.000 31.000 28.000 26.000 7.000 38.000 31.000 30.000 37.000 32.000 36.000 36.000 31.000 45.000 37.000 43.000 31.000 27.000 0.000 28.000 35.000 63.000 63.000
VBdist TRBV6-6*01 63.000 59.000 59.000 59.000 53.000 53.000 48.000 50.000 51.000 67.000 52.000 52.000 52.000 54.000 56.000 48.000 42.000 42.000 25.000 38.000 45.000 66.000 47.000 60.000 50.000 56.000 51.000 51.000 52.000 48.000 52.000 47.000 52.000 51.000 56.000 48.000 51.000 60.000 51.000 48.000 51.000 52.000 54.000 52.000 55.000 56.000 47.000 51.000 22.000 19.000 7.000 4.000 10.000 31.000 30.000 7.000 14.000 33.000 4.000 8.000 10.000 31.000 25.000 13.000 23.000 31.000 12.000 28.000 0.000 17.000 56.000 52.000
VBdist TRBV6-9*01 64.000 53.000 54.000 54.000 51.000 51.000 52.000 47.000 55.000 62.000 55.000 56.000 55.000 56.000 55.000 52.000 46.000 54.000 33.000 36.000 46.000 62.000 46.000 55.000 46.000 56.000 51.000 51.000 56.000 56.000 52.000 54.000 52.000 51.000 56.000 56.000 51.000 60.000 51.000 56.000 51.000 52.000 54.000 60.000 54.000 56.000 55.000 51.000 25.000 22.000 20.000 21.000 22.000 30.000 23.000 10.000 17.000 26.000 17.000 23.000 19.000 30.000 36.000 26.000 34.000 33.000 14.000 35.000 17.000 0.000 52.000 52.000
VBdist TRBV7-1*01 63.000 40.000 40.000 41.000 37.000 43.000 33.000 48.000 36.000 60.000 37.000 41.000 39.000 34.000 40.000 37.000 52.000 53.000 53.000 57.000 55.000 56.000 40.000 59.000 44.000 43.000 40.000 40.000 43.000 46.000 43.000 42.000 41.000 40.000 47.000 46.000 37.000 57.000 37.000 43.000 40.000 38.000 44.000 50.000 41.000 42.000 42.000 36.000 57.000 55.000 56.000 56.000 56.000 59.000 51.000 52.000 51.000 47.000 56.000 56.000 56.000 55.000 51.000 56.000 55.000 55.000 55.000 63.000 56.000 52.000 0.000 20.000
VBdist TRBV7-2*01 64.000 42.000 45.000 46.000 43.000 43.000 41.000 52.000 36.000 61.000 41.000 47.000 42.000 41.000 43.000 43.000 53.000 50.000 50.000 50.000 55.000 59.000 41.000 58.000 41.000 49.000 49.000 49.000 49.000 50.000 51.000 48.000 50.000 49.000 53.000 50.000 49.000 56.000 47.000 45.000 51.000 50.000 50.000 54.000 50.000 50.000 49.000 47.000 53.000 51.000 52.000 52.000 52.000 59.000 55.000 48.000 51.000 51.000 52.000 52.000 52.000 55.000 47.000 52.000 51.000 57.000 55.000 63.000 52.000 52.000 20.000 0.000
